{"type":"FeatureCollection","features":[{"type":"Feature","properties":{"kod":70327,"ime":"BOR"},"geometry":{"type":"Polygon","coordinates":[[[22.077172259802,44.28875950502154],[22.089818686631794,44.288795567618116],[22.095770711875943,44.28173423793204],[22.106817936859287,44.280371868074226],[22.11954868152896,44.27495398621425],[22.118363003922454,44.27305040976134],[22.127752577347966,44.273495230161764],[22.132029236121557,44.264418842374575],[22.144665694606566,44.259397642846324],[22.14849360843141,44.25350187754123],[22.157201732012734,44.2570430323325],[22.158763376192066,44.25270915903973],[22.17644743998775,44.251540749920004],[22.194534937210857,44.26099316330066],[22.2070819061466,44.25302289075539],[22.208838390373675,44.2470536871448],[22.214975124890923,44.24274039290186],[22.215816385076913,44.234646339567796],[22.222171267607973,44.22633911549611],[22.217159317517808,44.22055278619037],[22.22214116984848,44.20630120096144],[22.238101070472396,44.1980254417378],[22.23558336704761,44.19083210509534],[22.23759490528133,44.18860649013229],[22.23305099969554,44.18735329772136],[22.232678824614155,44.1805239752141],[22.2264229334585,44.175560339480484],[22.230981541670573,44.16583974940866],[22.223176753780383,44.16190740213676],[22.221334355724604,44.15101437344059],[22.2095140023842,44.153420413785675],[22.200732560801214,44.14837410390283],[22.20206715774295,44.137792427021225],[22.211591434402315,44.12610267006541],[22.216121311160702,44.12575049719663],[22.21685632759642,44.11859431180241],[22.224457610941403,44.111591948043646],[22.22044296605922,44.10906489515965],[22.224129241300066,44.09797136835761],[22.227541280537977,44.097309519822716],[22.22453633106822,44.09494552941616],[22.22917710463415,44.088885496128064],[22.233696623039116,44.09003006617937],[22.2274660591577,44.0872085403026],[22.22700951994407,44.08293370012887],[22.233391038778777,44.07976802951872],[22.238232773223128,44.070430623937256],[22.245003574819407,44.06986781309493],[22.248328577297585,44.06513071669971],[22.24083425623758,44.05442335321697],[22.244088393647118,44.047333442210004],[22.2428785110278,44.03959146540451],[22.237663343430686,44.03547111796012],[22.237557356051784,44.030099269273514],[22.220224045891907,44.027365206240574],[22.217912741301294,44.01635220290956],[22.195239313662384,44.004467972989325],[22.189728661671197,43.994351476113984],[22.185206218285973,43.99454574117206],[22.188967805612226,43.98808242591586],[22.184746449016064,43.96814738108744],[22.17975650293144,43.96876944767161],[22.180014633351586,43.965208427126356],[22.16763580101184,43.95738825822611],[22.17071723821099,43.95347510450373],[22.170777306168933,43.94496998287872],[22.173927084760006,43.94310419250754],[22.167087073175487,43.937151953497604],[22.165859347010795,43.92446303527121],[22.13943146634096,43.92068254983754],[22.135070357920547,43.90974682734093],[22.129776586576256,43.90556817176598],[22.120918984670492,43.904657956933065],[22.118784545753392,43.898859846408634],[22.113430031823327,43.8960866365024],[22.108956154368222,43.90496160793606],[22.08418984368326,43.91380946934758],[22.0821215359196,43.91716372317036],[22.06948729837285,43.91638559508278],[22.064853060326175,43.921077683069704],[22.064537458970047,43.93676654855861],[22.055654257197567,43.94796099047174],[22.05897230492671,43.955896183267285],[22.045271774172434,43.96389687458569],[22.046279935581897,43.97023591484832],[22.05401919343417,43.97110065637088],[22.047510987484397,43.9798685434691],[22.043165501508575,43.98006021765236],[22.045392868489763,43.976454993570144],[22.0416443312729,43.973577416866625],[22.03445406177763,43.97431452350462],[22.02757033296616,43.979380024277205],[22.026122082649778,43.9695674216387],[22.018526624855564,43.969952116526414],[22.0085314149607,43.9575939096547],[21.99753479434186,43.95844691357504],[21.993019102683146,43.96343004885627],[21.97834899622207,43.96334185262172],[21.961247941548464,43.97275934473952],[21.95741992238339,43.97045578374582],[21.936747644565806,43.97926159481666],[21.92652323790692,43.9895847818426],[21.915397130741404,43.993557763523754],[21.91495993641903,44.002102781048144],[21.90812548048462,44.00869688861268],[21.89339015517222,44.01436028293398],[21.889494065957855,44.01267231060069],[21.878616322417656,44.01616035517875],[21.84463773970947,44.00798443228239],[21.837484765680685,44.014440544622026],[21.827777881450054,44.01230330349381],[21.819562341694024,44.01710466013406],[21.80785999229628,44.0130573900285],[21.807917067284645,44.01032330855331],[21.79358799333643,44.0232777959994],[21.779673480613987,44.02567964701365],[21.782861918372276,44.03010618612727],[21.797860949700787,44.03619586715564],[21.798967689356544,44.05809395381503],[21.815348722634806,44.06231385221239],[21.822506809572946,44.071763551979615],[21.817717423356854,44.07709307983286],[21.83244602564524,44.09042861538931],[21.845868650689166,44.095455918513075],[21.86916930272058,44.09205291464967],[21.885157135683414,44.10834323630913],[21.90283893480674,44.11883038609203],[21.91481608582939,44.1216564476911],[21.950339347840384,44.1220663574189],[21.956510885695412,44.12929742542877],[21.96386085864937,44.12960959798316],[21.966584716317815,44.139371504795214],[21.955887790488315,44.14727436458584],[21.94981194165437,44.165528207375814],[21.961628790190503,44.16542006885284],[21.966551196036832,44.178029311790205],[21.964329432710958,44.184362291671626],[21.968474312504227,44.20213832790922],[21.979619580123693,44.201691780809625],[21.98112122512333,44.2065438960927],[21.98569927773738,44.20806307374707],[21.999220540047148,44.20139531572657],[22.01490967844956,44.203002389357266],[22.013405620058457,44.21408861203322],[22.025104393779852,44.22825413237431],[22.0271647802357,44.245664265994805],[22.017637259730343,44.258238119154186],[22.013999390981517,44.28395890800345],[22.03290606103289,44.285941122815544],[22.042997446318562,44.282461461289046],[22.042399899986297,44.27973113634532],[22.057611858691605,44.27809630786781],[22.077372929671768,44.28332342322013],[22.07985665807482,44.28576767379994],[22.077172259802,44.28875950502154]]]}},{"type":"Feature","properties":{"kod":70360,"ime":"VALJEVO"},"geometry":{"type":"Polygon","coordinates":[[[19.700285256899335,44.460375438068205],[19.711553690007,44.45837106798492],[19.718531997589995,44.44616618728584],[19.72737441020294,44.44161547383483],[19.73796103392369,44.43917647230032],[19.752548963652497,44.44125525317905],[19.75987211737113,44.4362439800859],[19.78304378214557,44.43618868455342],[19.78811875796224,44.430276010663476],[19.794019183221714,44.40797640414693],[19.819193501017185,44.41008669423381],[19.84433001784576,44.40685225047922],[19.85314945499304,44.40997459310029],[19.85880047761818,44.4053267708754],[19.857672781424046,44.41089239096209],[19.862592763620565,44.42199865343747],[19.85751842808113,44.42856124210011],[19.860097500894344,44.43247584662316],[19.874279306192516,44.42270728442237],[19.875469750541512,44.41525834678306],[19.895229745447786,44.404304250589675],[19.888807034562767,44.39980687843924],[19.895495430819423,44.3950128091356],[19.894787484378192,44.390305632755975],[19.90120252851732,44.37703261986632],[19.90735051759924,44.37597780101125],[19.91361630594753,44.391985543847184],[19.92447377380654,44.387685116981764],[19.920570660566188,44.38299830504614],[19.924231231101622,44.38163651528231],[19.92248379227765,44.37801477695312],[19.93005458862381,44.37344049884663],[19.9548130926123,44.37473014619978],[19.961989296934533,44.372184467297295],[19.967870827523797,44.38116399287174],[19.971037002177177,44.37246710834397],[19.976388288132544,44.37487979383062],[19.98224898519627,44.37286382969829],[19.98132228136825,44.377133897475],[19.988915219333737,44.37933319288218],[19.993120040555564,44.37374286301328],[20.004114939248126,44.37268678075033],[20.003340626796152,44.36569350583821],[20.007901510757478,44.35746626916162],[20.02118006559638,44.353489963079234],[20.01651484791292,44.3511487265318],[20.02075130525705,44.34860147054778],[20.029309043318577,44.35470270350704],[20.04246823798216,44.35140828205499],[20.043590497988856,44.355112947143816],[20.055521741031168,44.35585052004135],[20.05470730904028,44.342639551849565],[20.070154169400794,44.3315757852907],[20.075376885820063,44.32201181755854],[20.080848135058588,44.32072950521756],[20.079614097450342,44.31615525255944],[20.08488768455954,44.30936159461699],[20.086975497264373,44.2981809274651],[20.065032716854613,44.30017120005917],[20.065997990117697,44.30223498862319],[20.05757017870335,44.298709549150125],[20.04340370019759,44.28534542616108],[20.03393152541077,44.284098446533356],[20.026694214896928,44.288860780394536],[20.006013024669528,44.291679123255626],[19.986743586245634,44.281289900509115],[19.988046318861397,44.27750639159668],[19.992814147847206,44.279811131674855],[19.99102333302404,44.27664501524978],[20.006996311965242,44.26468245644434],[20.001973822687233,44.2626269212234],[20.00387306568109,44.25975737143916],[20.000658935537118,44.25614590212355],[20.005255022213884,44.251670604627485],[20.003851670209265,44.245076883633445],[19.999750208727534,44.243243590717206],[20.00023280877367,44.23814891286941],[19.992344126601473,44.23184473851228],[19.99362380548086,44.229855279099766],[19.98696364407149,44.230227898917285],[19.986538757935637,44.2263809064937],[19.976690032067513,44.23147562014201],[19.955869669720833,44.21823816970588],[19.96042807530109,44.215845932380205],[19.95688732961069,44.211104184219415],[19.960571253308693,44.20915758630422],[19.953210741301902,44.207228351200364],[19.954978994994356,44.2036232195101],[19.946539993492557,44.19098687490739],[19.946121589879866,44.18482310279705],[19.937108844300376,44.17395906920547],[19.939210117023933,44.16545322635079],[19.94684452669948,44.16116251324409],[19.94202852203559,44.149845510703834],[19.946919800586514,44.14908862205521],[19.952107815209185,44.140786469962016],[19.96055049729529,44.136971338744345],[19.962199929302187,44.13124806697204],[19.984578212163168,44.1439930158402],[20.014028305855227,44.1399580648703],[20.01681403728376,44.13276088694796],[20.01432491596912,44.12963872424881],[20.020625908631665,44.126932986849475],[20.018879634898926,44.123590581395064],[20.0227042215706,44.119065072016525],[20.009652176772914,44.11675671757125],[20.004502738445236,44.10825297540981],[20.006577220002427,44.099536684356345],[19.997342486956484,44.09582648038779],[19.983898487510444,44.099119181931776],[19.958210004720858,44.09900472787769],[19.960002051721876,44.104468655858334],[19.94703430691725,44.10795422751501],[19.94594202424881,44.112375976642795],[19.933246144757288,44.111334404261235],[19.924075178652412,44.116166724359495],[19.927649599863766,44.11923116584732],[19.924078274482355,44.11835545900471],[19.923914074622427,44.124258339159155],[19.920675050936165,44.12500584363381],[19.93042278200218,44.12892096258621],[19.9250298065087,44.13197263393861],[19.93249927298622,44.13570990108778],[19.930234299402834,44.141851867445894],[19.91793087855393,44.14896755902035],[19.907136406974036,44.1490328383516],[19.884298522621886,44.155802960954816],[19.884095759650794,44.15201760069652],[19.873871463768936,44.14377943182896],[19.875228171326448,44.1377809849128],[19.867425297374638,44.134928822097145],[19.860403134554748,44.136865414840756],[19.85907546933301,44.12812130220625],[19.854255827704936,44.124677258146114],[19.84937513296589,44.13001424859003],[19.829871460997044,44.132354665190775],[19.811368979560687,44.14176945154847],[19.79189822648142,44.13663416944129],[19.794274921018705,44.13239320843716],[19.801592227474796,44.133093457741],[19.815669052707925,44.12641401318986],[19.81881652989558,44.122868600451135],[19.813920430419547,44.1173824809141],[19.82172015603706,44.11625834923723],[19.828138161703055,44.10980615739513],[19.826659059620063,44.10598167357657],[19.833062663072628,44.09629315321739],[19.82788361926326,44.090384068981365],[19.83051727230677,44.085765566913125],[19.826972276587686,44.074650050134224],[19.818451818994102,44.069216370037296],[19.800003439060216,44.075960718614354],[19.802779801568906,44.07682767298534],[19.796292427712743,44.08414673387659],[19.79715577831471,44.090692261368986],[19.789850630807305,44.09382819277311],[19.79393403601177,44.0958156467927],[19.781115046835957,44.10242787182684],[19.783271923746504,44.11047005621425],[19.7772323168473,44.1162036198879],[19.765949158897985,44.1202402884544],[19.760137354993557,44.1261576320875],[19.764223655919313,44.127588863149036],[19.759971327197796,44.130499450688525],[19.754319424310555,44.130489343983314],[19.75489465777482,44.127441949592004],[19.752050391891697,44.130212895667626],[19.73966350293993,44.13057056150971],[19.737307016966852,44.132531609803834],[19.73914314606146,44.13815135824151],[19.729326468803126,44.14346653329155],[19.720051672647873,44.142135201565125],[19.72077182197839,44.139518282116605],[19.698461115780574,44.14732304682181],[19.693774793290817,44.14643304262011],[19.68782134503175,44.15592747608907],[19.669199877761447,44.15677252574031],[19.666358287277333,44.16284911544849],[19.650233990138656,44.169068088169944],[19.63410676296256,44.16895998258619],[19.625616438765235,44.173384080934575],[19.621033795131513,44.180404239239664],[19.60074180366732,44.190132914022755],[19.59302816783755,44.209253938181156],[19.602249079186862,44.211866788769946],[19.606197249183605,44.22558588483267],[19.620149797368004,44.230735238811604],[19.6222539082366,44.23986557736028],[19.625675274104236,44.24160478355491],[19.618295267150618,44.26398779557313],[19.601308848747024,44.27523482406902],[19.61614847106797,44.280862788739164],[19.630481392152042,44.27949387012314],[19.635210393619733,44.28492245629793],[19.63234433776512,44.29048559593944],[19.640194397896614,44.29800018324431],[19.640258461403512,44.30488082060106],[19.649641893429113,44.30621151225251],[19.659179990839004,44.301116557119336],[19.669592697999626,44.30149450156735],[19.67679886797261,44.30417729984684],[19.68224616880153,44.311544721165845],[19.69100675933455,44.310300401919314],[19.693565806326177,44.31408888902836],[19.691665442357877,44.31838557646618],[19.658147214520298,44.333053932899674],[19.665362912926515,44.33528616728765],[19.659005697933864,44.338882953462935],[19.661879587262405,44.34398906011542],[19.666583035939183,44.34445183855593],[19.665247827317632,44.35083292818499],[19.67561024388777,44.348494291377975],[19.68496283535198,44.358190489975534],[19.686026004083857,44.36642497163985],[19.683136854092545,44.37158546808245],[19.68743911526216,44.385068871997746],[19.681532019674915,44.39254828829218],[19.679007848585513,44.40262110167755],[19.685074144428015,44.40716733934304],[19.67919816783149,44.42011269189517],[19.659415607090676,44.43218028152525],[19.6646979226612,44.437140686309924],[19.65993441198453,44.44424309906641],[19.64727440937326,44.44489263056994],[19.680566813626463,44.456943398936296],[19.69709843722463,44.45582711449453],[19.700285256899335,44.460375438068205]]]}},{"type":"Feature","properties":{"kod":70556,"ime":"ZAJEČAR"},"geometry":{"type":"Polygon","coordinates":[[[22.237184179513502,44.18817501967662],[22.256262046360266,44.17554076194614],[22.26304149691982,44.16641385755309],[22.270960057963947,44.16740331707321],[22.2757462900167,44.157695974305135],[22.295005336319548,44.15941610876948],[22.34463160172712,44.147369670866624],[22.34832673895224,44.14877464877995],[22.345022731200732,44.14862917248668],[22.34765897686806,44.15612107505418],[22.351446541939925,44.15252186652682],[22.354338976982476,44.15688903812447],[22.363234750378094,44.157252236797675],[22.360974168524013,44.16226613469938],[22.364055304786948,44.16299094607528],[22.37984774286429,44.16193896340806],[22.382036397262496,44.164545400700575],[22.39252886231975,44.15964037998336],[22.398094123072635,44.159477347583],[22.398396986224554,44.1618612094457],[22.412001026032343,44.15808200645211],[22.41108917643939,44.15155888327852],[22.418053651019697,44.15295667575026],[22.43105991230444,44.145140272421756],[22.428649359974706,44.13579991592991],[22.44411181432251,44.13015549068202],[22.446735060072765,44.131829168014626],[22.447395639086665,44.129077744023014],[22.47662373442381,44.12731180485947],[22.47637616993124,44.11924066572279],[22.486705647311613,44.10151382278197],[22.493375701501506,44.0986847104472],[22.486633560211388,44.089233925068484],[22.478784019855183,44.09638324466655],[22.474668578367535,44.096315657327104],[22.47615539868682,44.08518952788884],[22.471276822845937,44.08067994717328],[22.45241759897693,44.07929440257385],[22.454452021065574,44.072992369410024],[22.460596241071894,44.0702603153789],[22.456507331222134,44.065396234475934],[22.4553136997116,44.05282016340622],[22.460228903716523,44.04864033216021],[22.46960846004958,44.047688730942944],[22.46787228048844,44.03500587989049],[22.464221096192077,44.03182671275157],[22.481440637037668,44.029875301210375],[22.488679679319734,44.03784094859808],[22.48814199318006,44.046598862652246],[22.491199100653073,44.0496953144537],[22.523084220521856,44.04304020384862],[22.536277166444968,44.045451752417854],[22.54194624838258,44.042117581114525],[22.537901484097056,44.03818776986912],[22.54347041489344,44.033652453906896],[22.538761035311072,44.02581922689726],[22.532606226081835,44.02507805513582],[22.527347841749023,44.019727119290685],[22.484616572806402,44.02036851995935],[22.46783641335271,44.01504499230783],[22.442243746311465,44.01659097653041],[22.44119884922247,44.010223248927254],[22.409466446173777,44.004226420097616],[22.41198328088929,43.99982511334703],[22.40912022620065,43.997241066438335],[22.417235723289444,43.99236902585544],[22.408663927304925,43.98709777640694],[22.408131090930805,43.98160876288494],[22.4122198047444,43.97984825895007],[22.413201544958152,43.972165385057615],[22.41142287160571,43.954762121148036],[22.40617470334188,43.94792987379106],[22.408788584500535,43.93972393434173],[22.38835977086401,43.926724242720326],[22.394574149786187,43.909087783959386],[22.389648915611986,43.8956380517781],[22.38867228868849,43.878889618667394],[22.37956480231427,43.84752806405086],[22.365989777725666,43.825371122947075],[22.360608286833227,43.8232379887552],[22.357124180297948,43.8094751755703],[22.384036464521408,43.767859502288225],[22.395368801884675,43.7592727783376],[22.40269625349018,43.75891305619835],[22.398494871273666,43.75051713208458],[22.399953410809445,43.73796523125826],[22.39397968501571,43.72992498262421],[22.402082635245876,43.72339773002254],[22.40456871170071,43.716956763210405],[22.407834580832517,43.695978933859344],[22.40566320871425,43.6944623480665],[22.385843190175127,43.692115779080424],[22.373429434646873,43.696588519661695],[22.359146106000345,43.687856184457765],[22.355862582088427,43.69007872833067],[22.356683206009443,43.69547453627506],[22.350304412975483,43.692999770513936],[22.343583065071442,43.69511558527401],[22.346315940488957,43.691757145298396],[22.3375725848523,43.693037628492306],[22.337001394254685,43.68727706615515],[22.33251501857727,43.689161042597725],[22.3283659994069,43.68627692556382],[22.324376966174853,43.68739670172791],[22.32691201573145,43.68867845630828],[22.32541950620556,43.691256698867534],[22.315655170545234,43.69429018036977],[22.312890270471975,43.691061639717894],[22.30544334365692,43.69205549087362],[22.294568515266857,43.696393289366505],[22.29646780955064,43.699332628706124],[22.293704628861136,43.69986342975558],[22.287740931868566,43.700402815269705],[22.28643055908688,43.69673374224473],[22.277222201546856,43.70052068211437],[22.263105327259304,43.7000149502957],[22.24658178398842,43.704301005535605],[22.231475432709825,43.698498002302536],[22.21410908367646,43.6989971907078],[22.211897596472827,43.70302313156057],[22.20727469368318,43.701975258809654],[22.201952226329507,43.70562052236045],[22.205239453664248,43.708083512917334],[22.205233589716375,43.714432251879714],[22.202744080054792,43.71146015571435],[22.186825395531365,43.714342672906646],[22.184435417506545,43.71981638866209],[22.167843928833644,43.730037304128444],[22.15027595508764,43.73224296539366],[22.147661520128004,43.72923980329836],[22.152316330110303,43.718303627177754],[22.128552139052935,43.71195942956988],[22.102682940186263,43.71100830192122],[22.094510937825877,43.71455492397385],[22.088526391219485,43.709977803971874],[22.070152591763993,43.7129661234231],[22.0630155423976,43.721366646797556],[22.053244116530045,43.72578070899035],[22.0569862390009,43.73302846907543],[22.057045805322847,43.74468419430782],[22.063602473793036,43.7506320854615],[22.060948044702066,43.75650849390193],[22.063591203030853,43.762355721481626],[22.086873833502775,43.76745833449082],[22.097633277824563,43.78069734215785],[22.11133205078361,43.7810514754981],[22.10721346311962,43.78286687537607],[22.11288297153395,43.789995770995944],[22.110419758692842,43.79447502879604],[22.122387288095457,43.80193996609169],[22.121460638063905,43.80720656315076],[22.124306245827743,43.808633212487166],[22.116444479512925,43.81240976016629],[22.1197989212619,43.8147459217743],[22.118815026427658,43.82472755663207],[22.113312454020402,43.82837957869939],[22.095331477688116,43.83085190731555],[22.084973676665363,43.836635544726725],[22.066909393372686,43.83779927531385],[22.074536434415766,43.840477978782914],[22.073210414617765,43.846764570171395],[22.08057098328391,43.85520419230779],[22.096609468487873,43.8583804319415],[22.117416484232972,43.87400634080309],[22.12895877247742,43.87308366047663],[22.128543386108873,43.87845817895718],[22.132728389563262,43.88329315895088],[22.13078368629533,43.893116444316576],[22.12648045702923,43.895024837435024],[22.126684848523837,43.903942642684456],[22.135864470401074,43.91056181541572],[22.13798830747331,43.91363734528772],[22.13532757625806,43.91542327142032],[22.13943146634096,43.92068254983754],[22.165859347010795,43.92446303527121],[22.167087073175487,43.937151953497604],[22.173927084760006,43.94310419250754],[22.170777306168933,43.94496998287872],[22.17071723821099,43.95347510450373],[22.16763580101184,43.95738825822611],[22.180014633351586,43.965208427126356],[22.17975650293144,43.96876944767161],[22.184746449016064,43.96814738108744],[22.188967805612226,43.98808242591586],[22.185206218285973,43.99454574117206],[22.189728661671197,43.994351476113984],[22.195239313662384,44.004467972989325],[22.217912741301294,44.01635220290956],[22.220224045891907,44.027365206240574],[22.237557356051784,44.030099269273514],[22.237663343430686,44.03547111796012],[22.2428785110278,44.03959146540451],[22.244088393647118,44.047333442210004],[22.24083425623758,44.05442335321697],[22.248328577297585,44.06513071669971],[22.245003574819407,44.06986781309493],[22.238232773223128,44.070430623937256],[22.233391038778777,44.07976802951872],[22.22700951994407,44.08293370012887],[22.2274660591577,44.0872085403026],[22.233696623039116,44.09003006617937],[22.22917710463415,44.088885496128064],[22.22453633106822,44.09494552941616],[22.227541280537977,44.097309519822716],[22.224129241300066,44.09797136835761],[22.22044296605922,44.10906489515965],[22.224457610941403,44.111591948043646],[22.21685632759642,44.11859431180241],[22.216121311160702,44.12575049719663],[22.211591434402315,44.12610267006541],[22.20206715774295,44.137792427021225],[22.200732560801214,44.14837410390283],[22.2095140023842,44.153420413785675],[22.221078767485537,44.15073224174797],[22.223176753780383,44.16190740213676],[22.230981541670573,44.16583974940866],[22.2264229334585,44.175560339480484],[22.232678824614155,44.1805239752141],[22.23305099969554,44.18735329772136],[22.237184179513502,44.18817501967662]]]}},{"type":"Feature","properties":{"kod":70645,"ime":"KRAGUJEVAC"},"geometry":{"type":"Polygon","coordinates":[[[20.647685798253853,44.18664743592926],[20.669307701599195,44.183829195726666],[20.686272333142558,44.18677243521729],[20.692380464890736,44.17858712095379],[20.70484124654408,44.17968952709067],[20.707294558273663,44.17305372819719],[20.71331140681035,44.17446813117693],[20.71920935815754,44.16888669037431],[20.729420515794665,44.1694512601858],[20.735539834827012,44.16068195208323],[20.73924305293185,44.16751905937384],[20.776296125232946,44.16937026598512],[20.78231541171457,44.167521523663694],[20.779972207592238,44.16356825437798],[20.784403919298004,44.16533430868218],[20.783255858786276,44.169090536627095],[20.78696224304402,44.16935049307085],[20.808865039951947,44.1652770372963],[20.810406022842564,44.16152617363659],[20.81371863187334,44.163799158436284],[20.813779253474085,44.161069643430686],[20.830729118408943,44.16622360940533],[20.83857772210875,44.163358134887076],[20.836890146058433,44.176902909705525],[20.842897479259122,44.17508367568498],[20.850239029798505,44.177534826234336],[20.850240302333518,44.17509297999506],[20.861443050617257,44.17415868604615],[20.86233875247995,44.171838212624884],[20.869194667131833,44.17390057424969],[20.869119085243106,44.17781714698746],[20.87428653526321,44.177408498258615],[20.880932536019625,44.18448303929494],[20.88575879146818,44.18013578442403],[20.880019251586734,44.1771430884591],[20.88293359665374,44.171991861046536],[20.872960499494024,44.174318212840795],[20.876732191117117,44.166236965495045],[20.880671330341205,44.16537839643909],[20.87437107421528,44.16083852314516],[20.879536762956224,44.15664155234369],[20.868981340462447,44.147761269860226],[20.868449573113445,44.14145386457132],[20.865132593810326,44.14189076905571],[20.86401813175223,44.1382917856984],[20.86831993217347,44.12894533736755],[20.872242356533103,44.13014090378397],[20.885137884005,44.12498369002241],[20.880886672803637,44.1215928555116],[20.888065928701817,44.11388508103414],[20.896405952403438,44.1153501830892],[20.905994621919284,44.12494298389079],[20.911724283185233,44.12488913759209],[20.919368671440555,44.13404076034076],[20.916257566359967,44.13561938764676],[20.918571628376327,44.13773408291398],[20.923794990324193,44.135786950984944],[20.9220548939307,44.13764601229091],[20.926422775443186,44.13793991047714],[20.93563541295107,44.13319762138838],[20.952330888124813,44.13528153917954],[20.95870820357185,44.13193351574739],[20.95783058763356,44.124784145664556],[20.978208448382198,44.116718295390406],[20.976202799802802,44.1156291365304],[20.98160701280442,44.11084172828304],[20.980856353804505,44.10602409695287],[20.98596234643634,44.10651387021742],[20.98365716089568,44.10336386276119],[20.988845434529534,44.09721743562923],[20.991219155063106,44.10085527377741],[20.993026204399914,44.096961666845765],[20.99784963648111,44.09657061137836],[20.99168329579879,44.095054765718984],[20.993323429586678,44.092106908905905],[20.99246173344702,44.09134521656734],[20.988604385397018,44.09546203085645],[20.96664193957399,44.08977182550714],[20.967476249430003,44.08570921749234],[20.975987615948796,44.08395124986204],[20.974540257839987,44.08192138230745],[20.988816050779903,44.08040999431384],[20.993053669061013,44.086463214990125],[20.9981353253233,44.08457719587643],[21.00098499995814,44.088134837535],[21.019173588537733,44.08808545295946],[21.018697138208168,44.08499146251549],[21.02395842867315,44.08566514736802],[21.028306138550153,44.08097741484896],[21.03160850794555,44.072047117701494],[21.047444914562963,44.071626571670095],[21.053807874464304,44.06853680099888],[21.05157020245563,44.06743916305852],[21.054481691408853,44.06499375563827],[21.07473217740849,44.068552459606074],[21.077115375489818,44.07232019356025],[21.079342557577895,44.06991050572301],[21.095328802384103,44.069764149651306],[21.098717930641158,44.06285373822127],[21.110686768739285,44.06139414017901],[21.10659890619266,44.05519908278157],[21.114803175950396,44.04663511974777],[21.114792487278564,44.04247957086107],[21.10566128574812,44.03164950389642],[21.105228411043143,44.02472651906334],[21.098025754916183,44.018840242028986],[21.097173491377216,44.01132589125133],[21.089248704902072,44.01075136432585],[21.073184403478347,44.01726590714136],[21.06910795968722,44.014935079056144],[21.072660940557366,44.01132434681256],[21.063216562781545,44.011035744438274],[21.068475675905077,44.00596615476076],[21.061088222482155,44.00698877937648],[21.061545774902193,44.001633722162836],[21.056046211917216,44.005109246892694],[21.047513225931414,44.00299530520663],[21.052889549059945,43.987525809090506],[21.065769614941296,43.97885695336774],[21.070292891892127,43.96798258069512],[21.07667319758594,43.96295027878327],[21.063801951632048,43.954149291475844],[21.05751465406557,43.95830332929791],[21.049652616938722,43.9568107638204],[21.055502040190806,43.95142850222662],[21.053300580423233,43.94250012924998],[21.05881636017479,43.93737090140222],[21.060506975051428,43.925870615198],[21.05687510317025,43.92347267493734],[21.041740504321343,43.92853452482836],[21.04263392274203,43.93124568486347],[21.035803245628923,43.926463045114346],[21.024900413263747,43.9260086612236],[21.020224486938467,43.92123913233067],[21.013624390857057,43.923033290486835],[21.015913417066166,43.917089432353784],[21.012475448407724,43.91510250789236],[21.014047765843884,43.91116660973832],[21.01132278669689,43.906818626455376],[21.017358624125375,43.902919490284695],[21.017221720315465,43.89534549198372],[21.032969508722342,43.890649142436814],[21.026278925630745,43.8865697211745],[21.02747883849481,43.87766576026372],[21.016059101850146,43.87919718738936],[21.012519349658646,43.87033454199619],[21.00424909078853,43.862313380523034],[20.974117465844433,43.85537952959308],[20.958188628341496,43.8431699243331],[20.957969753563194,43.83276675953261],[20.952540810252145,43.82771438060113],[20.921150675798863,43.83186840960505],[20.914315062723198,43.84501456374831],[20.905560546229083,43.852599414722285],[20.905468730488582,43.860656518434354],[20.909396534821298,43.867404837380995],[20.90612290711963,43.869485615707276],[20.90420717556881,43.88146433501349],[20.895986610490336,43.88574059803072],[20.886350961349187,43.87915403964067],[20.878356656401856,43.883627139569334],[20.875366621949638,43.89149905451027],[20.868219434048157,43.89511156435736],[20.866173576488823,43.90398034397211],[20.857410529236827,43.913196088161826],[20.852380986018936,43.91048446198976],[20.841900619485227,43.92163217055429],[20.84677374245541,43.92791145866692],[20.8434604494005,43.93070822194567],[20.835799915808863,43.93073945946317],[20.830103822192136,43.93494350788411],[20.829516929223722,43.92982426131995],[20.819966892033452,43.930075631791965],[20.81728491868201,43.93330812357477],[20.809764454418882,43.93297253592259],[20.808417597289942,43.937388049468616],[20.800986172567647,43.93840456604251],[20.79500882703807,43.944092370211074],[20.794020305930278,43.96015596541306],[20.796435861543486,43.96310701353944],[20.787822499428746,43.97509720597079],[20.78559640000855,43.98812759478219],[20.788903111299454,43.9879950675953],[20.788891524889376,43.99140193278898],[20.77472853847927,43.99476780539245],[20.77940088362858,44.00045298427689],[20.777976416619286,44.004333503870825],[20.782574900396376,44.00523951395683],[20.773113301750058,44.01840479936098],[20.74324724458264,44.02189517858832],[20.744924613263052,44.024096895056964],[20.73308574656359,44.01830248333906],[20.722802917526728,44.01926694958345],[20.72062528565556,44.01650864077271],[20.705715807381182,44.02311010402495],[20.710889033922395,44.02449626965456],[20.712059364416003,44.02902532273373],[20.71754139731387,44.02975822794573],[20.71586048766045,44.03236902326283],[20.719546377091635,44.032702652282126],[20.719175022137797,44.03619581761262],[20.738607576327386,44.041541036760016],[20.732678013536194,44.04634189003692],[20.732345794952433,44.05144769784352],[20.72860893563018,44.045885299335566],[20.714754827375074,44.05149683876105],[20.690744616987033,44.05468693475585],[20.679324142858178,44.067612944681315],[20.661219992812303,44.073768694971875],[20.66385485327765,44.07047669613776],[20.66299420625293,44.056214291886526],[20.65519489297496,44.05201355707678],[20.649768575336374,44.04364075275688],[20.642239822270092,44.05052279755824],[20.6392805961398,44.05881750055421],[20.626955065453636,44.06344601270066],[20.610871238493647,44.078319083572794],[20.595860541839077,44.08563936901369],[20.5814394353652,44.08656089451378],[20.569812694100584,44.09571260249682],[20.551986770105195,44.10361179136981],[20.550565389747423,44.10826181334377],[20.553947175674402,44.11417284327354],[20.551038382412507,44.12832667066384],[20.56295802435263,44.14031939237149],[20.56552960573355,44.14848156939626],[20.578365366270404,44.14663621881593],[20.59221962358082,44.15463418564178],[20.620635428335458,44.15689063884546],[20.634978159779433,44.17075362321441],[20.643262638657614,44.168259458672644],[20.642880094323115,44.17433748615918],[20.64014782477868,44.17552598243692],[20.649418700533623,44.18491047106337],[20.647685798253853,44.18664743592926]]]}},{"type":"Feature","properties":{"kod":70653,"ime":"KRALJEVO"},"geometry":{"type":"Polygon","coordinates":[[[20.63943800588618,43.88089576165306],[20.65740095829248,43.862735884779795],[20.679077254457866,43.855540160676256],[20.677335736624602,43.841405753343786],[20.69169366412037,43.82920268294409],[20.688790515056812,43.82412525939819],[20.70151880164626,43.817987310544574],[20.705721479474388,43.81078557533821],[20.71613298454233,43.80627560108623],[20.723733535632032,43.798383639388014],[20.735668505295337,43.79693096161808],[20.746140383925713,43.801106410350464],[20.767322821996274,43.80309440296487],[20.776395476023584,43.81033696014951],[20.78153750012389,43.81111353477597],[20.785325409420803,43.80782112471468],[20.788110846064445,43.81115470034613],[20.78459702006709,43.81646189724094],[20.788196110629148,43.826243658501355],[20.78223026054084,43.832804749649505],[20.776230014031906,43.83449388264431],[20.77449654751868,43.842012017966574],[20.770346812671228,43.84290732005796],[20.774594898541068,43.84518550324996],[20.77365374523504,43.849954656232626],[20.801923772857844,43.85604414849845],[20.82618116800005,43.857419899602014],[20.856666940790834,43.852323352742076],[20.852594803271554,43.859730630311034],[20.85403354402976,43.8641614346121],[20.862871578767987,43.86093379953873],[20.870476183716274,43.86641321287487],[20.875205941838534,43.86426164933754],[20.87465718739294,43.85906493717685],[20.886994309858963,43.852617342854096],[20.89722989918237,43.855623404426076],[20.906132180163343,43.85366511294127],[20.921150675798863,43.83186840960505],[20.924983320955178,43.83128824271078],[20.926136060453736,43.823514747764364],[20.923295920381285,43.82040747024089],[20.927064234494622,43.81523245552669],[20.926830041311256,43.807815285137046],[20.933417324061868,43.79895099141765],[20.9332204176775,43.790272381255086],[20.939916376792763,43.78433745145301],[20.935506394821815,43.77543973092899],[20.94788859769791,43.773094122842714],[20.96187473017444,43.76203108559899],[20.95960864061582,43.7566166587136],[20.953274822271986,43.755722336159806],[20.950309150507877,43.750836688400575],[20.93859897180458,43.75110592637038],[20.929153395636366,43.74462717137061],[20.934183735798086,43.74174232573155],[20.936098783994275,43.73533845729018],[20.934342572045754,43.731742550670134],[20.927703679644047,43.73188837069873],[20.929481147094858,43.72409967674296],[20.925768224688714,43.71173328294676],[20.93452789593657,43.70004857390376],[20.934283750191433,43.6959307258586],[20.907222101859116,43.683936423472154],[20.901639701550195,43.67533927072256],[20.901353088656315,43.66755646614541],[20.892726707281238,43.66644077595423],[20.891646578030507,43.66343616829522],[20.88649301924006,43.666324142473464],[20.895428541628014,43.67261262327362],[20.893878326572494,43.67533280338014],[20.88667665988063,43.67900165303868],[20.87613368162156,43.676943770222806],[20.869837630189807,43.68390922554266],[20.863580052356767,43.67298896277575],[20.858450244650967,43.67491954535686],[20.860937552694995,43.68191448776594],[20.854317428524205,43.67848684645302],[20.846004142251548,43.67942879480878],[20.843932298334792,43.6831870175585],[20.85769061784445,43.687011267324145],[20.857681822316245,43.69067358411938],[20.851789513639417,43.69405269580737],[20.839741310382163,43.69144573622396],[20.837108181259886,43.694380844929256],[20.839519481489752,43.699580008422956],[20.83757692535334,43.703098391005305],[20.821079627086764,43.70842067184154],[20.82312783157286,43.70363892418282],[20.805986674544386,43.697610670780975],[20.791188073537874,43.674709560772456],[20.772015798623382,43.666691228992136],[20.764285402658953,43.6574604583512],[20.767410170141503,43.65263867204275],[20.761501999619703,43.65075130531103],[20.760910344062268,43.64248043724432],[20.75047685307305,43.63567211122154],[20.750749476187686,43.62720833960454],[20.757998082623917,43.620723509857754],[20.756766037131726,43.615764130110904],[20.769125552680492,43.605766540464465],[20.768161929521078,43.59972787741467],[20.77790202247655,43.59192418497302],[20.77914970879452,43.58200259182287],[20.791730075560405,43.581777800055754],[20.792865992252334,43.575594380341585],[20.801664507843046,43.57271944690697],[20.8090254078458,43.563331734333396],[20.80556658857067,43.5571078254504],[20.79305939230292,43.55380890733147],[20.759885006805444,43.5622561515671],[20.754969627187048,43.558779892459135],[20.73870926841761,43.55833832030069],[20.735091068096985,43.552714179550115],[20.73504592579916,43.53479033764474],[20.77600010339147,43.52853562378586],[20.774068781992764,43.52624153877604],[20.781567540909673,43.521368877531316],[20.78292597772154,43.51268751233831],[20.792480446215794,43.50489818546732],[20.793933817656523,43.49509635595246],[20.799843824912852,43.49019758398144],[20.80048642897681,43.48122118910902],[20.805439719101404,43.47847462285381],[20.796363494060305,43.474139613880936],[20.798327724307725,43.455154304926616],[20.77776950205552,43.45379266332236],[20.76765827164272,43.45864426211677],[20.754274686482518,43.460001588547804],[20.752601801921315,43.45575295132698],[20.756234213221592,43.45480347738375],[20.752165511396807,43.451432870887906],[20.72761041329925,43.446723719138106],[20.71410041737939,43.43903216263041],[20.68289237113414,43.43893047957506],[20.677604282907936,43.436404690083336],[20.68299088610395,43.429339235812655],[20.681577075873587,43.42545685020671],[20.678989781105305,43.42600169870373],[20.681622847781917,43.420642427169184],[20.660324771027,43.421081420228106],[20.659539452627012,43.42585286875818],[20.652930140701102,43.42974925428285],[20.639000042305277,43.425656574411],[20.628334745946187,43.43023881192026],[20.625803235872105,43.42515941913573],[20.60580231638355,43.42330669320922],[20.59369617860649,43.41101927569135],[20.581320619741106,43.4072035161009],[20.57318306460597,43.400408664718015],[20.55820985319216,43.40070579345061],[20.555178532844224,43.40801882219314],[20.545633086862022,43.41540373996596],[20.53394845965693,43.418355675902056],[20.521755264073832,43.41416774373152],[20.51883258597448,43.40690956178473],[20.521384103355043,43.40047449195074],[20.50869659696007,43.4067570318821],[20.500918824178207,43.40203811829467],[20.48794871289383,43.4030119089866],[20.47485827379821,43.39007889740345],[20.458604260556868,43.388755289122464],[20.440400215247855,43.399664689820895],[20.429391752314935,43.39313797544733],[20.42312681360129,43.393742255720866],[20.414313451598172,43.40664194725251],[20.414419876514046,43.41192378633509],[20.426690897354582,43.41366732748583],[20.432898841015152,43.42041543274293],[20.423892863679498,43.420218907586126],[20.422565106362462,43.42657831316099],[20.41696133613765,43.43067029324643],[20.422056199863658,43.43370539007945],[20.42072363037842,43.44078462773915],[20.42427010960323,43.44362222688081],[20.422081559374877,43.45250427098161],[20.42934523689094,43.45830347744574],[20.430154956250053,43.46727080753213],[20.418008679129034,43.48065135639958],[20.40869004585424,43.4853772871163],[20.409940326669023,43.488577774753004],[20.407184492636393,43.48776671396037],[20.404889576935627,43.49642312761111],[20.39619639496262,43.501760727359326],[20.396459405071187,43.50792919263379],[20.389587427523317,43.51365068140874],[20.360068447301273,43.52444745949443],[20.353235136318457,43.536219223168985],[20.343672568031337,43.53709898113826],[20.344364666580674,43.543518911498936],[20.33344844693436,43.54509275356026],[20.338866041788318,43.550707603425984],[20.323884424783476,43.549948671331265],[20.332143344171612,43.556461528410935],[20.341002602259284,43.556604429920654],[20.348310178823176,43.56090163650145],[20.360210965531234,43.57230129708448],[20.373665741397062,43.574913653546886],[20.38167402892825,43.58901639402576],[20.392586715447734,43.592760581148276],[20.386225064100163,43.59554005403397],[20.388229411452002,43.60341734725456],[20.38603728659613,43.608936139963525],[20.39858867349499,43.62270144669311],[20.391627886484827,43.635379230284215],[20.377902547916968,43.64384246240812],[20.383096187232923,43.65290359167611],[20.412220836407105,43.67096080659561],[20.41987194784881,43.670682030871255],[20.419535074163864,43.6671795332433],[20.427909120397402,43.66215550247282],[20.439721442943664,43.66615479030193],[20.442425925950737,43.672527190538126],[20.445344438180754,43.671982786012045],[20.45089424094072,43.684361178095706],[20.44827660424079,43.69409567790314],[20.450332288152552,43.69638712260561],[20.442646001122473,43.701861305187705],[20.44668951076629,43.704586111537765],[20.447390874115204,43.710765833289095],[20.439774852227576,43.71623041001638],[20.439760282745674,43.721437911802475],[20.428032093568383,43.72236460390762],[20.427708900015745,43.728057808504175],[20.42316188189724,43.7304989081945],[20.428683305513385,43.7479251588417],[20.43898217052824,43.75419321524524],[20.45787195661541,43.752188818121255],[20.462047194355428,43.760316712274665],[20.50367980859029,43.75902229793903],[20.502818737654025,43.76323432254072],[20.5111266033654,43.77526018008257],[20.510259954535908,43.78504273771317],[20.520799134334,43.784256462097446],[20.529779276587217,43.79033228641217],[20.54762416517373,43.79358384151817],[20.54904072385234,43.79732004333459],[20.554107182070798,43.79845999527661],[20.554061908779914,43.806695086116754],[20.5649819008124,43.80430633358744],[20.568747320972427,43.80986378324538],[20.56470030549062,43.81224661369143],[20.581251826370202,43.82766676292139],[20.57630169004652,43.829281419349094],[20.580237258906244,43.83760161836753],[20.57337947732654,43.84023278247106],[20.57188047325027,43.840972625300395],[20.570529033460467,43.84216500110996],[20.570610861185237,43.84228807740244],[20.587506325223448,43.849615391198135],[20.60185552470305,43.86315213515436],[20.607528382180814,43.86417105560781],[20.61119018468856,43.870050017437194],[20.627490298611537,43.86841821608101],[20.630247433137455,43.87329714703025],[20.628045842831074,43.87576806126043],[20.63943800588618,43.88089576165306]]]}},{"type":"Feature","properties":{"kod":70670,"ime":"KRUŠEVAC"},"geometry":{"type":"Polygon","coordinates":[[[21.17946395818821,43.7000129778506],[21.2022584922878,43.68485223252741],[21.24103756083531,43.68380379237716],[21.24499565036689,43.679219137452215],[21.262469685611084,43.67683548804825],[21.28520635680951,43.677399203966445],[21.29718486841077,43.674235650136175],[21.30070144580168,43.681599584409014],[21.315244020178763,43.68417311013412],[21.322363451694176,43.67359860584793],[21.326942409169227,43.67278905242888],[21.326364546664518,43.66821020548335],[21.32355489583047,43.66920120009143],[21.319852790114016,43.66234274835372],[21.326220725554478,43.64707192765045],[21.33724976220151,43.64991527702446],[21.338783523379675,43.643507428300694],[21.349631504599436,43.64362487141181],[21.36076064860434,43.63749831164819],[21.376647282009202,43.63891752666148],[21.38332828837909,43.64703927742222],[21.396678622640547,43.643027004960814],[21.400576077545786,43.634368218957185],[21.409893921423794,43.62852989264837],[21.419642395872643,43.62739155760809],[21.422392852074115,43.620804821073236],[21.430632831943893,43.61912214604035],[21.439917903825165,43.621610862497675],[21.44718792366983,43.60898224261163],[21.442808412786626,43.59786813875632],[21.451172479732467,43.59096243770393],[21.458988269735773,43.59018718756824],[21.480167596956257,43.599758674864276],[21.49165363484517,43.60132273313936],[21.488251701106268,43.60689976261602],[21.490536375884616,43.61162304633958],[21.504587873341077,43.60539158194943],[21.510933515393752,43.60706852731745],[21.511389030659448,43.61333811310583],[21.516503749140302,43.61810977100334],[21.529714966711367,43.60934358142674],[21.543869440543062,43.615299899662745],[21.543710017804266,43.60966347854925],[21.53589341370978,43.60350632737932],[21.53456941165285,43.598611136526294],[21.528846851337356,43.59619538624739],[21.529439609405667,43.591160304800184],[21.534159319230934,43.58788182657381],[21.535764802164493,43.581355603486415],[21.548811994581605,43.574425369174584],[21.548557048061824,43.57074765410279],[21.543382086198424,43.56850269170643],[21.55013636752246,43.55664663991947],[21.55182452049393,43.5461285816959],[21.570489344136554,43.54256134192496],[21.577118143870642,43.53347822641072],[21.57550588505906,43.523631538159776],[21.567389530015344,43.51519647617758],[21.562909068181632,43.49733560932342],[21.547560299508692,43.471981077375546],[21.553837821539908,43.465874149298486],[21.556566150852056,43.45666710627587],[21.563210945722457,43.45364038880594],[21.56099812028908,43.44874820856114],[21.571358459483864,43.44769295365775],[21.58046189454783,43.441215766359434],[21.573907200265356,43.43442049158766],[21.57110478871056,43.425581924690285],[21.54398451893382,43.411172492748],[21.53601478001658,43.41353747230673],[21.527303561260425,43.4108749985581],[21.5242842298942,43.40703912263775],[21.52627435397502,43.405214342314345],[21.514200091040987,43.39408338670605],[21.499739054436027,43.386956157991285],[21.48076145829969,43.38454135376773],[21.48022535192446,43.378963447568935],[21.474336815170513,43.38602488271963],[21.465224028653303,43.383014642799104],[21.45253448719925,43.38596393252919],[21.432631463516365,43.39777768168437],[21.413264191716987,43.401733014626515],[21.40810210370937,43.39656145931243],[21.392633516373895,43.39794276977161],[21.382270741035633,43.39430873731216],[21.351996341833335,43.40670944376003],[21.34145730519792,43.39920921831475],[21.314216492512095,43.395869024403765],[21.295775041769,43.38875257516828],[21.29342382398604,43.391337880491335],[21.28388259718674,43.39119090988278],[21.28162686584006,43.38329694517718],[21.27133627421092,43.38048923806109],[21.263338028160817,43.38225311194566],[21.2547690212466,43.379036859447666],[21.252610054601313,43.3734281451672],[21.23896019537573,43.37349177949213],[21.230109321512185,43.37807093415911],[21.223629929861968,43.37600406319612],[21.2228308151633,43.38424779015215],[21.21492209552394,43.39550195188894],[21.206173661309197,43.39207322883373],[21.19791883076017,43.39313645473664],[21.19919150265918,43.4009600215143],[21.19382084024954,43.405553243529496],[21.18500553870691,43.40369069375083],[21.161011178022257,43.407294177553254],[21.160692999220455,43.40411201838047],[21.156277070110356,43.40363269999806],[21.14457501204185,43.40913008683832],[21.143092740191193,43.41142983307543],[21.150035406812755,43.41687644585394],[21.16053841113321,43.41716527404069],[21.17480804591088,43.43765520357154],[21.184651546765867,43.43879209100852],[21.202497002204623,43.45953631004251],[21.21298590289562,43.463333841161315],[21.216437067262703,43.46832361158603],[21.213534160643896,43.47239737506391],[21.19967620993407,43.48188845358726],[21.233825228079272,43.50295906444169],[21.20942209149748,43.50314042691321],[21.205101838306316,43.51131449442157],[21.2006732988751,43.51307486777563],[21.201457850460788,43.51958402686129],[21.208336612838945,43.52522473867023],[21.201969205375505,43.54846066571756],[21.18376042868372,43.54736835046093],[21.184454428610575,43.55197256891281],[21.17531874352037,43.54609220878305],[21.168708878754373,43.54879249004214],[21.16885493733257,43.54633655350116],[21.161758408283937,43.54642768346268],[21.162510186298974,43.54839066998687],[21.15914362929915,43.54249596573293],[21.152723597389066,43.54035649428161],[21.155612097883505,43.54570428295724],[21.15131039138533,43.54234327188549],[21.14640376802277,43.54668685558076],[21.15083746213202,43.559314911991294],[21.162301918080548,43.57034005583139],[21.163128322995984,43.56808275130386],[21.168984702491677,43.56968374421351],[21.181417850882163,43.58119471186403],[21.180178341710292,43.58342325604625],[21.18657487136814,43.584465815485046],[21.189755136345603,43.589124345770216],[21.181180654205118,43.59270124397602],[21.184454973471137,43.598554742649654],[21.18096245177696,43.6028115691142],[21.173229222994273,43.60073401138564],[21.165588849599793,43.60638389981514],[21.163108106481875,43.60395294405789],[21.166335853693898,43.59707092514933],[21.15843052114395,43.598505852900246],[21.15903136951133,43.60445371343342],[21.169144265223572,43.61960435313215],[21.16423193267788,43.62806118827814],[21.166515581288856,43.63109703834166],[21.163366539337776,43.63264692053587],[21.1662227151949,43.63681507143893],[21.171011293975393,43.636725747946336],[21.16136586035935,43.64139806799757],[21.164692614304155,43.644828827502245],[21.156720171237076,43.65211670388091],[21.159571107723107,43.65742642946378],[21.15511711420719,43.6571640529512],[21.15415114924755,43.662024544666274],[21.144328546988667,43.66491785467864],[21.143398890395588,43.67220805113819],[21.146136957585185,43.67374225054161],[21.140669278554196,43.67879125049468],[21.15226743802984,43.68774410454261],[21.15285580774828,43.69217577353765],[21.157609737343886,43.69286554787526],[21.156882471366576,43.696960894338666],[21.17946395818821,43.7000129778506]]]}},{"type":"Feature","properties":{"kod":70726,"ime":"LESKOVAC"},"geometry":{"type":"MultiPolygon","coordinates":[[[[21.887579999650075,43.17041984272123],[21.90340501799832,43.16092606366811],[21.914483432113983,43.14973096878325],[21.911604380425388,43.13971400530431],[21.913923926349263,43.136185761370704],[21.93122311024432,43.14180773378363],[21.940955722043764,43.15735036027197],[21.944520877898363,43.15616850486633],[21.946014526375887,43.14833927461533],[21.969562278561376,43.1542290993478],[21.97666016767041,43.162165431202354],[21.97982826699949,43.160070502186734],[21.982512648256474,43.16673348498923],[22.017263597741344,43.1525669622895],[22.028038511779716,43.16328344108838],[22.028514876233945,43.15867179390006],[22.033656549553882,43.15716573497172],[22.039724577361977,43.14864298256766],[22.03855532606022,43.142179181904645],[22.044529918068044,43.14391490906588],[22.051183408746425,43.13608976398752],[22.061397728094683,43.13131843427804],[22.059320485076814,43.127479375983185],[22.067153130682826,43.120955504816955],[22.07554200494308,43.11851681473587],[22.089864158661673,43.107619994092445],[22.093979922271288,43.10654865300773],[22.097070056408047,43.110143395214585],[22.111048070316162,43.09554574963428],[22.136187326592996,43.083884083121546],[22.142941166821018,43.070640993774894],[22.14256202576978,43.060837927277255],[22.133953029697576,43.05464617296946],[22.126908921400606,43.0556415498337],[22.123380634871765,43.05193797230632],[22.116193199868707,43.051680569215],[22.111671802841204,43.047123720547724],[22.116516613874136,43.04430784827298],[22.11655638023189,43.04361131925181],[22.1096703064606,43.045087928113254],[22.11188151871889,43.042722603404954],[22.103747165694564,43.040932885983274],[22.098661201536505,43.033857385485994],[22.088751774852813,43.032509846117506],[22.088529622721413,43.02733725825887],[22.07916281714914,43.02662695484111],[22.078383916430596,43.02228173202883],[22.087779999775634,43.02376550334299],[22.091074928555106,43.011567072739645],[22.08584561633127,43.003560238421045],[22.059229719556434,43.0036634418323],[22.05180218842519,42.99005837282857],[22.053253442038443,42.986922136718995],[22.047667675696456,42.98815356816874],[22.03585822627159,42.98273342966464],[22.039968436009264,42.965464018306875],[22.03626692398713,42.9593417675329],[22.037258944144632,42.95106696754767],[22.042514143077188,42.95006858677457],[22.044746614630352,42.94111905587828],[22.051324784023283,42.94139936423496],[22.05049361730553,42.932456987466075],[22.063909999025483,42.9216510886252],[22.075097096656513,42.92967322906964],[22.08557018326374,42.93071514229689],[22.08325888283243,42.93460985131748],[22.0852293642755,42.93972981162146],[22.11352151030591,42.93959627621082],[22.112398194263456,42.92982059495302],[22.120870170079414,42.92892135289173],[22.122237813683416,42.921829138710514],[22.125423171529985,42.920080669346284],[22.136299913049672,42.91941735122996],[22.14562727454354,42.90603996439988],[22.16015524990801,42.90339196658201],[22.16058941632875,42.89893283663253],[22.168499031214797,42.89083370850658],[22.174866784312755,42.89158903294114],[22.17346010979835,42.8898221341961],[22.180951773884516,42.88647340747237],[22.193341796088124,42.88974435942868],[22.20945296318098,42.88592622037886],[22.22525186294268,42.89248514348521],[22.220057282090522,42.88529496568518],[22.221953797061918,42.87763448808188],[22.20782659838495,42.86283540724642],[22.20825516636953,42.854376921879386],[22.20598665427736,42.85245880567478],[22.201710957689357,42.85502149809565],[22.196176360706396,42.84434103811742],[22.187393779938553,42.843600515486614],[22.18447473784636,42.8398310961806],[22.1896752609082,42.83719960748466],[22.193534419825962,42.84121718726692],[22.193745127364902,42.83742494221769],[22.20069610875916,42.84208124463237],[22.207072730240903,42.84171873859539],[22.215956268139088,42.83087113785376],[22.210806709846167,42.82650191898384],[22.21554596787133,42.82400876692464],[22.22332756176382,42.80868583977936],[22.22889347930118,42.806127237926326],[22.212615904508155,42.809339235824936],[22.20635692356773,42.80557673152638],[22.195808424510044,42.80496919068283],[22.176675753698753,42.80977755539477],[22.163196018145733,42.807802993711],[22.153397614179244,42.81008473962185],[22.129268968027734,42.792090047593064],[22.10155715075438,42.80339240399153],[22.11770708473519,42.81358368605113],[22.108871120522238,42.83219575094709],[22.103084093945686,42.83281804959236],[22.091478488096225,42.82571420710432],[22.087433284149476,42.829231128564345],[22.071176241708162,42.829665323985665],[22.043695162874357,42.81400401180279],[22.028490314168128,42.81189850047118],[22.01683440931936,42.813155358451844],[22.016434231231802,42.821210504434916],[22.01066911960224,42.830105606046864],[22.002802073454127,42.829761865076556],[21.989637967973703,42.824836906770585],[21.986131320341823,42.82045607030083],[21.9837624105001,42.80136231875926],[21.977655554623638,42.7958932581305],[21.974570271306725,42.801430943257685],[21.97144595570925,42.80145805360561],[21.955105845663013,42.790331247516164],[21.946874994726308,42.790573055153125],[21.941305232260856,42.79656616086745],[21.93252361456914,42.79360135197611],[21.92293098155624,42.79516185874903],[21.912956002035134,42.7894191033163],[21.896425716922106,42.79225385926266],[21.887643041298166,42.78715855612431],[21.871339200074406,42.784148220664655],[21.86632656737928,42.78986837415585],[21.85312799806325,42.784989072666576],[21.821075506178445,42.78422780999419],[21.818900865225423,42.77582505608589],[21.80772837597225,42.76849644027889],[21.810517606163497,42.76459463369296],[21.816416536717607,42.764614863759256],[21.817981043313328,42.760476793825525],[21.812377366434504,42.75634613877468],[21.80049639927391,42.75685661153072],[21.802842248193755,42.74674617551978],[21.794920972254257,42.74682032188684],[21.79388227517996,42.7431018264439],[21.788181864081558,42.74446026060558],[21.785586283960402,42.74209766376323],[21.78379176258859,42.734445609382874],[21.788547974518618,42.73001952654345],[21.788988486980635,42.71878695156883],[21.775817089155087,42.70317404978084],[21.77642448315106,42.699377699581994],[21.756367136618216,42.70362010493387],[21.738668267999618,42.695106152427435],[21.725210098536497,42.695372951643705],[21.723399313839735,42.69199508842795],[21.706540993593066,42.6898969554084],[21.70323524567365,42.69276233146273],[21.709698366447963,42.70365727773576],[21.70588778650024,42.712938954484656],[21.707993334644144,42.72041160861624],[21.723579288067285,42.72616131200985],[21.723648815647653,42.73119118351139],[21.729680381110533,42.73358494717607],[21.732353146056397,42.74294717480309],[21.742181108620173,42.74902199287557],[21.748337676678254,42.76069367179168],[21.754189538053115,42.76319946266644],[21.759626256711023,42.77561127300252],[21.75475597669673,42.78735873050067],[21.762540939872824,42.789325493920636],[21.76000958465981,42.78995173231597],[21.762281812246727,42.79505454086787],[21.75928425521517,42.79703957490736],[21.775390681500472,42.80184832035371],[21.78366962408785,42.81449360064801],[21.782546619831127,42.818466004208226],[21.775936031392085,42.82000425131832],[21.77438617921411,42.82732025050669],[21.77660272859353,42.84084230934984],[21.780838461541983,42.84575295106202],[21.781067693759233,42.855438831677155],[21.77615567759053,42.85876054137149],[21.77890077631928,42.861914306198265],[21.77508457336868,42.86667822943227],[21.777809684162374,42.871278814592635],[21.78433746979059,42.87155411472797],[21.80000235557802,42.88112559141706],[21.803859626822476,42.89363398742134],[21.812059539446828,42.90273189349097],[21.820020737807692,42.900484581499526],[21.82759487095297,42.902759785597404],[21.840012667033292,42.91655153279641],[21.84535398500427,42.91022782130102],[21.854067022148246,42.90757304710097],[21.85922503518533,42.91203109098212],[21.85892328832516,42.91612430991502],[21.86733230695492,42.92003703397563],[21.87101468268575,42.915900143570184],[21.874380711604804,42.91930107767677],[21.880097758395234,42.91829638408796],[21.892643431135067,42.9261534575033],[21.86019334201152,42.958981707528],[21.85982980612791,42.96750076510996],[21.829884573563746,42.98937073021568],[21.819346926940813,42.993520972235906],[21.812397778906657,42.989115064146425],[21.790668543129037,42.99092973024389],[21.800092114195945,42.99955679663466],[21.800492549046417,43.00480769440307],[21.81753182708696,43.02983259886861],[21.820675639954214,43.040746320216705],[21.838692665462062,43.041946252277484],[21.84227690378268,43.04561884708835],[21.833831517450495,43.058071660240465],[21.833329290527764,43.07125854126592],[21.83091243821121,43.069840292411946],[21.81503924541404,43.080450397290896],[21.814031403059445,43.09679613713189],[21.80429765878575,43.10304329872135],[21.79525046884526,43.10162720706446],[21.78579735691845,43.11475885591758],[21.800153777848095,43.12519631110833],[21.804853427510995,43.12540181955616],[21.805097139008666,43.13394443063154],[21.820681580269895,43.134743172777696],[21.814560006464614,43.14646328350653],[21.80623307521838,43.150488010248274],[21.811335818766143,43.15432937449808],[21.83373145025093,43.15494489317019],[21.855391565665766,43.14957070452765],[21.861643502680053,43.15091381087539],[21.873208875970803,43.16033142353994],[21.886121833810908,43.161839900706056],[21.88461725395321,43.16728001780405],[21.887579999650075,43.17041984272123]]],[[[22.178230211617816,42.805521045562124],[22.195370927730295,42.796713037765365],[22.198218217340486,42.7881630819778],[22.187142269505838,42.78030674649429],[22.160581448996854,42.79703261819728],[22.1695048836743,42.805166730307654],[22.178230211617816,42.805521045562124]]]]}},{"type":"Feature","properties":{"kod":70734,"ime":"LOZNICA"},"geometry":{"type":"Polygon","coordinates":[[[19.306744096476045,44.70907210975815],[19.33671843385523,44.70535456614563],[19.336197998605492,44.700443612795276],[19.346127538862618,44.69837220283624],[19.34527643492782,44.68706925221171],[19.35562850856252,44.684434039402895],[19.35402280703786,44.678958977330836],[19.360813153137062,44.67480541357553],[19.36146361876856,44.670940986075884],[19.36190864672707,44.673596655009824],[19.38412995548687,44.67991474133281],[19.40446088657178,44.66834365003348],[19.408109200593554,44.66893303367306],[19.41023980320857,44.65270179094275],[19.414577682016027,44.64807101049142],[19.411445105159956,44.642845936738986],[19.42194094373853,44.632331222416134],[19.422370357528923,44.62291121334399],[19.42829781889319,44.620577937182006],[19.452947010055297,44.62138256442072],[19.449006220979097,44.619531238993844],[19.453083373046727,44.61500584683258],[19.466843942963564,44.615507146154584],[19.487214670023512,44.6099493514472],[19.494793672693046,44.60223499011939],[19.50896093237859,44.59748716326498],[19.526316285185512,44.58606480570485],[19.535925734643094,44.5710527653888],[19.53143718375268,44.56154692418013],[19.557777456040878,44.535144686085985],[19.557114833833193,44.52839802386093],[19.572593152667036,44.518368694102904],[19.56496539372487,44.50966807975343],[19.56320179085252,44.49949547410118],[19.560253590881818,44.49918000232288],[19.564299124574415,44.48886377732385],[19.562015953310013,44.48473111728202],[19.55403926543866,44.48049203339578],[19.541419060297844,44.485690394961395],[19.52434006853392,44.477978520914235],[19.506711938568795,44.483885037773064],[19.474336864064565,44.480446196828254],[19.474849324843138,44.47766749983164],[19.470845062968575,44.47841103665602],[19.470247612807114,44.47604034400182],[19.459026337954665,44.480761569954346],[19.438351113221113,44.47118900694132],[19.436416798528878,44.46709883816844],[19.439522722767286,44.462791606527496],[19.422133426083253,44.452478055220155],[19.42088787318599,44.4471748973247],[19.39860530754901,44.45812582304707],[19.400709268720835,44.464358108125865],[19.374316105289537,44.47247813002416],[19.36785279473644,44.46116095672409],[19.34335530146152,44.45895946970963],[19.335159602903474,44.443715448690845],[19.328065157457452,44.44486591951098],[19.32095568880084,44.45304068589081],[19.300621148821946,44.446515425444],[19.294225554437336,44.43953870887076],[19.276062195168645,44.43958338771731],[19.27894437488994,44.431770386223675],[19.27029300966536,44.42786794155159],[19.270709037772423,44.42159589572991],[19.280124297930517,44.411329169361586],[19.28064003016632,44.40321388224935],[19.274408903119884,44.39588403695939],[19.263871359003147,44.400864113867364],[19.25804699545045,44.39955230308099],[19.253203777351658,44.40639135406623],[19.22882384671691,44.412167160599],[19.216700075127985,44.41972650432422],[19.217479185765182,44.42630743764449],[19.208709813943372,44.43232673010732],[19.21523766088518,44.43474702674499],[19.215726061705293,44.43956446669481],[19.221788965128248,44.44273723594274],[19.222221951563295,44.450008873231745],[19.226726926468114,44.455100041614635],[19.21653737346244,44.45760864488799],[19.2057897968838,44.46718645598642],[19.199682400447102,44.467543861157026],[19.196374360860084,44.47025544200932],[19.197344798517733,44.47503308664627],[19.183350312490106,44.48006866218072],[19.177035685431388,44.48851377751579],[19.137015706457703,44.47653653445418],[19.13261828534602,44.490864949514076],[19.12304981570145,44.500535747192025],[19.128947811055767,44.520686953913426],[19.14399559677976,44.5269206084353],[19.163145491808017,44.52211007393919],[19.17101405058332,44.52630928330781],[19.176705757175892,44.53647778095016],[19.19015348719036,44.54682232261955],[19.19200492882548,44.551689495127434],[19.192196917104617,44.55472753771395],[19.182323211239165,44.56141187779689],[19.183753730423746,44.57347204446824],[19.190945736069526,44.576975496872194],[19.198994955979924,44.574847294913006],[19.20631304735246,44.57690763185959],[19.206702897004153,44.583450330939606],[19.219931154026415,44.59433822855798],[19.2272137610716,44.61081165685276],[19.214939032136673,44.61937723663681],[19.236408049865858,44.62300498085847],[19.25075944201581,44.633847029917945],[19.257159665049294,44.634790545308704],[19.26634399494173,44.64807832312082],[19.258872872971516,44.657217467850295],[19.263843628588038,44.66040532706659],[19.27262025413843,44.65722274495326],[19.280561817842514,44.6596414200405],[19.282703733391862,44.66207478807101],[19.276208145968106,44.668019169063],[19.28108536116218,44.678279822152156],[19.291272921449394,44.682504904571324],[19.287214127123573,44.687396967666736],[19.288551235680988,44.690885311736885],[19.303002357897434,44.68833215386313],[19.299959854498695,44.69520823950441],[19.308987822525065,44.70573011031274],[19.306744096476045,44.70907210975815]]]}},{"type":"Feature","properties":{"kod":70874,"ime":"NOVI PAZAR"},"geometry":{"type":"Polygon","coordinates":[[[20.295619881094083,43.311766453194195],[20.306463493965172,43.30277383085271],[20.306622575116126,43.29708438563666],[20.311593293060763,43.2910674083577],[20.34350293851621,43.276769440417446],[20.35563394531973,43.27610791505604],[20.380925259143584,43.28535590864218],[20.38804048198323,43.29271674110611],[20.411183682198015,43.28396498710269],[20.42680340896629,43.29183300924491],[20.46327866962255,43.288186973190236],[20.46721824142299,43.282843495219375],[20.490425745299977,43.26860012276581],[20.51634462659072,43.25567428458568],[20.5198897047263,43.250244230561755],[20.527682607509952,43.246616021353674],[20.537704778133566,43.246954234672835],[20.548402371382547,43.241554501421426],[20.55083729396346,43.23588851070599],[20.578029100302146,43.219225464292485],[20.583272027882245,43.208592699625164],[20.589659823358744,43.20360491156962],[20.593939775847158,43.20504404918755],[20.60945741581552,43.192115449841445],[20.614040523474458,43.18064752647208],[20.60780622655485,43.17518965850748],[20.611360167517788,43.1695988360464],[20.64090240435881,43.16227785634811],[20.658208042893346,43.1540772937976],[20.657518426724362,43.150124668022784],[20.66203149186192,43.14427799207276],[20.657626360874787,43.137996014081274],[20.672788032032834,43.13147799953531],[20.673440796307332,43.12670941374005],[20.68542729858176,43.12252367643202],[20.692758933588458,43.109137242355416],[20.69307922940771,43.10553950029673],[20.687351961421555,43.10253757414991],[20.693238926753224,43.09481695642022],[20.692646014507904,43.090709337402046],[20.68357302261021,43.08174388264997],[20.662155520607833,43.07840788235062],[20.656253845398354,43.07369586326026],[20.661900906433303,43.06675198414865],[20.66910369365415,43.065270553394846],[20.670522619446082,43.05556568785768],[20.665458968002138,43.04963694804998],[20.670983899357175,43.04615909347902],[20.669429809674273,43.03527486846707],[20.652157048738893,43.033479915581076],[20.650997651118562,43.02209714291966],[20.64137676218583,43.022673609789614],[20.636862533585838,43.016368825497054],[20.64050281642796,43.00682963317447],[20.629864142761193,43.009123073299136],[20.617337454470793,43.00306471369253],[20.615138581748116,43.00471591285946],[20.61765408805064,43.017552085923136],[20.613555876131684,43.015425836153625],[20.590823867197486,43.01703473969029],[20.590448148061135,43.014593567786385],[20.58137728042564,43.01275171575694],[20.581220319426347,43.00195499990284],[20.567850370526944,42.99649499794535],[20.56482990759951,42.984557885892166],[20.551905820833625,42.975635320631476],[20.554448583122635,42.96873420558959],[20.546405872216436,42.96103553961624],[20.539749537363647,42.96384849885184],[20.5355944966825,42.9747089595497],[20.517268363371112,42.97005714283127],[20.51164956306964,42.972866229516036],[20.52039106543076,42.98301846225254],[20.50865829547442,43.00368938349775],[20.51798737444944,43.00775938665175],[20.51392646302027,43.01588306391788],[20.50636622957957,43.01624190132729],[20.48265817288044,43.007260249121],[20.468860425763907,43.00727699530192],[20.46102338887846,43.00351370566313],[20.436423966722447,43.024477008267795],[20.42863972035224,43.02652838837602],[20.429859279299542,43.030342012741336],[20.420829712080824,43.03320710780976],[20.417263841296013,43.044028771722644],[20.43052058990778,43.05847748085673],[20.426462094881842,43.07906600267252],[20.414999396533805,43.07747175974467],[20.41200874610328,43.07328946514549],[20.39838431706461,43.074983634442866],[20.39602014356755,43.079598134873535],[20.38952190313169,43.07718996626742],[20.386373923700194,43.08547533129063],[20.37356922491051,43.09329496362352],[20.365605168536064,43.10239055874826],[20.35210377210019,43.127958132259025],[20.33538637377169,43.13713598120382],[20.3323852577435,43.134903449771535],[20.33184062514089,43.142117653460154],[20.31439981608037,43.151144949326934],[20.31262912769247,43.15835699691388],[20.30401108238492,43.16351058896365],[20.30869925416014,43.16902447571544],[20.298703672162937,43.18441101325021],[20.27403029312925,43.194815098374775],[20.268331057483916,43.2015558884249],[20.254676666648344,43.19792611189394],[20.250680884401895,43.205280744146606],[20.258699653781175,43.21164918120652],[20.25837106709683,43.218507186878924],[20.245916104547028,43.216547012711324],[20.226673782851975,43.22016268946992],[20.236521408117746,43.22601232227838],[20.22971947344598,43.230727282734684],[20.23203848337136,43.238054751233804],[20.23673407606721,43.24131671393483],[20.240072434223077,43.23888484835102],[20.24475582285921,43.243466339372056],[20.25325235702946,43.24164803546719],[20.254161336655223,43.24980444479221],[20.260421092249647,43.2531191394418],[20.26346408482371,43.25926405305152],[20.256803983258028,43.270424889966755],[20.264852547218368,43.283351421549895],[20.262560502397466,43.28700699221534],[20.27243596402048,43.29346356556758],[20.270803749700413,43.29844917639058],[20.295619881094083,43.311766453194195]]]}},{"type":"Feature","properties":{"kod":70939,"ime":"PIROT"},"geometry":{"type":"Polygon","coordinates":[[[22.66662843667952,43.402778546192025],[22.678285434044906,43.394726374005266],[22.68701706920727,43.393687803878215],[22.723122361861062,43.395472519114605],[22.732424234867793,43.38946031766018],[22.747437296645273,43.38662358561019],[22.76796476739281,43.37662773080297],[22.769945859896225,43.3636137068171],[22.7853760052115,43.354902776293194],[22.796244052281324,43.34177387054771],[22.826198071671648,43.330418205138336],[22.83102290891403,43.31231044963648],[22.83703327167757,43.30702402144303],[22.837694422609175,43.302018014332305],[22.845466811775758,43.29671913322064],[22.842309673730757,43.28640120630791],[22.848569658840923,43.27545593429194],[22.858900276457117,43.274334864241624],[22.868975096088768,43.26740266570418],[22.870505096788452,43.25463319893412],[22.896301912589163,43.23078914413559],[22.896331757202358,43.226912874716334],[22.907924031561315,43.220950523666815],[22.909781595100764,43.21333526822659],[22.903970716011823,43.20620881057297],[22.90700605462398,43.20285256418173],[22.90394947623637,43.19098963660204],[22.906997743833454,43.179485648472436],[22.901043090141577,43.17698227121204],[22.898923855212693,43.169027744999504],[22.89445871132935,43.1695335133763],[22.89753758135131,43.16540087111073],[22.88690428677989,43.15957787685931],[22.89045764066408,43.156549963745924],[22.888704505352013,43.15328939518891],[22.874802639781404,43.14413640776562],[22.880237725673986,43.14211282515323],[22.858442010568087,43.13492702030021],[22.843810820303734,43.12519115994135],[22.82651195152736,43.13801612399648],[22.804629379903844,43.14520930478335],[22.796749007240876,43.14298252906831],[22.791411037218516,43.13729877612136],[22.779171789518823,43.14548811592301],[22.76021090054842,43.13899898329277],[22.75618358482681,43.14127436448561],[22.7471252216799,43.1398518246703],[22.743968986380235,43.136065312716205],[22.748758594245544,43.13397586416305],[22.745342824421556,43.132267837831094],[22.747381605403998,43.13030933437523],[22.738930322974248,43.12585216680296],[22.74064245759804,43.11560038239595],[22.753546887916123,43.113894979899605],[22.749024746732974,43.10693237070031],[22.757173608908623,43.103260328136244],[22.755371496574217,43.098930989283225],[22.761896402014223,43.09462784479451],[22.742434811054082,43.095501409491455],[22.742134069101592,43.090566348588595],[22.735323873381294,43.08708864687735],[22.742262311528357,43.08343807310488],[22.745133503378906,43.077907804458576],[22.75193219560671,43.07803240400314],[22.7549297658761,43.07239554599427],[22.7587125530811,43.074294342235525],[22.758370413823904,43.067979853564665],[22.7523200181778,43.06586374940709],[22.752042177248935,43.06106794908199],[22.738366616980766,43.042257279498415],[22.74159552694577,43.03934046245254],[22.73691981690824,43.03711703555378],[22.74305240346148,43.03313042842197],[22.735543115857126,43.03432280807866],[22.721821116089004,43.02523736093179],[22.712528195703655,43.02975803602748],[22.696153076071962,43.02353303274973],[22.698133237417302,43.022649139971016],[22.692001604383808,43.01861233552175],[22.695579077268718,43.00625701308556],[22.680019572357384,43.001163943103585],[22.68300874357126,42.99603742593711],[22.677114331986836,43.002510678998256],[22.667794673019472,43.005594258500686],[22.665420591868603,43.01143629167778],[22.65661169852354,43.01168863484946],[22.659728103819397,43.00711859843519],[22.651957747287295,43.00430126474618],[22.650375609098077,42.99661880494121],[22.657761861171924,42.98875561742679],[22.6515167828878,42.97768465602692],[22.636636015183967,42.98300716803298],[22.63275838382687,42.97908690073145],[22.62044768025608,42.97879152732053],[22.6095531712315,42.973482536183774],[22.593330802630888,42.98054857645022],[22.581702956160214,43.00138784065712],[22.569084307674977,43.001900318920434],[22.55869276650515,42.995494434116836],[22.550019249018522,42.99486540893681],[22.54715086041122,42.99973813312012],[22.527028667034635,43.00245419365343],[22.518842580001053,43.00746062458006],[22.529021172121215,43.02285653637305],[22.53596386893601,43.02780066069649],[22.502574556400052,43.03390898186837],[22.498961482047658,43.037080519273054],[22.49884955161092,43.04316972598254],[22.4921468310688,43.04944845996492],[22.495318602661218,43.05063380445383],[22.496621025680835,43.059944072991094],[22.471329231160723,43.07258003911688],[22.470462557780806,43.0787160738932],[22.46658656336601,43.079677099977],[22.47546082761665,43.089731739214656],[22.47396416148863,43.09384906552128],[22.480952040935765,43.094892952842734],[22.47875186396369,43.10020913545497],[22.481270100938104,43.1131560918001],[22.468986244556106,43.12307848998092],[22.46649307063637,43.13230645617461],[22.44973206427065,43.137544791850004],[22.43681910267732,43.13457782489174],[22.428958642946583,43.13757098555702],[22.43011256453967,43.14288433140836],[22.422300565324544,43.14676632026824],[22.423770125731593,43.153055861293765],[22.41329690870157,43.159666971145526],[22.411078475712067,43.17551503241011],[22.41866218794032,43.17696116401458],[22.418508777008295,43.18256023795602],[22.433258943427898,43.18898523991035],[22.42414582856749,43.194248163475876],[22.419591185007864,43.20325436868558],[22.425097716538733,43.20707279360855],[22.44693554470991,43.204214525648325],[22.446455598000682,43.22403746515099],[22.44996710816957,43.22540685985943],[22.448619380565905,43.229095044709915],[22.4525696936791,43.23317683801328],[22.447036937478956,43.23793519817314],[22.44239285804192,43.249885901132096],[22.428228913456394,43.26217082694792],[22.429279874282862,43.264907603722506],[22.4175947937085,43.26713952113362],[22.41532262845631,43.26497931363399],[22.414545903771312,43.26506023048068],[22.41115766565485,43.2682607515338],[22.415425010109022,43.26965925163494],[22.416613843379057,43.274305516875096],[22.410425887973584,43.277249354378846],[22.408865314267793,43.28139888549647],[22.40825844518427,43.279246855948834],[22.399052784673927,43.28205877878347],[22.40215756413309,43.29289668494931],[22.398119580856356,43.303627630592395],[22.385663729993237,43.31334603223159],[22.390269148334802,43.32051867799479],[22.39805675062501,43.32028295895589],[22.410187943737544,43.32551927584463],[22.414795371059448,43.33308409877582],[22.41356259308475,43.33747462019087],[22.424678174219366,43.338807750733885],[22.43301359931438,43.353751592092415],[22.440788959327907,43.351459950834396],[22.444400211814735,43.35350358428828],[22.45025329135262,43.3495623528046],[22.460146621831345,43.35265687803422],[22.470143877186846,43.35797728405753],[22.47704717533361,43.3655286681965],[22.476031867935944,43.36895107941472],[22.486190928525552,43.3727647832764],[22.49431520498702,43.368468413155426],[22.50022259759932,43.355195242599166],[22.50796458491866,43.348758283116815],[22.51487924351191,43.34777461665577],[22.514586029387672,43.343964201913835],[22.52152953288632,43.34329745127333],[22.524649451022782,43.33416148596188],[22.53818184154471,43.33796306982254],[22.571374238842985,43.32603565527738],[22.580839885099138,43.32533817854194],[22.581743583782337,43.32973207509143],[22.573523811657594,43.339066328088826],[22.577133252289148,43.344038246755595],[22.576643381312582,43.35307083428929],[22.6244984936998,43.374502404568545],[22.6355360844278,43.39455400318017],[22.642367849075498,43.39873238681544],[22.66662843667952,43.402778546192025]]]}},{"type":"Feature","properties":{"kod":70998,"ime":"PROKUPLJE"},"geometry":{"type":"Polygon","coordinates":[[[21.411586475884427,43.400488893502995],[21.4328549950455,43.397721380155396],[21.45253448719925,43.38596393252919],[21.465224028653303,43.383014642799104],[21.474336815170513,43.38602488271963],[21.478297717486953,43.3793815352312],[21.49927033235657,43.368654895180406],[21.52156528443415,43.367533930698876],[21.559798627737596,43.35715306470673],[21.575607451988756,43.36044157442403],[21.58053284504582,43.357754142457345],[21.590720079240636,43.36399311025154],[21.596625072677167,43.373376914845565],[21.600002552005645,43.36236968563648],[21.59432171265318,43.358573786426255],[21.59415350962802,43.34834238651889],[21.587458625719666,43.34289765824986],[21.585738376759696,43.3240125342949],[21.595857531195186,43.30795876824345],[21.602943493304082,43.303049577238525],[21.60583173616683,43.2938190938181],[21.626683103131256,43.28303228176997],[21.63475909696702,43.28654558934265],[21.64186791811747,43.286497609369135],[21.632202286392303,43.28251470700469],[21.617278626512007,43.26930783854033],[21.62433848539869,43.264292135845906],[21.623556247626386,43.259861103463194],[21.62972630429314,43.25413404977261],[21.636110591765423,43.25450661963309],[21.647303918275803,43.24707414139046],[21.650016533946932,43.23967269011395],[21.6430501748552,43.237266249786025],[21.6430121933667,43.23165135647593],[21.6393453956968,43.22948694100849],[21.654444036678324,43.21844117817076],[21.65463087487558,43.21241706668585],[21.65187898973607,43.21048613143785],[21.64972875144489,43.21443244659062],[21.644291598563196,43.21325629436075],[21.636989811570754,43.217317970425384],[21.63420905343128,43.19769012351989],[21.620866176439108,43.18219036667539],[21.631163393445142,43.17617140577386],[21.63512634016452,43.179101061295476],[21.643385302116226,43.17442339890388],[21.651443438806844,43.174630077829875],[21.64072612847241,43.160247539444214],[21.653233865567202,43.15126009010702],[21.642843479316838,43.14363372905127],[21.634065681325858,43.14159390188406],[21.63501418723649,43.13312576193014],[21.638936077432554,43.12876679589671],[21.63251413391581,43.112901560903666],[21.64548758002675,43.10079564369226],[21.64311489305674,43.09145862406045],[21.645244538691227,43.08583418464579],[21.648110415736696,43.08714997700256],[21.67516504096701,43.07753594831546],[21.680323819467834,43.07239335548043],[21.678268700839403,43.06846709316765],[21.653341084175334,43.061550844358905],[21.648362554629593,43.066805173383536],[21.628288836948432,43.06608250092065],[21.62917283821115,43.06256577790403],[21.609668301320283,43.044144346378005],[21.60208708299192,43.043776290953254],[21.590933325482258,43.03746334919129],[21.587898910953754,43.04098367896761],[21.583326808589938,43.038606200592774],[21.567822475862293,43.04028603556148],[21.538161969384714,43.033840604248915],[21.529815422831902,43.03057111164137],[21.528324070859497,43.02303335145949],[21.51894442551736,43.01997797503159],[21.50675681819456,43.00759042301014],[21.496327440672474,43.006933353441134],[21.48546721769651,42.99893206448925],[21.484376360078883,43.0051685509172],[21.463516880687678,43.002073750636505],[21.454321408515206,43.01451616674334],[21.43613864904078,43.02051183296771],[21.431463882189924,43.034428758351375],[21.435351810992074,43.03746580409491],[21.423639175976703,43.04070491024941],[21.424301590176004,43.04565616996072],[21.429209266899676,43.04548906826889],[21.42410139661208,43.04746765717686],[21.404534629092947,43.044086386591864],[21.399271510958577,43.05257811233981],[21.398814324062315,43.06295333212584],[21.387821036314264,43.06754409669424],[21.392056656941804,43.072695152847956],[21.391936979865118,43.08930428837155],[21.406269018847272,43.09926982741128],[21.398577986721687,43.10607259133525],[21.394500914321537,43.106943997897],[21.392146295966274,43.1033538282674],[21.39024500856465,43.106255468170296],[21.399076359806323,43.11609256645912],[21.403327405364035,43.114932232807256],[21.404083742402086,43.119424634620565],[21.412099166765554,43.12126304813935],[21.412826584812255,43.12742754587686],[21.41549250079,43.127487341235444],[21.400903464376462,43.1366048581828],[21.40210875449463,43.14021624017762],[21.398618698161734,43.141166258931364],[21.404862027355804,43.148024802347265],[21.393091946975723,43.15373631797206],[21.401175859488504,43.160719659600325],[21.396630852098987,43.16409843557145],[21.403142562630322,43.18461935774646],[21.393714144786518,43.187411400450515],[21.384027889772234,43.203189405142865],[21.370091895230754,43.210227508281136],[21.36368651657041,43.20791484488666],[21.360662841839982,43.19949509337711],[21.364607670107997,43.191528607697634],[21.35801250885034,43.18810237005232],[21.35836139762828,43.1847002984485],[21.345011278374994,43.189870386542886],[21.334005094404397,43.1895171563271],[21.333466384599674,43.1978593950056],[21.322792129349242,43.20016823809404],[21.31936523772834,43.20526791665098],[21.319249369702504,43.20987617784131],[21.324040044396845,43.215302202112795],[21.31627167145881,43.226405565946095],[21.318366778566098,43.231098299816814],[21.3252183881117,43.230205729817726],[21.32196485871566,43.23307086386468],[21.32800115072256,43.23670721340488],[21.351438811100248,43.22869605495488],[21.36117123756139,43.23935863829008],[21.371277422971687,43.23608980474611],[21.375485331293294,43.24415562067828],[21.37270352713501,43.244199394693666],[21.375621235083432,43.244906115416434],[21.372241838370993,43.24515350522522],[21.386545840883226,43.24937054007549],[21.394906244983765,43.25682109746558],[21.385464837528083,43.27042523414508],[21.40379145718344,43.27886197440546],[21.396243931445287,43.28955548420045],[21.398765435551343,43.29274479253488],[21.396879976498553,43.296821766770876],[21.377298982464673,43.32169945524629],[21.375318926000325,43.33430353574824],[21.382684183658547,43.33692589534057],[21.37806358237231,43.348247659258014],[21.383903262348355,43.362561746845394],[21.39952230098008,43.37737888019238],[21.402502864234616,43.38566927012596],[21.40961652646366,43.39151951225561],[21.411586475884427,43.400488893502995]]]}},{"type":"Feature","properties":{"kod":71048,"ime":"JAGODINA"},"geometry":{"type":"Polygon","coordinates":[[[21.29782123629362,44.12385317476387],[21.29709905915781,44.11895830214905],[21.30778803838274,44.11026986744719],[21.30785944197725,44.10632294468186],[21.312112742631925,44.10654523730392],[21.30578820684152,44.10363008653674],[21.308359570946717,44.10305334034032],[21.307293199120327,44.0991460452246],[21.302783505728765,44.09889854529931],[21.30715646744534,44.09690119249309],[21.303236328287714,44.09628993421993],[21.306748567307817,44.09383277920076],[21.30140687301441,44.09312277681018],[21.30639441762607,44.08884811836239],[21.3032625844667,44.088951400342474],[21.308364615054803,44.081084263675876],[21.34523837031261,44.07431506392799],[21.355755605939883,44.062985805796856],[21.359637583805164,44.06424760153046],[21.364012861895453,44.05909721430191],[21.367408070189114,44.060050305753656],[21.37121841425734,44.04816393274766],[21.364614120169175,44.043705780107885],[21.369639917117976,44.038597708004005],[21.363880647532444,44.037603708392965],[21.36532843466888,44.036058455758464],[21.36036812242426,44.037929996603225],[21.356986214651492,44.03520437596071],[21.35002404341509,44.04059390211807],[21.338562069704782,44.03728913962931],[21.33372639485442,44.03343988653266],[21.33475146223891,44.030782590558495],[21.324123996965643,44.02871408361792],[21.324329581335284,44.02499795327724],[21.314842851925814,44.019249866848654],[21.308292746895475,44.01914414718317],[21.296440948891977,44.00914582517925],[21.29709181827968,44.00568857132019],[21.304840261649638,44.004916931613195],[21.310690228740658,43.99808005080058],[21.31721729154828,44.00176296408032],[21.321029087215763,43.99811770132815],[21.328984978032988,43.99765068543644],[21.33245108942961,44.00230406503757],[21.3313380665312,43.995819572565345],[21.323418388883262,43.99538310434367],[21.32117903660935,43.992215821600574],[21.337818558709788,43.99008056438607],[21.334713050429766,43.97645377650094],[21.34151350589798,43.97106704099384],[21.33291410027998,43.963581294585126],[21.311587562030223,43.96386128716016],[21.30117150031859,43.96004869698702],[21.309919879226864,43.953988347369474],[21.302594989016757,43.952911954811526],[21.30558807101621,43.949336342635384],[21.312124869072576,43.9468427707622],[21.31858483809434,43.95166709403667],[21.31934157190547,43.94676339686091],[21.33301336510628,43.93986027970992],[21.332381407578787,43.93631570623531],[21.322494680783837,43.93346205468364],[21.321738297100378,43.936431827098495],[21.305846833945807,43.930862214157536],[21.296279570184517,43.91986668057024],[21.283575919706347,43.91412216225498],[21.279396676657353,43.90653159934964],[21.264116812416127,43.90405692673784],[21.270816586756506,43.89994109454912],[21.281056270704276,43.884026776645015],[21.26589524028173,43.87114334917695],[21.270357220193393,43.85384650436077],[21.26086146342108,43.844818625266825],[21.260840897908235,43.84093554560633],[21.23518534492386,43.847980877410095],[21.23140215280822,43.85291774098095],[21.22793455693932,43.853627676577304],[21.224982672723062,43.8499346395376],[21.224296869116856,43.85451228644995],[21.22146670062625,43.85233178560218],[21.215780480398276,43.8575800064125],[21.2114274768171,43.85671252775351],[21.213952249945397,43.859579007260315],[21.20860106269418,43.86069341730701],[21.210095461021456,43.86321844873659],[21.18174749476875,43.874833158299175],[21.176994257286985,43.88389355089896],[21.155101006595483,43.88838511860771],[21.133364501988186,43.88553206516474],[21.134223589949215,43.89312218679377],[21.119117372675174,43.89601088508852],[21.117701804326302,43.90224091873148],[21.11391829004781,43.90265467903482],[21.11766160671584,43.909387684826335],[21.116321760257033,43.91363324073543],[21.100720858041672,43.90986311314656],[21.08266074698707,43.91594040528991],[21.071523103037404,43.91360915666586],[21.057395729034337,43.922305663720635],[21.06054681305851,43.92621389967832],[21.05881636017479,43.93737090140222],[21.053300580423233,43.94250012924998],[21.055502040190806,43.95142850222662],[21.049652616938722,43.9568107638204],[21.05751465406557,43.95830332929791],[21.063801951632048,43.954149291475844],[21.07665878509462,43.96345021064993],[21.070440562167278,43.96777158946002],[21.065769614941296,43.97885695336774],[21.052889549059945,43.987525809090506],[21.047513225931414,44.00299530520663],[21.056046211917216,44.005109246892694],[21.061545774902193,44.001633722162836],[21.061088222482155,44.00698877937648],[21.068475675905077,44.00596615476076],[21.063216562781545,44.011035744438274],[21.072660940557366,44.01132434681256],[21.06910795968722,44.014935079056144],[21.073184403478347,44.01726590714136],[21.096430798509306,44.010792974433976],[21.098025754916183,44.018840242028986],[21.105228411043143,44.02472651906334],[21.10566128574812,44.03164950389642],[21.1148404305358,44.04275007790828],[21.114803175950396,44.04663511974777],[21.10659890619266,44.05519908278157],[21.110686768739285,44.06139414017901],[21.098717930641158,44.06285373822127],[21.095328802384103,44.069764149651306],[21.085430264362696,44.07027448465735],[21.08122778386296,44.078985281390985],[21.10844641089725,44.088291052937656],[21.114627259476027,44.09317050898571],[21.117798960813058,44.09386832955288],[21.12011841394917,44.09050997750168],[21.135898855424976,44.09681695805603],[21.133745808740034,44.0994143319369],[21.138099378889066,44.09985288362791],[21.14270589530976,44.10569013602501],[21.142819850622164,44.11164250573763],[21.154511228663644,44.11622244279626],[21.1522630019942,44.11967554234361],[21.15427854617527,44.1225505866368],[21.182179236320312,44.12335323171352],[21.18401523241724,44.11824075104296],[21.180026222573527,44.106993696309814],[21.185618222679448,44.10487876579963],[21.195515359262913,44.106832473906785],[21.20011557104902,44.10268947374968],[21.192285321467782,44.094615643374254],[21.176231095817585,44.096302591160644],[21.17080515007298,44.09227057070308],[21.191090625261356,44.09036559682423],[21.189129467990398,44.08514261130373],[21.19636129746886,44.06995464153101],[21.20142356178867,44.065240415959586],[21.209908662525134,44.06554563096613],[21.232984664471786,44.071817621351755],[21.232109730041643,44.07660018957301],[21.22644182953396,44.079139300580756],[21.22872246664283,44.086511266286664],[21.23339933092043,44.0893326532153],[21.23955135013562,44.08839688666263],[21.24481585460625,44.09264512058451],[21.261612096289536,44.094645140044186],[21.265107489518858,44.10724558407885],[21.273986372045606,44.11289639617095],[21.267308519860947,44.11353097822647],[21.266041844130005,44.1173061520513],[21.269233546129914,44.11998204683872],[21.265913485841324,44.121930174747874],[21.289690678483876,44.11935692604346],[21.29782123629362,44.12385317476387]]]}},{"type":"Feature","properties":{"kod":71099,"ime":"SMEDEREVO"},"geometry":{"type":"Polygon","coordinates":[[[21.0233058433961,44.70565460417241],[21.031749354622015,44.70223334031082],[21.03325705019073,44.70935103300495],[21.040032435764125,44.71001371143053],[21.040808652754876,44.70623130798751],[21.031263688709405,44.69987977872522],[21.03675742834059,44.700465375695806],[21.044087947662693,44.70453662912679],[21.045371658603155,44.71074679591006],[21.048762207943405,44.70659931631084],[21.043988701091184,44.69952166601382],[21.055093232840814,44.697604862723416],[21.052692798996308,44.69303283090399],[21.045808562535772,44.6954412996655],[21.038761937169237,44.69199966596345],[21.042302709861282,44.68526214786853],[21.039960094759195,44.68145833217364],[21.026464199838625,44.682032820048995],[21.02216411538205,44.67893593982875],[21.02526742131379,44.672742406059704],[21.041362630054998,44.67489645199965],[21.04857717190893,44.66422398750227],[21.044457542932133,44.66260850943524],[21.03673689851127,44.668785331883015],[21.027986058107306,44.66588101277138],[21.030691489453226,44.659812642112],[21.047565060869175,44.651048675333094],[21.03601613601524,44.64558048214663],[21.03703653396976,44.640489329326144],[21.04469882076041,44.63714687205971],[21.049791675687747,44.64248157260172],[21.061841063538232,44.64479722471012],[21.06212827512689,44.64227346526635],[21.053387569135616,44.64070862922453],[21.05023659966105,44.63227720484971],[21.06198447764769,44.63633717108722],[21.065129748717037,44.63348501705683],[21.063012466134104,44.627436516772065],[21.066238435999946,44.62487568310693],[21.071766056399536,44.62607160160631],[21.076423004936554,44.63272904601309],[21.088740389966773,44.62837668172194],[21.081713822212908,44.622307604356216],[21.081362397962945,44.617350996291655],[21.073265661166275,44.61743517650531],[21.069699789439078,44.61424930454311],[21.061020342834038,44.61932262144749],[21.058344475455222,44.6143681997508],[21.06454198448546,44.61284116796583],[21.068700830709105,44.606716196020635],[21.074706155528514,44.61160409404731],[21.088608274331776,44.613156584177624],[21.087387549492195,44.60930145315354],[21.076503079294273,44.61093417859313],[21.07355611029838,44.6082008118824],[21.086773270719636,44.60072582651942],[21.0863856676998,44.591786254468985],[21.094066606075284,44.586983781135835],[21.11419750924535,44.59524285910293],[21.11734276600619,44.59297787264104],[21.115525533739472,44.588417195148025],[21.11771033720833,44.58549060835762],[21.143944270973307,44.58534939341718],[21.148510691029948,44.58197955352008],[21.145958008111727,44.57893658359379],[21.137007093493185,44.579823538340555],[21.138383913923793,44.57026605225965],[21.128175379696867,44.566997865049714],[21.139528497372204,44.545377620530694],[21.1235852815536,44.548900611036025],[21.118033834201327,44.5459537205059],[21.13468209137087,44.53264169778903],[21.14093437216704,44.53373752880374],[21.14104824429011,44.54125437600586],[21.148101325685353,44.541594541278315],[21.151524444654946,44.53780274405965],[21.141973529829688,44.52649095660451],[21.129511510846307,44.52789822105593],[21.126505726902202,44.5166613234074],[21.135295816789288,44.5146997057474],[21.134320229423096,44.51279563099739],[21.128504025586718,44.51107734895584],[21.125141813538818,44.50284481519568],[21.10756247740413,44.49544204335313],[21.102432694767476,44.48663345127387],[21.0905162809592,44.4842854275515],[21.087882657902863,44.48106010256671],[21.080732626113655,44.482490488072564],[21.076547656026566,44.477320473811176],[21.041160227134828,44.49003758488135],[21.0331468086795,44.4875258110152],[21.028780193819713,44.48975436180781],[21.022190946676492,44.48630957155698],[21.006177382268902,44.4889543211808],[21.020692557345228,44.50169827260493],[21.0188836932308,44.50305625299828],[21.00479884636121,44.490658143256695],[20.99326051377754,44.49140462565741],[20.993066286851505,44.488323102213904],[20.991306228761843,44.49144571623492],[20.988034518006685,44.4903674214009],[20.989720648859027,44.48214103543914],[20.98663206767672,44.4809016594329],[20.99039915241145,44.479498026046876],[20.97332954244158,44.470737048398796],[20.97110994250552,44.46543904876997],[20.96544451123948,44.46684593647066],[20.962871087557666,44.46451145985783],[20.95677635808398,44.47086065031677],[20.944952462361925,44.46732747471304],[20.94698341595574,44.46982909568276],[20.942490048980712,44.46956961356511],[20.94529736145129,44.47093615032569],[20.948959969124143,44.46955438443576],[20.950088935363738,44.473375678750365],[20.933207856662335,44.482752142118834],[20.928256924297102,44.48229661479796],[20.936288996088795,44.49315542129307],[20.933399399150563,44.495407957751084],[20.938283596681746,44.49513135662699],[20.952991142226566,44.507440870418776],[20.95975751539379,44.508367409784356],[20.935657172315032,44.51639968402707],[20.930404365582227,44.52370337190396],[20.922483118924358,44.52384768803667],[20.91346845421846,44.52939260193256],[20.9030629854052,44.5280660759452],[20.886870599545283,44.53361775285182],[20.87426457518236,44.533899610857304],[20.869765088541808,44.533420454371715],[20.87377295270678,44.5311250723959],[20.85678165683517,44.53032973485814],[20.848343898194894,44.52607775452289],[20.844920047504267,44.52738730277415],[20.84323557956775,44.52426372825708],[20.836149978892976,44.526377283613414],[20.83463370196478,44.523913629320205],[20.819349169968564,44.52316207646525],[20.80857053864346,44.51534769836993],[20.79586055611926,44.51612192033689],[20.780113091457796,44.52148085618987],[20.7709566309142,44.52075882974748],[20.766502931104508,44.53726384102976],[20.76882400805062,44.540990708624314],[20.763879671063343,44.543887451592475],[20.750163317914154,44.54172344542436],[20.745146412935217,44.54713714351228],[20.74463961522801,44.55152673627911],[20.748737874132694,44.55163634999583],[20.744267602643657,44.554107057952876],[20.755309448635547,44.560993462426495],[20.75837507744428,44.559284789721936],[20.757875304683633,44.56205111277321],[20.766511953502082,44.56212028781179],[20.771876219389355,44.56865661420178],[20.77008309902101,44.57031758183546],[20.776801763840616,44.571790415144434],[20.775520604276483,44.57441869136884],[20.780774177753063,44.57380648338189],[20.78344699991014,44.57802816046696],[20.791443319189867,44.57767246184537],[20.81114611788561,44.586069934975946],[20.819307726234143,44.583916334043586],[20.81808335795773,44.595793544645474],[20.813350298994347,44.5972646277053],[20.812773758506026,44.602358738597175],[20.808002049746865,44.603088899305234],[20.81071082858024,44.60502786152305],[20.79208031168665,44.6118300625991],[20.793607645659026,44.61833607367369],[20.80327619823907,44.627604272469206],[20.80167125403749,44.64904811733306],[20.814381091538113,44.652736475271375],[20.819375758223682,44.658207884811276],[20.84314333550135,44.657726543237374],[20.916355555495993,44.667932218627485],[20.960037837085434,44.699514043565614],[21.000691193314328,44.720189679376425],[21.02018349248836,44.72180284643779],[21.036777061118222,44.71863284052937],[21.032644451988197,44.712962751179276],[21.024231784010716,44.70991988232586],[21.0233058433961,44.70565460417241]]]}},{"type":"Feature","properties":{"kod":71242,"ime":"ČAČAK"},"geometry":{"type":"Polygon","coordinates":[[[20.25122738342863,44.007143525084786],[20.261870440577052,44.00603354966785],[20.26679244131598,43.998313985711704],[20.282838747844615,43.994854727688924],[20.306834559042567,44.001466644556515],[20.31209077057904,44.00192947945171],[20.318289818200583,43.99788939785248],[20.329671856821278,44.00148427857671],[20.330475518940908,43.99825281407269],[20.344849409848475,43.990371616989044],[20.353690728590827,43.990808201526974],[20.370336190265917,43.976979468299135],[20.36509355141429,43.96492399350843],[20.36636306781065,43.956393405263356],[20.368242935672008,43.949932539551654],[20.377621978567852,43.9450881629564],[20.388950334061363,43.95076006593391],[20.396441485982905,43.94567427181132],[20.403698459282946,43.94658869929849],[20.40309507802966,43.94967481619895],[20.40831600570198,43.952843662840664],[20.4043863257609,43.957019835983004],[20.408363894845806,43.96145436117164],[20.416815468513573,43.96261327819602],[20.420251860054112,43.967190075520435],[20.436901074490105,43.964597054367694],[20.448751872640987,43.973865377188304],[20.44859734428552,43.98035586276221],[20.45161832995327,43.98317958531879],[20.46443980956221,43.979685350106124],[20.466441408181336,43.97286801613765],[20.479620026908865,43.96458673166287],[20.482873448348425,43.97114738571518],[20.484927058473712,43.96828717697446],[20.494286270997428,43.970851663304046],[20.502714314273653,43.967047769758885],[20.508663145652182,43.96732432547849],[20.511132422874244,43.9711543866082],[20.518400575573175,43.96885022534104],[20.52002845736078,43.971054425291676],[20.532466636708506,43.96685402964406],[20.54330150948777,43.97170467614904],[20.54552866464962,43.966175686953484],[20.55091069680024,43.96387872217441],[20.546835820835632,43.96079238115731],[20.549497928672597,43.956883972245826],[20.548148383240466,43.95231624070325],[20.553648292259602,43.95290148430336],[20.553616452660222,43.94762650392147],[20.557281267338603,43.947059448965405],[20.553415383593986,43.94372098942449],[20.55976141977404,43.9357079491542],[20.56822557544525,43.9372327106884],[20.57951184824825,43.92819633486234],[20.58947746078148,43.92825756727492],[20.610829937616792,43.90808280190406],[20.612569384561,43.900029403783],[20.622338906504094,43.89531281069029],[20.623596889688503,43.8895945117439],[20.630942130907574,43.88766209711551],[20.63540343312524,43.87996909957808],[20.628045842831074,43.87576806126043],[20.630247433137455,43.87329714703025],[20.627490298611537,43.86841821608101],[20.61119018468856,43.870050017437194],[20.607528382180814,43.86417105560781],[20.60185552470305,43.86315213515436],[20.587506325223448,43.849615391198135],[20.570610861185237,43.84228807740244],[20.580237258906244,43.83760161836753],[20.57630169004652,43.829281419349094],[20.581251826370202,43.82766676292139],[20.56470030549062,43.81224661369143],[20.568747320972427,43.80986378324538],[20.5649819008124,43.80430633358744],[20.554061908779914,43.806695086116754],[20.554107182070798,43.79845999527661],[20.54904072385234,43.79732004333459],[20.54762416517373,43.79358384151817],[20.529779276587217,43.79033228641217],[20.520799134334,43.784256462097446],[20.510259954535908,43.78504273771317],[20.5111266033654,43.77526018008257],[20.502818737654025,43.76323432254072],[20.50367980859029,43.75902229793903],[20.488011989982212,43.76107351446907],[20.483791023548065,43.75814646630749],[20.472565576790362,43.761814615148936],[20.46199276361558,43.7603065563132],[20.45787195661541,43.752188818121255],[20.43898217052824,43.75419321524524],[20.428683305513385,43.7479251588417],[20.42316188189724,43.7304989081945],[20.406665240494288,43.731559903476125],[20.402418156474653,43.73783679453324],[20.403070393837872,43.74281821139635],[20.386882302589925,43.756090737886844],[20.383683029503,43.77416274971098],[20.376212511550758,43.77650418396981],[20.361411477341054,43.79188709698552],[20.361470630630926,43.801313683285166],[20.35740018495982,43.80261754419988],[20.357287240372784,43.80568280391063],[20.334172810043196,43.81929819789203],[20.33033459182386,43.82833055074791],[20.323653626691275,43.82914262564491],[20.321025495869055,43.82574458970269],[20.320853691181256,43.83006099003249],[20.27940948514687,43.84806604473077],[20.28227062228968,43.84862738412448],[20.27381240337455,43.85672841213049],[20.266857614458356,43.87151330113403],[20.259933561903473,43.87325908156033],[20.2586244602424,43.879262372048295],[20.250504206630094,43.87568261955387],[20.24404133068002,43.878401270783726],[20.227459759388978,43.88798374092082],[20.22883081208652,43.8942628107829],[20.2135443873678,43.896857906156626],[20.198499071629055,43.90544846387483],[20.186806610362996,43.89651057204255],[20.177001078444686,43.90097303857342],[20.170378627655534,43.89871849021391],[20.161364846193557,43.906142201254085],[20.15282999517985,43.90530775441173],[20.143688564831812,43.91077031759925],[20.133974272292004,43.9118695619379],[20.125807256925633,43.922973510253584],[20.112347212577987,43.9312870369219],[20.109315875434586,43.9403145222912],[20.11718264146204,43.94898945346762],[20.125648108779803,43.951715921145926],[20.1071570821575,43.96568304520047],[20.11247332437096,43.97197554558988],[20.1274681772944,43.97637570585164],[20.135878775663997,43.97003965314483],[20.168356669997603,43.95972589534545],[20.175068300663206,43.96030671738493],[20.182185850373077,43.965802579597955],[20.18798644240713,43.96481018820879],[20.19039813309146,43.96925158791595],[20.199790641403123,43.97199146986956],[20.20553768555189,43.97032749579589],[20.20850084339067,43.965352939211385],[20.218864025398233,43.964365452887144],[20.22776168580699,43.96766011450275],[20.234238255880665,43.9736304490582],[20.233736404833657,43.97909035837512],[20.236977289118077,43.98306116926137],[20.247107761697947,43.98904273969091],[20.25122738342863,44.007143525084786]]]}},{"type":"Feature","properties":{"kod":71269,"ime":"ŠABAC"},"geometry":{"type":"Polygon","coordinates":[[[19.707064155283934,44.924271914969864],[19.720700300702667,44.91036659128787],[19.749407931585484,44.91303686241828],[19.7565651894922,44.90944539897033],[19.759079589878613,44.90395409341565],[19.756282498777022,44.89594837491757],[19.741073697200815,44.883047430381396],[19.72203759041418,44.853955469279946],[19.718907771023716,44.857711861015446],[19.715513845472454,44.85687634189959],[19.702057665277266,44.8324907792326],[19.704711180874405,44.83198305838168],[19.696702627600054,44.8158937979174],[19.69490714179843,44.79512809918615],[19.704823917571613,44.76823866288763],[19.725055234556702,44.75046937694807],[19.750379335829532,44.74665128663552],[19.79367131603619,44.74762313536871],[19.81975163219032,44.73821932602645],[19.85187708868814,44.71727506450486],[19.84010465948707,44.70830678907516],[19.84479504150697,44.70852204133217],[19.84093685214494,44.698768864562396],[19.825720305020344,44.68807942497947],[19.827772437418695,44.68569676327767],[19.825780203916608,44.682572428457995],[19.814152228271457,44.67795093046233],[19.810489936007144,44.67017607063544],[19.805145929455097,44.67019937971234],[19.799619204243708,44.68402619064457],[19.78966431777449,44.68583579016735],[19.78700142435534,44.69173903709079],[19.778943353254245,44.684678655940594],[19.765262384930853,44.68291359422855],[19.76025721546097,44.673524983845546],[19.764822926367263,44.66959267093627],[19.755934103129484,44.661404596711385],[19.725955175412796,44.6670292563195],[19.722518773874715,44.67123858474974],[19.718345552499365,44.669821124050586],[19.715219904259623,44.67279650534914],[19.68420741202759,44.66204774022776],[19.685069989548882,44.65341749307495],[19.689248221175365,44.64831008232321],[19.69765686196556,44.645055317904564],[19.69773565668653,44.64081790534994],[19.703066915255377,44.63932485539621],[19.70119766155694,44.63668651081658],[19.70975318142044,44.63292665170784],[19.710998771571745,44.62796215520447],[19.70474569781565,44.62400277372236],[19.705375528819015,44.62096100287371],[19.711933044168095,44.61913433959108],[19.710716905543592,44.616347060866076],[19.682446067891675,44.607385932729215],[19.681919067281626,44.60313312499748],[19.68635062432673,44.599412354093836],[19.68279330429877,44.596340091075376],[19.69046047371303,44.5951960862172],[19.69168498458407,44.59248126979891],[19.688188403064462,44.59045701827076],[19.690216885211083,44.58845594857743],[19.678944964801456,44.583067357828924],[19.676725738017176,44.57825535618686],[19.678896731005953,44.57283575131893],[19.668800289113168,44.565309988020594],[19.667681465731796,44.559913091067536],[19.63824040247814,44.523585512275446],[19.62888476962704,44.521495065294474],[19.62519429201755,44.50431878044949],[19.61794399949437,44.50482825048152],[19.614659643570192,44.496002151729215],[19.61714943437052,44.484427191630274],[19.594247169956464,44.48939168481144],[19.590002378146526,44.48144259710903],[19.567739225300468,44.475993787881855],[19.55725454043243,44.48044982029554],[19.564299124574415,44.48886377732385],[19.560253590881818,44.49918000232288],[19.56320179085252,44.49949547410118],[19.56496539372487,44.50966807975343],[19.572523398796022,44.518562312448296],[19.557114833833193,44.52839802386093],[19.557777456040878,44.535144686085985],[19.531689826691803,44.561657385611156],[19.53598039333458,44.57105347518604],[19.526316285185512,44.58606480570485],[19.50896093237859,44.59748716326498],[19.494793672693046,44.60223499011939],[19.487214670023512,44.6099493514472],[19.466788528271138,44.61565591539764],[19.45311152478241,44.61503978048731],[19.449006220979097,44.619531238993844],[19.452947010055297,44.62138256442072],[19.42829781889319,44.620577937182006],[19.42237985114181,44.62294907388209],[19.42194094373853,44.632331222416134],[19.41150448386686,44.642866976020635],[19.414628502482294,44.648039955532546],[19.410287913102902,44.652730890446776],[19.40826807370381,44.66880165465327],[19.40446088657178,44.66834365003348],[19.38412995548687,44.67991474133281],[19.36190864672707,44.673596655009824],[19.36294282051418,44.670876548859205],[19.36146361876856,44.670940986075884],[19.360813153137062,44.67480541357553],[19.35402280703786,44.678958977330836],[19.35562850856252,44.684434039402895],[19.34527643492782,44.68706925221171],[19.346127538862618,44.69837220283624],[19.336197998605492,44.700443612795276],[19.33671843385523,44.70535456614563],[19.323803845046935,44.70920535170656],[19.302351939246275,44.708643452787776],[19.301758083847808,44.713989835113026],[19.310777616850377,44.7161067387646],[19.314047488718963,44.720875708897125],[19.3017470935588,44.730950958603195],[19.31205999073796,44.74111881645593],[19.32023299585566,44.740498337097165],[19.335066669724288,44.73048368120364],[19.339797525186043,44.73423334913035],[19.342735352223443,44.73133549358196],[19.345743179928313,44.73546268569406],[19.357585413462612,44.733586157078626],[19.359402341402436,44.73634353376924],[19.36520007697713,44.73451304292494],[19.36543302871171,44.73809110712273],[19.383390564497137,44.73817708446788],[19.383962152892966,44.74238902880715],[19.39739133343766,44.74265719441796],[19.39698570998134,44.73998522450256],[19.41140072685718,44.736597601679875],[19.412991868579006,44.74066851214666],[19.429340417081843,44.74084973131629],[19.428902215781143,44.746693864326744],[19.434603013700105,44.75000125663852],[19.425517141147008,44.75178949445781],[19.42376327921325,44.75999029770302],[19.435029454943525,44.75932396416601],[19.451741335274765,44.77636496819086],[19.47321506623102,44.77205132729263],[19.48167288662855,44.773289927293256],[19.491609437615924,44.76906974139368],[19.48858149977391,44.76577490818332],[19.50405702546265,44.7602417074369],[19.503574326955423,44.75252349114388],[19.511277924679046,44.75155625226443],[19.504072839976814,44.74677035347103],[19.50442987244953,44.74234847476062],[19.499902430641068,44.73899400438182],[19.506180686037396,44.73901826013128],[19.513264557201648,44.74592174779464],[19.52036930489162,44.74768255835638],[19.521692274623582,44.751340308013724],[19.526948311991802,44.74970428904749],[19.535909388409795,44.75531928058353],[19.543829281701925,44.76368219635779],[19.547059191517583,44.761322499849825],[19.564194444437916,44.76945638949701],[19.56611718365605,44.78194136433052],[19.559484162244452,44.790771162591355],[19.56867116264197,44.79199261377792],[19.57022059018419,44.79833933386965],[19.58836613823096,44.80444126328175],[19.591670036645162,44.815213597843766],[19.596610481644618,44.81227540960706],[19.599235379797946,44.81553187443213],[19.59582328307453,44.826059066907526],[19.58865579659697,44.82854582693471],[19.58766494057052,44.84785702095339],[19.60272827450238,44.851562511236644],[19.600138948491356,44.852667451707006],[19.617213754667564,44.862214412031],[19.613557378127872,44.87134613120308],[19.623185994411987,44.871174308989865],[19.632070686162624,44.890381098909906],[19.62889680822869,44.901903588716],[19.63919737718545,44.90091147282727],[19.640160175809473,44.90298432423496],[19.63636826938497,44.90391944513564],[19.638487546532954,44.908997603361826],[19.657384191170504,44.910447211502714],[19.674909947975383,44.9183420532032],[19.67383693359568,44.92486908101895],[19.699015661924708,44.92671796662035],[19.707064155283934,44.924271914969864]]]}},{"type":"Feature","properties":{"kod":79022,"ime":"NIŠ"},"geometry":{"type":"Polygon","coordinates":[[[21.862925812760757,43.481059886181875],[21.86752114491637,43.47779174503021],[21.887654779759636,43.477816518438566],[21.893707412055026,43.473696354918616],[21.898937472997183,43.47834054241287],[21.91171455724342,43.48105438326588],[21.919198343476896,43.47315451475761],[21.927564526168023,43.47141830112761],[21.93233417910253,43.467156326476925],[21.930909450716843,43.46443878270262],[21.940291184230478,43.44577332690791],[21.952362400215396,43.439549193792395],[21.96528685660209,43.4247098176004],[21.963162159796767,43.41010734426172],[21.983508314512655,43.40154728824594],[21.987444890588286,43.39034707850354],[22.02034925447578,43.38675329778592],[22.05247586125496,43.38925135639805],[22.105349993648144,43.36760829104407],[22.11416969937544,43.35627804788742],[22.137645031198677,43.35123070242051],[22.138615582945015,43.34768504021666],[22.133385947442044,43.34042437370285],[22.148270433106816,43.33245872020159],[22.145347961525705,43.32830138783579],[22.14714023321001,43.3249569241785],[22.141818484427013,43.31876138874957],[22.145796441678378,43.31572105174619],[22.143904665123358,43.31057557631173],[22.14939300318293,43.30423893815321],[22.14537063461201,43.29950231322431],[22.15841575544653,43.29444014295993],[22.166989241640323,43.280092979330334],[22.17536485806459,43.2760801536289],[22.167438170950252,43.269966841634016],[22.167319827859448,43.26614391667753],[22.161394061509014,43.26933440431782],[22.142271366997473,43.26508852105599],[22.145681436238522,43.25838591294031],[22.134829260462265,43.25145244024726],[22.13168396937563,43.23748676067629],[22.122526585083886,43.23421025390943],[22.12188824297001,43.21814018412725],[22.117162315574813,43.208944975460966],[22.100718495929712,43.21846946538293],[22.088483520697793,43.23047691250107],[22.078580124201302,43.24793865167383],[22.066176335363707,43.25016642359256],[22.045656952186338,43.26138400583579],[22.019446090661457,43.25531262850836],[22.011200996467082,43.256630134469674],[22.006594750976554,43.250330736465315],[21.99164050190123,43.24448595255351],[21.967706653129635,43.24220416812802],[21.966507820817903,43.236598784265695],[21.958629559136174,43.23339465233036],[21.955327087054165,43.22761594469185],[21.944233477963753,43.22524406870472],[21.93620845152056,43.235481996783676],[21.931803082966784,43.23301063810138],[21.927322440843362,43.236698422369685],[21.921225398763898,43.22904539012844],[21.915923075236933,43.22847929487962],[21.912317581335618,43.234249240126424],[21.913433188500417,43.24373408479407],[21.898013587054134,43.25850983213959],[21.89595268260152,43.26513582325358],[21.89997886858294,43.272562913374955],[21.895259840355475,43.28639498876727],[21.8908198548927,43.28369709114092],[21.883600085012635,43.286747360332186],[21.87665562231013,43.278083672367636],[21.865731245076194,43.281667981883565],[21.85005368706804,43.28019937569293],[21.84960757902852,43.268981691915585],[21.81644024266398,43.26756991538072],[21.817679294447558,43.27199623729923],[21.822721815001902,43.273317588018124],[21.822836088879438,43.27840570157649],[21.812238949364488,43.281783026004454],[21.80928469599192,43.28624785678756],[21.80181366371675,43.28464600920771],[21.78694605526618,43.31139127492575],[21.76510332869397,43.30153225381496],[21.75426073898804,43.30335585280175],[21.750924333830447,43.30086778492849],[21.72723687094641,43.327343196971576],[21.747435516092846,43.34808755785755],[21.727445732632226,43.37111818747229],[21.708798719511996,43.38108620539136],[21.748584052148537,43.395881618934965],[21.772506506415603,43.39960312921739],[21.776330154831314,43.411178951041485],[21.76145241455295,43.415384553274095],[21.76741050681264,43.425134786092045],[21.753179068457285,43.42512302150124],[21.758398797814564,43.43256505674427],[21.755264147849644,43.4374500087967],[21.758985627716417,43.440369377390084],[21.76374175218849,43.44286596412863],[21.77426804463882,43.43748255076952],[21.787067986028596,43.439936207345035],[21.793166902199726,43.433984407585676],[21.800857646555173,43.43480754730065],[21.819733442262937,43.449723138200625],[21.82848860850099,43.46400210951994],[21.848864902697354,43.48145134991231],[21.862925812760757,43.481059886181875]]]}},{"type":"Feature","properties":{"kod":79049,"ime":"POŽAREVAC"},"geometry":{"type":"Polygon","coordinates":[[[21.318781617406795,44.804549768659584],[21.33970207563128,44.794458845576216],[21.336752160950816,44.79054639896976],[21.345314288192352,44.78865840712157],[21.349232757600397,44.77319547061133],[21.34193713542995,44.77012972478918],[21.349378950049807,44.76303610919096],[21.340578224273663,44.758165622388645],[21.346711017437812,44.75737768305141],[21.3513968834841,44.74805181140639],[21.349672601360687,44.744255867519435],[21.33935509547369,44.741888616873936],[21.33971700258448,44.7387376774038],[21.333521132633358,44.74152784628551],[21.330888224421805,44.73488233370917],[21.324942338463988,44.731766287226144],[21.32659069684652,44.730101440179205],[21.31142706013763,44.722687071221024],[21.292520571825392,44.71905501043089],[21.27812384997462,44.71318151228703],[21.277024736224966,44.71002402420693],[21.27283488340331,44.71095180798528],[21.271693310236493,44.70525356559184],[21.289614673639115,44.70290034047959],[21.28333950932699,44.69635393545326],[21.27926539877524,44.6966684280426],[21.278767402263977,44.692967016918324],[21.28304494926252,44.69040870204664],[21.27716626759584,44.6908907459831],[21.280532653619886,44.68941167768654],[21.274985989566694,44.68540688564462],[21.27554573607285,44.681865970564225],[21.32821521968612,44.67015257331808],[21.358666526229673,44.6575325725585],[21.377423704629184,44.66081428567229],[21.390298130757767,44.65044446592448],[21.391388372805707,44.642650799385024],[21.383835187509195,44.64248334587856],[21.38143728651532,44.63652882467373],[21.376869130514432,44.63663923652217],[21.371657059505925,44.62913820888698],[21.357822440182833,44.62352849413946],[21.323607897035817,44.622036111099604],[21.296583376518416,44.62619458756563],[21.292481945982992,44.6124264534589],[21.299242264951584,44.60490599962596],[21.295462259766655,44.597289600577305],[21.275885690684888,44.597062676980926],[21.253967941325232,44.59198678408222],[21.237094203384594,44.59576493610277],[21.218121381276912,44.590110105788845],[21.215200267359,44.58716989943874],[21.223846926201897,44.58426322979591],[21.22764284270857,44.57897500414789],[21.23726283087994,44.58017778150976],[21.236190463724892,44.571913569410064],[21.231841099526058,44.57155619835821],[21.23031439976071,44.56781128582393],[21.24940095348168,44.56590035804941],[21.246658355821168,44.562267443196546],[21.220801661787807,44.56105189158068],[21.219302955939973,44.55784501617964],[21.220136700372834,44.5470747112855],[21.211249945966692,44.531778064952846],[21.219336318732136,44.52626308312561],[21.220361904940784,44.518566699578784],[21.229009924777138,44.51409032460402],[21.212531031637365,44.507795198218126],[21.204508549605162,44.50780898473843],[21.204527940044002,44.50530133148025],[21.17438300613854,44.50659801734557],[21.16871919556458,44.5018245595916],[21.16107562599515,44.50475582718463],[21.159011255694686,44.499438468420614],[21.153960427333786,44.49792570317683],[21.14388142368716,44.501476555529614],[21.14401243402388,44.51349485462091],[21.13067004797808,44.5143245926511],[21.126417622342398,44.51772968566642],[21.129511510846307,44.52789822105593],[21.141973529829688,44.52649095660451],[21.15176819062794,44.539588037981645],[21.14104824429011,44.54125437600586],[21.14093437216704,44.53373752880374],[21.13468209137087,44.53264169778903],[21.118033834201327,44.5459537205059],[21.1235852815536,44.548900611036025],[21.139528497372204,44.545377620530694],[21.128175379696867,44.566997865049714],[21.138383913923793,44.57026605225965],[21.137007093493185,44.579823538340555],[21.145958008111727,44.57893658359379],[21.148178827946953,44.58284207505058],[21.135643029195666,44.58620097038345],[21.11771033720833,44.58549060835762],[21.115525533739472,44.588417195148025],[21.11734276600619,44.59297787264104],[21.113679414401847,44.59528701770094],[21.094066606075284,44.586983781135835],[21.0863856676998,44.591786254468985],[21.086773270719636,44.60072582651942],[21.07355611029838,44.6082008118824],[21.076503079294273,44.61093417859313],[21.087387549492195,44.60930145315354],[21.088608274331776,44.613156584177624],[21.074706155528514,44.61160409404731],[21.068700830709105,44.606716196020635],[21.06454198448546,44.61284116796583],[21.058344475455222,44.6143681997508],[21.061020342834038,44.61932262144749],[21.069699789439078,44.61424930454311],[21.073265661166275,44.61743517650531],[21.081362397962945,44.617350996291655],[21.081713822212908,44.622307604356216],[21.088740389966773,44.62837668172194],[21.076423004936554,44.63272904601309],[21.071766056399536,44.62607160160631],[21.066238435999946,44.62487568310693],[21.063012466134104,44.627436516772065],[21.065129748717037,44.63348501705683],[21.06198447764769,44.63633717108722],[21.05023659966105,44.63227720484971],[21.053387569135616,44.64070862922453],[21.06212827512689,44.64227346526635],[21.061841063538232,44.64479722471012],[21.049791675687747,44.64248157260172],[21.04469882076041,44.63714687205971],[21.03703653396976,44.640489329326144],[21.03601613601524,44.64558048214663],[21.047565060869175,44.651048675333094],[21.030691489453226,44.659812642112],[21.027986058107306,44.66588101277138],[21.03673689851127,44.668785331883015],[21.044457542932133,44.66260850943524],[21.04857717190893,44.66422398750227],[21.041362630054998,44.67489645199965],[21.02526742131379,44.672742406059704],[21.02216411538205,44.67893593982875],[21.026464199838625,44.682032820048995],[21.039960094759195,44.68145833217364],[21.042302709861282,44.68526214786853],[21.038761937169237,44.69199966596345],[21.045808562535772,44.6954412996655],[21.052692798996308,44.69303283090399],[21.055093232840814,44.697604862723416],[21.043988701091184,44.69952166601382],[21.048762207943405,44.70659931631084],[21.045371658603155,44.71074679591006],[21.044087947662693,44.70453662912679],[21.031684120425965,44.69883783456867],[21.032632878601426,44.702231891259466],[21.040808652754876,44.70623130798751],[21.04059632609749,44.709227933508416],[21.03325705019073,44.70935103300495],[21.03133388418912,44.70209793294552],[21.023906307375796,44.7046524776184],[21.024231784010716,44.70991988232586],[21.032644451988197,44.712962751179276],[21.036777061118222,44.71863284052937],[21.052102208629712,44.71653588422151],[21.07574273651786,44.71879977610153],[21.10819518115031,44.73133782485522],[21.149085280971676,44.73851227952158],[21.162862517612837,44.748427107842026],[21.165058177636283,44.75583726101656],[21.178257738760706,44.76486927268973],[21.196680316734305,44.768061944405964],[21.21730323495303,44.78337434810834],[21.258389674644445,44.79144389444533],[21.279164583513843,44.8020061479084],[21.289081202197114,44.792873393721756],[21.30318461980735,44.79474304547588],[21.318781617406795,44.804549768659584]]]}},{"type":"Feature","properties":{"kod":79057,"ime":"VRANJE"},"geometry":{"type":"Polygon","coordinates":[[[21.944173958840068,42.79477548561],[21.946911254912973,42.78774902895094],[21.932475120058196,42.780784089028224],[21.931819094721615,42.77116332546574],[21.922859751074736,42.759130370645714],[21.92482905150027,42.75686671231332],[21.922292519016402,42.75245700517623],[21.930294601624215,42.740776648291046],[21.93068691882881,42.73065121211704],[21.925155244506552,42.71514052350988],[21.92506740693032,42.70556390241457],[21.916697814993416,42.69705242870014],[21.915829924355258,42.69142943456173],[21.92734396277675,42.67185081996645],[21.92001469670313,42.6632480549296],[21.915292147967676,42.64988496695478],[21.923492120970806,42.63506694382714],[21.94536249616937,42.629361602930324],[21.95988447189854,42.632052630961326],[21.968782865224135,42.627492523072064],[21.97194596655883,42.619326956319256],[21.97789705611297,42.61594392870548],[21.97730588517286,42.61160775374187],[21.983058497021027,42.602807090370334],[21.981314103161,42.59690970452772],[21.973999473446572,42.59587377321508],[21.981608756790497,42.58979314465189],[21.988004852797655,42.589155718300184],[21.987971672397805,42.583944276374346],[21.99376827880406,42.57946260104265],[21.997978900237875,42.58082061978183],[21.998494535679814,42.58841728288473],[22.006501908685767,42.596171392214636],[22.006302428886908,42.60020891318509],[22.015589220955665,42.59958959274096],[22.02331793391299,42.603509639736785],[22.02512797614805,42.60939811771184],[22.03249106964996,42.611200792434865],[22.033946667636194,42.61750415646462],[22.038021503939184,42.61191337774804],[22.049964112624146,42.61094127752333],[22.053756611968097,42.60726993949602],[22.06695355332935,42.60769498073954],[22.074295767314382,42.59974332525239],[22.09071123947919,42.596236345634246],[22.095137780998904,42.59924161942542],[22.106416937219233,42.59447487667592],[22.11798351312579,42.599066034850104],[22.116881572744724,42.606388824465796],[22.126913960217127,42.611215708513114],[22.1325189257058,42.608180329610846],[22.139048567633015,42.620519307082695],[22.149314852680796,42.61148703046366],[22.150871815717394,42.60445288803868],[22.15866423087627,42.60221608100232],[22.16446889712438,42.59578505899555],[22.168359660702826,42.58705496721481],[22.177220166354648,42.583382776231325],[22.203736699729973,42.58334247056706],[22.210569294970057,42.57576765592851],[22.22041487947011,42.57179099107097],[22.22030376774833,42.56522938977469],[22.236097375247795,42.56399757744602],[22.238396083075248,42.56168017064602],[22.23544840080514,42.56184651443092],[22.23645916220355,42.555586971843326],[22.231786061183325,42.54740241704796],[22.23375601202679,42.53254136803381],[22.23036818282328,42.52905060919903],[22.212003057579352,42.52628321592821],[22.208222187441077,42.522787440660295],[22.213312818110563,42.514654551148695],[22.20890817724004,42.507184368119226],[22.22189395343534,42.499837416952644],[22.212681506140456,42.49128499487058],[22.217505410559358,42.4830215687084],[22.202141146866204,42.47391250745527],[22.201806004242524,42.45857048560914],[22.190774020935486,42.45568450354448],[22.180231853459336,42.45749826640537],[22.171476991786008,42.44400063905431],[22.16024202555105,42.44686476606302],[22.151840906057583,42.442212758279375],[22.13947842468611,42.44507787288985],[22.130057595203375,42.453621723936166],[22.10891462541421,42.4604774797576],[22.103699379679554,42.45127780314757],[22.104712867875012,42.43441491943626],[22.109594708343238,42.421600575438816],[22.101860531132075,42.41769956002334],[22.0947227824039,42.42559371626634],[22.07814505804256,42.427140047186114],[22.06756859249775,42.422991201599096],[22.065106355957163,42.41873040134042],[22.055412816347058,42.417633287470544],[22.045227112802326,42.40972991952242],[22.03219359351641,42.41429311303362],[22.02863248386316,42.42206095669897],[22.020002685304004,42.42722519752083],[22.01063467065085,42.422975881220474],[22.013187845950373,42.41244277696786],[22.006162971343358,42.40907217456986],[21.999171864533313,42.41215584950498],[21.992746090695768,42.405839823712896],[21.96391555913524,42.406605757292226],[21.953502469151413,42.40049812525483],[21.947713473594362,42.401924178577445],[21.94121807657686,42.41169547167081],[21.918318398578606,42.41075474396635],[21.898086121851165,42.41450038416719],[21.89263100287318,42.429065167556445],[21.875317650545057,42.44197810195559],[21.87452282092552,42.44685928799402],[21.862534164156234,42.44995642386228],[21.854504277793286,42.45485683994395],[21.851555319722074,42.46118456084144],[21.836050188078158,42.46739025167373],[21.795748039334295,42.510391252367214],[21.778385888553753,42.52027502146996],[21.769918424276014,42.52135752112796],[21.76149596358609,42.529323178796766],[21.760903762355372,42.53875664462245],[21.77565356277406,42.560461999257306],[21.784594841528424,42.56406644198755],[21.79065610702471,42.56308826476279],[21.795774524460075,42.57119100278984],[21.823407115263183,42.57977555625521],[21.829216564060104,42.586818705194695],[21.838352593090836,42.58654353818124],[21.841566135011607,42.59332431190496],[21.847106004923518,42.596362429167755],[21.849644471624437,42.60198943526229],[21.84646636664276,42.60683209239154],[21.85241510767755,42.61385497566269],[21.833516854551632,42.626777548771194],[21.835176241048572,42.63365492787748],[21.827587093880172,42.63886386538028],[21.82722293265045,42.64393635219825],[21.804704017185234,42.64772800042017],[21.801148165065268,42.65257425621534],[21.79718884235957,42.64877732927695],[21.7898781296112,42.65126809002264],[21.78091300701867,42.66220389036981],[21.77134474671242,42.66730424087889],[21.771734209377275,42.676895345023745],[21.759713515170542,42.683780954055045],[21.753405111624275,42.700923035056874],[21.75780424853605,42.70368474701205],[21.77642448315106,42.699377699581994],[21.775817089155087,42.70317404978084],[21.788988486980635,42.71878695156883],[21.788547974518618,42.73001952654345],[21.78379176258859,42.734445609382874],[21.785586283960402,42.74209766376323],[21.788181864081558,42.74446026060558],[21.79388227517996,42.7431018264439],[21.794920972254257,42.74682032188684],[21.802842248193755,42.74674617551978],[21.80049639927391,42.75685661153072],[21.812377366434504,42.75634613877468],[21.817981043313328,42.760476793825525],[21.816416536717607,42.764614863759256],[21.810517606163497,42.76459463369296],[21.80772837597225,42.76849644027889],[21.818900865225423,42.77582505608589],[21.821075506178445,42.78422780999419],[21.85312799806325,42.784989072666576],[21.86632656737928,42.78986837415585],[21.871339200074406,42.784148220664655],[21.887643041298166,42.78715855612431],[21.896425716922106,42.79225385926266],[21.912956002035134,42.7894191033163],[21.92293098155624,42.79516185874903],[21.944173958840068,42.79477548561]]]}},{"type":"Feature","properties":{"kod":79065,"ime":"UŽICE"},"geometry":{"type":"Polygon","coordinates":[[[19.859506571197706,43.979074746394915],[19.868743137373155,43.974980014362195],[19.878418471455802,43.9772611956415],[19.88715500457573,43.973706638093084],[19.890914334130482,43.975383134154335],[19.93369955145482,43.95835393947419],[19.945763151905805,43.947814398108264],[19.93581744883479,43.94302090324662],[19.938498075005473,43.93302963502065],[19.93494406531112,43.931314074339866],[19.94257519660063,43.922580993715805],[19.958202339676372,43.913185380017914],[19.95648318204833,43.9088811639714],[19.96792195749994,43.905290181530724],[19.974352156336366,43.88920305302812],[19.967639758423637,43.875079615281194],[19.972068856877396,43.86413098896082],[19.967611758511755,43.86417601971796],[19.96097120529834,43.87228149730115],[19.944625260812973,43.88073240232479],[19.938689124517285,43.874020593896844],[19.913641207344607,43.86274509626949],[19.91549416418898,43.85580181076271],[19.93021799164849,43.8518732388342],[19.9268752631718,43.84658926721487],[19.947161929616996,43.838971014478204],[19.947252788448555,43.835104532316834],[19.960732836241412,43.82754426573509],[19.961379310888027,43.813021445351914],[19.96862832193593,43.80955232348073],[19.97717104669413,43.792593171480895],[19.974830200837612,43.78922876260545],[19.95314898855825,43.78167454613083],[19.95619757242785,43.77761893354972],[19.952563941582216,43.77047185170641],[19.95288557645537,43.76206496396266],[19.947450029519825,43.765831915867906],[19.935574948446178,43.76438283369746],[19.941574781759876,43.75175491743323],[19.936930645274266,43.74945397242314],[19.930955530902523,43.732478562826685],[19.9427442864973,43.72912484330982],[19.94414727288015,43.7253763004951],[19.94996388160417,43.723433099893505],[19.949639690086574,43.718420165235045],[19.908317678421966,43.69761272782612],[19.90095605624295,43.69708244677097],[19.901320094119317,43.7028629161374],[19.892390868715474,43.70676699082503],[19.885107904219293,43.71691575523997],[19.88191530398178,43.71473871463552],[19.876527820943274,43.7177189082118],[19.877028303170157,43.720335690447605],[19.870715036454026,43.72433784491928],[19.871111048152837,43.72994824342688],[19.85794880178622,43.73453590809409],[19.850230110312065,43.7335007488657],[19.8472449228006,43.73745973004571],[19.826029526376306,43.736089249058104],[19.82978879668377,43.75102622022967],[19.840998754517404,43.760867725003344],[19.84027227766849,43.766988341630004],[19.84783034023613,43.77768358986939],[19.80141050871904,43.81298195792533],[19.78817546743297,43.80944675078599],[19.76970284975863,43.81020895823995],[19.749691192775426,43.79714893025456],[19.74110988851867,43.80221900945834],[19.74190003327649,43.806774316043324],[19.739200393399642,43.80752770087352],[19.742575022253877,43.811415027266584],[19.737615385818284,43.810651735666305],[19.736952284613437,43.81725283054411],[19.754320035997246,43.824452596157585],[19.75423805524974,43.83786003821693],[19.74883900262175,43.84201657485966],[19.747893634850186,43.83857359047111],[19.743349504705186,43.83778123846914],[19.735077489946818,43.84499425270975],[19.72868432617429,43.8463988653283],[19.719211702438447,43.84680606875937],[19.716138353576884,43.84421611387602],[19.718582356148943,43.83238669282366],[19.69637516046632,43.8251652914587],[19.682574326788206,43.83540987046403],[19.669547846932048,43.83074923552405],[19.64801710926554,43.834811234698215],[19.650366632143534,43.83182912380403],[19.646217827396214,43.831500177695894],[19.63837722698854,43.83718971286221],[19.634808260783583,43.820121942582425],[19.618825574305756,43.81512110008332],[19.613543860514707,43.81794167521714],[19.606605778231692,43.81399717591144],[19.610679231624264,43.81295323469278],[19.60572533677502,43.80274913097149],[19.607801350609225,43.792783958534706],[19.601365273362475,43.78762278374645],[19.595912320590053,43.786916416637794],[19.592010087512367,43.790828500504425],[19.581765642494855,43.78344269287852],[19.580506469572427,43.778394761143076],[19.568671226376846,43.78708149138145],[19.56422948179062,43.783885739653215],[19.556897878510554,43.78876653078816],[19.54607875748903,43.78716036253202],[19.55171942456179,43.76706996021512],[19.546402397522108,43.76567434121592],[19.544870355385026,43.761711438899866],[19.54821836821616,43.74440292765922],[19.541908343395658,43.739265528433336],[19.525159183163108,43.73580422444959],[19.52885553159075,43.72306428407427],[19.538729740740003,43.71635635064252],[19.519330314400992,43.709992164932395],[19.518687330469426,43.71455546752886],[19.480922915274505,43.73367213691989],[19.476941562686303,43.747404759619265],[19.467296444535645,43.75382756481239],[19.465360698135086,43.764486551699804],[19.447434048132152,43.77517952119505],[19.431216264823362,43.77685207348203],[19.431388006325506,43.783939404056255],[19.421100275952416,43.79674768921802],[19.41141892498682,43.79394532263581],[19.39428439185906,43.79859131369509],[19.391219371942142,43.80926764126551],[19.39608423868036,43.81754148581413],[19.412050403493563,43.81398783574891],[19.414007929205393,43.81790755809476],[19.42647186663181,43.82219674695246],[19.429474588819996,43.8272764686385],[19.439825465475995,43.83286115623316],[19.435872689302748,43.83552619587617],[19.435010692644283,43.845186474426704],[19.45401405242433,43.84809584641859],[19.456406746982825,43.85160962379659],[19.44977453324041,43.85788162139007],[19.452153399721574,43.85828419247003],[19.45051861004385,43.86054189354083],[19.44456796442198,43.861039491188336],[19.43903451697587,43.86744776762687],[19.437120256457668,43.8767382290682],[19.43281286227156,43.87545324019806],[19.430456515242366,43.87796552685822],[19.43892828827807,43.88088210918333],[19.435812894653743,43.88394199528362],[19.4448327444281,43.88798560323329],[19.443933011010973,43.89438628266005],[19.449181028544825,43.8972023437215],[19.458049928489373,43.89630445860832],[19.469635465105874,43.900312990841385],[19.480775675025857,43.89864453353804],[19.485099987183094,43.89409076012805],[19.508954920203543,43.88751364020347],[19.522236637080486,43.87743432194663],[19.529582542128704,43.879453207217146],[19.535073339338503,43.88702936525637],[19.55289620921181,43.88772754157874],[19.55920089167979,43.89179579125305],[19.568743580100058,43.8924128382142],[19.59956314324924,43.88371596854758],[19.60220104334932,43.88654897493019],[19.620706850819218,43.88657821156805],[19.64062756670172,43.90195864645028],[19.70765379026156,43.89704785572469],[19.720765967219695,43.90500722476235],[19.736910221159373,43.90796097898363],[19.755283052266357,43.92048699476927],[19.772089926842376,43.91965650905909],[19.78318915616266,43.9255696416563],[19.78601293592981,43.92823235092549],[19.784264817396938,43.933723155527694],[19.793541118626486,43.94188382374131],[19.791558891533935,43.946772432947135],[19.79707426666481,43.9529702353215],[19.784519684594365,43.962299861088525],[19.78531134044892,43.9643369057735],[19.80395254431429,43.97411383026581],[19.81783151981197,43.97127222017814],[19.835141192155028,43.978322930099985],[19.843084396706708,43.97565169162779],[19.859506571197706,43.979074746394915]]]}},{"type":"Feature","properties":{"kod":80128,"ime":"VRŠAC"},"geometry":{"type":"Polygon","coordinates":[[[21.274749350828955,45.22967866085811],[21.292260417803867,45.24241310360515],[21.32000844342067,45.237594855659545],[21.320779587787136,45.240191483978464],[21.32620147622195,45.23960013981034],[21.325283362978652,45.236319751212385],[21.339014105558086,45.2356231691357],[21.337947126335006,45.23328972237818],[21.36001754917546,45.222101833440476],[21.3696342767358,45.226065530606576],[21.395346531387222,45.21878091906631],[21.403433325077884,45.22927054971586],[21.41227074794767,45.22101934493912],[21.431165266041603,45.21279937335695],[21.43880427774158,45.202798149584346],[21.482973899288773,45.192021260320416],[21.49312329303416,45.17319390647059],[21.51482156452297,45.171154735773804],[21.525940198779608,45.15511201545666],[21.528825621058076,45.14732243893865],[21.52740935431552,45.13787495885414],[21.49579053037588,45.12453654823271],[21.487137658481032,45.12536225908255],[21.47845815872512,45.12120078660166],[21.469692880111186,45.105260846619444],[21.483382759812713,45.09129029341863],[21.459402032010786,45.07198369318263],[21.44702487678024,45.055755588037705],[21.456050883789327,45.0404095146243],[21.426283807881234,45.0353225950497],[21.422948938505275,45.03238333206406],[21.42078028252245,45.03649541179067],[21.40588900291958,45.03697739505024],[21.400943909237938,45.03020766257091],[21.396761373333614,45.03129401715754],[21.398060121928257,45.029478032592976],[21.394025017870476,45.030001426652426],[21.39297208451499,45.02712657325383],[21.388562758630542,45.029245019419704],[21.382578525008096,45.025572203747394],[21.37469478980471,45.028255210739],[21.36104055051819,45.021426877763716],[21.360327248289686,45.01815805949833],[21.356309276816305,45.018709208866824],[21.346463149313006,45.00861221225425],[21.35628234121576,44.997842380579435],[21.339947383012493,44.98264751521432],[21.327524862340322,44.98054793725588],[21.322539731224193,44.96871095738643],[21.34654614731623,44.94958111930998],[21.342541651710913,44.94621208997313],[21.328470210354073,44.9530004339704],[21.31370458609735,44.96537593762594],[21.30775229362065,44.96598856512262],[21.308755905051026,44.963428062621716],[21.30499922293276,44.96391810238483],[21.30711729765277,44.95997421800097],[21.29709194686078,44.95634659665999],[21.29636973247898,44.94962101752935],[21.29626147763168,44.95207259104477],[21.292806111822507,44.94959171267105],[21.29105107698846,44.95238435453158],[21.278735567988562,44.94643765842279],[21.270930212708606,44.94695044972552],[21.274563915996218,44.94183723139353],[21.269541227080456,44.93447120966065],[21.26524804484128,44.93490175713393],[21.269292640329375,44.93351678140374],[21.266852613874082,44.93137431214797],[21.255291627690525,44.93738205775734],[21.22936207998542,44.941883263428466],[21.226496671140385,44.94933647440302],[21.230374534544996,44.95190202110567],[21.213532005909777,44.95396778375686],[21.1744827199775,44.970428484919395],[21.16455061702019,44.95841040752889],[21.173259849205817,44.95199120926469],[21.165481972964624,44.94860816698618],[21.155606776973304,44.948513554087],[21.13420680265659,44.9589752151297],[21.129320748022415,44.954741991892774],[21.184542419471235,44.92443384896835],[21.141062273528608,44.88502300799978],[21.05484918403978,44.93173220538283],[21.06395740893439,44.94006699929062],[21.06854791949142,44.94031557909374],[21.09895634028376,44.96948519312801],[21.082091314890558,44.986147927657804],[21.09058321756805,45.01025011669764],[21.084996807701536,45.01105630109868],[21.099804748150106,45.05785811050973],[21.095470373993894,45.05731621474508],[21.106931194111887,45.094966467377255],[21.104606815766545,45.0952192294556],[21.106610826120487,45.10215054031109],[21.101396272417993,45.1198256252942],[21.10822107105685,45.12164079241659],[21.233944880893517,45.20234092096864],[21.21744055988015,45.21745390925369],[21.210861215931885,45.24731325349426],[21.223536602132864,45.25293754608175],[21.249189344202637,45.24379588609253],[21.274749350828955,45.22967866085811]]]}},{"type":"Feature","properties":{"kod":80152,"ime":"ZRENJANIN"},"geometry":{"type":"Polygon","coordinates":[[[20.367118868550364,45.60419616358133],[20.380382257079184,45.603191993539824],[20.387027152375218,45.610220100954486],[20.42559897400325,45.562818828383314],[20.495936789744885,45.49927504577026],[20.49531772004511,45.495891527206965],[20.489782264848504,45.49849023733666],[20.486187353697648,45.49438447211839],[20.469894983607112,45.49554482556918],[20.475034192332863,45.48065894080143],[20.499843116410297,45.483593376918826],[20.506689911368674,45.47207316395131],[20.494072490058254,45.46656528655445],[20.50582561014522,45.455078003850936],[20.516658617453345,45.45906956182774],[20.52956687059509,45.443883262228624],[20.535494428289237,45.42696255642261],[20.539209812842635,45.427828661242046],[20.54076848918503,45.42477543045865],[20.548566357375048,45.4266488199558],[20.553846686861252,45.422235721453205],[20.549481002697487,45.41162180361903],[20.551523504927435,45.40575499258173],[20.55862483750746,45.408706299927665],[20.561344060086032,45.40130753400391],[20.565830939410755,45.40208409225021],[20.5684208115998,45.40419210402145],[20.56640814802667,45.40657561267202],[20.581908431626285,45.41310389376227],[20.578070276542746,45.41687815885243],[20.58294317173527,45.41894168968345],[20.579529347185012,45.42171933828478],[20.59486882249061,45.428074371790146],[20.60543406266067,45.415639655777404],[20.62911158948275,45.427946288505396],[20.61793496905484,45.438813044493955],[20.627592472891937,45.43858690087081],[20.630852943335366,45.435595356568875],[20.651781929058924,45.44628424563893],[20.68119431074701,45.43053886083968],[20.679135036973324,45.42772565175012],[20.670796974668153,45.43252839080624],[20.655490520998498,45.42694492900395],[20.666180598267104,45.41832968162079],[20.65299662434388,45.40853116673718],[20.67917445745,45.38700556366162],[20.675464528010778,45.37818139499576],[20.68173381935869,45.3472649226267],[20.677262925999834,45.3457541973231],[20.674324011976534,45.349522489789294],[20.672490049517037,45.34869520865197],[20.675655092515232,45.34092579339848],[20.688789347954604,45.33068856419634],[20.678948900163082,45.32902633309817],[20.668977381646357,45.33632730482721],[20.661570017772636,45.33138796085272],[20.66010572964255,45.31638843743172],[20.66266115541041,45.31039708080661],[20.649796922928033,45.30612711296348],[20.645114363049593,45.298893388775724],[20.6725106944083,45.29768710496752],[20.719173232023298,45.283978977396956],[20.692109025419263,45.23954758653777],[20.7033691466185,45.22307645321254],[20.695720976599194,45.207366472375256],[20.718566161247004,45.18308279484579],[20.683128926312456,45.1975287565893],[20.691948939527098,45.20595017296621],[20.68727359908971,45.21039074396746],[20.626748818282795,45.232717286074006],[20.62429535635833,45.222994258367216],[20.585168947668482,45.23808547013172],[20.57771424604976,45.23328964836675],[20.573782859381918,45.20993817159415],[20.561988835553617,45.21097598275996],[20.564784376443935,45.20351763319071],[20.55777683478,45.20457154574809],[20.553568468056966,45.212913528182426],[20.548005979349124,45.20531386538873],[20.546238918856847,45.208770438660714],[20.550126399489336,45.215498885129875],[20.538661777277508,45.21382199973537],[20.538983961235072,45.2179791345185],[20.526962889770495,45.2065693297667],[20.518259718295695,45.21025591077634],[20.518983409588525,45.20319859889292],[20.51428682112872,45.20333301644698],[20.508744611587865,45.20907063551895],[20.49805923810954,45.21057102839571],[20.512365078606624,45.21815658153012],[20.50593357271814,45.22231159400696],[20.488206251899367,45.20316496600566],[20.48969953792436,45.19124221925412],[20.477417812906953,45.19894342721242],[20.47676738110773,45.190735547608476],[20.48235394594106,45.18437973649558],[20.469575292585965,45.183455543928396],[20.472544274546582,45.172721213601804],[20.465180286320937,45.17413321364711],[20.466971596306898,45.166918267226016],[20.460139278270944,45.17250955365707],[20.45793696414717,45.17052402881403],[20.46652130728257,45.16265714262472],[20.46339957808201,45.15666207358142],[20.473242460142323,45.15624396649181],[20.474300052180787,45.15246635702874],[20.459551300190096,45.15303161328945],[20.45847862844475,45.1508846642148],[20.46674628761602,45.14427560264852],[20.458456209459715,45.14476721695214],[20.45306858424159,45.138814548203534],[20.44845881189898,45.13820513998944],[20.444705293435078,45.131896557596846],[20.434600483593847,45.13262983397286],[20.454711613677915,45.1261359487952],[20.409372472123668,45.09574266864531],[20.41220164900322,45.0934849003902],[20.41064328990806,45.090156112384236],[20.415444668419973,45.09328106161028],[20.417271701217988,45.091625565971775],[20.414336912444014,45.08416640736131],[20.37482765207725,45.09689537854411],[20.334114425541394,45.07440764182117],[20.31794746225095,45.085025895869194],[20.27225822348026,45.134113520916806],[20.27704143608572,45.13631899165855],[20.28110208394286,45.148633837720276],[20.275935638176733,45.16753628971528],[20.27810775580535,45.17233672233614],[20.303601199165087,45.17986544274152],[20.310214954195942,45.18738933726095],[20.31401052091721,45.205384294139385],[20.31200013947661,45.22566385473733],[20.2813954844626,45.26469351680303],[20.271594010658962,45.27278275107767],[20.239773014132815,45.28609615386989],[20.235938425661306,45.29162532118361],[20.238791649611475,45.303822589419745],[20.228884426053146,45.30567011706169],[20.2393524171057,45.3124863823595],[20.26536326778456,45.31329991918886],[20.271459937289926,45.316782263774336],[20.250516856903783,45.32218810754638],[20.25489092847505,45.32916883387289],[20.268350216556577,45.333594237483574],[20.258780363583778,45.34497459647708],[20.235250425603443,45.35812997508191],[20.21347454091603,45.36468553449803],[20.202651458440045,45.381887746937004],[20.204301480045146,45.39082603634375],[20.224550848272333,45.418461611702845],[20.225065400251808,45.43100968999488],[20.210556754193405,45.429422199042556],[20.20656593629925,45.4248563640629],[20.19929532760345,45.42385939748564],[20.184585419751116,45.42629509156967],[20.178622781872782,45.43082095064272],[20.159871429466573,45.42807662144048],[20.15106545097005,45.44456429570623],[20.154320786882256,45.44473754674298],[20.15271967756138,45.45551447590341],[20.16151446401641,45.45642787096173],[20.16056768786318,45.45937020843527],[20.184912206087752,45.46022847874045],[20.14728032828255,45.491548916999655],[20.173926973616634,45.50455219698469],[20.191107990206113,45.4939425595634],[20.209142949772062,45.49042980234031],[20.28580718369282,45.50113127579978],[20.287961819177937,45.511523940948095],[20.266896506202396,45.533392165236286],[20.335034666438276,45.61916712144],[20.367118868550364,45.60419616358133]]]}},{"type":"Feature","properties":{"kod":80209,"ime":"KIKINDA"},"geometry":{"type":"Polygon","coordinates":[[[20.330605145470404,45.981326203169004],[20.379818430340258,45.9621882842053],[20.447306090336962,45.970247544786424],[20.482932085097776,45.95342689591239],[20.501772542191617,45.91066358120952],[20.515816285848345,45.89210796186221],[20.549593437768507,45.89992512687524],[20.546517332784397,45.90591942743386],[20.569302838906413,45.910145978468805],[20.578740464031956,45.88496586037632],[20.57459392500561,45.883991064462094],[20.575213657530735,45.878764337340044],[20.581461433722843,45.86936818784541],[20.594432109390407,45.87171063097671],[20.598889510215898,45.86171684510518],[20.611712157056843,45.86398664822828],[20.660443830401427,45.82915041878882],[20.650703551013965,45.81176324863751],[20.657113708195105,45.80800720525659],[20.662837208285847,45.79411920808469],[20.64901331150307,45.79242906808022],[20.656314922242593,45.76977402752331],[20.630760377928574,45.749463032302664],[20.627825129028423,45.704657295489305],[20.55748911153725,45.70889420576883],[20.546544481004858,45.6931495474626],[20.531347237783763,45.685365797629245],[20.522926103241364,45.68595164294637],[20.51486112714042,45.66189224047818],[20.535720852786945,45.61389513287679],[20.451040506935097,45.620748813359484],[20.404831860581197,45.6089905449221],[20.39439219102296,45.60131051340284],[20.387027152375218,45.610220100954486],[20.379653815387204,45.60283388115121],[20.367657633218016,45.60407198037596],[20.335034666438276,45.61916712144],[20.347580518201422,45.63400231519698],[20.36434960216832,45.637908155680975],[20.37232368121306,45.64790426794652],[20.349606196268958,45.66267566534769],[20.34971183726304,45.66873534815248],[20.35822511522648,45.67971610638235],[20.353797306368833,45.66305510400995],[20.368596153307006,45.65972191264016],[20.369579288320917,45.66290623220295],[20.378356627698402,45.663876724155365],[20.3807714319798,45.668652983190036],[20.38945436994083,45.66596943666535],[20.397164653691572,45.68123637442845],[20.413036778439043,45.67468009526676],[20.421319576945706,45.69176063421047],[20.43468526216809,45.6979529050822],[20.42217191366804,45.70795286250583],[20.422190911288503,45.711036221887376],[20.39351551986481,45.71747891207084],[20.384791548157335,45.742548313209284],[20.3658608213366,45.76834769874885],[20.364408550264756,45.78310029506796],[20.341450657437104,45.78483803012312],[20.335302801246012,45.7772862642916],[20.304949479278882,45.78876879818539],[20.173195528215533,45.77978132275013],[20.166029087765576,45.78432602085569],[20.240662098655157,45.8044179026376],[20.245031637319485,45.81000030297755],[20.24601822556231,45.82020848845354],[20.253355608651532,45.82908251486727],[20.245418724615813,45.86925921702794],[20.264047836094853,45.88396013485296],[20.30347117576391,45.89624311125294],[20.293372587990767,45.92615312963584],[20.297233208177683,45.928590060509976],[20.291086772594667,45.928653942122],[20.30259932407883,45.937388513214216],[20.30046136345912,45.944228280878974],[20.303316279052318,45.94079585747207],[20.31876966796898,45.939682000151805],[20.320459986947306,45.94701172657443],[20.315303446158385,45.95660280116823],[20.307767654982552,45.957657692265705],[20.31623699210981,45.9590680223686],[20.317760672026694,45.96191052103407],[20.309764428769686,45.966003507450786],[20.315873749210148,45.966570963473686],[20.315125442270517,45.97075229165749],[20.31862017423963,45.97432095225608],[20.330605145470404,45.981326203169004]]]}},{"type":"Feature","properties":{"kod":80314,"ime":"PANČEVO"},"geometry":{"type":"Polygon","coordinates":[[[20.761942093786136,45.05370852852176],[20.768285363287724,45.04280735626438],[20.772551308355602,45.044812139649714],[20.827484911524763,45.013454144248],[20.86875791078438,44.969780403341225],[20.91024989880963,44.9927609250252],[20.91824612425888,44.92315541696326],[20.951974219462134,44.89978692466218],[20.948328349919574,44.89340386008295],[20.867601748835952,44.868288561180904],[20.805189430207506,44.83872144747049],[20.79339709941681,44.825570068056734],[20.81308208607383,44.82023844737621],[20.812147594265323,44.806458053417835],[20.816695959845593,44.803198581521244],[20.819274180586532,44.79104518449596],[20.8282309129301,44.788870794369274],[20.851061984630466,44.79182255952706],[20.84579656168417,44.78487109792906],[20.849021401013484,44.78335659878102],[20.860613614860974,44.73160157123391],[20.837151686668207,44.7111200910738],[20.82339932850312,44.689997154396465],[20.799908326184763,44.688438089663315],[20.798914262923567,44.65855479233986],[20.769875452013952,44.66011852161468],[20.75930450324561,44.66779007031877],[20.724116826837253,44.682883684412616],[20.69150533921305,44.71153972082602],[20.67810839397157,44.7319918209643],[20.643435755740597,44.748322949582544],[20.63039057320496,44.75997633586782],[20.62681777186037,44.76884279351531],[20.630120394224445,44.801967743030346],[20.613603434479444,44.81942895052953],[20.61741862832623,44.82908025557678],[20.596883328144372,44.82829213006512],[20.58630967245478,44.84271216588101],[20.57622900032176,44.84864888279907],[20.595393302309112,44.85524928442683],[20.620668865903305,44.85434101807271],[20.617368669120513,44.857476063492115],[20.591187554871173,44.86269942507904],[20.60194398222127,44.86706193279901],[20.62321085048341,44.86937097216879],[20.614269823227076,44.88781408108693],[20.619704185329287,44.89481490096651],[20.61842204386656,44.9024387430699],[20.622361318921,44.90846361043473],[20.592685920791613,44.9348491186298],[20.57606871016271,44.93558602987126],[20.575985784585832,44.94087377554282],[20.57177702724379,44.94305570027202],[20.566723318259815,44.93955648623847],[20.554627926127537,44.9409109785714],[20.53460869427331,44.94972046486664],[20.517761265584245,44.972084169661066],[20.52249257849596,44.97857003947824],[20.499715940312534,44.9885606717344],[20.503929751015924,44.99521707236331],[20.51961175671882,45.00529939144562],[20.6074758376516,45.020038215490295],[20.608050048324337,45.0107610706314],[20.630009357481796,44.97986319602964],[20.6218037268337,44.977316894563735],[20.62539454946737,44.97227626761969],[20.637263247747388,44.97632948246452],[20.633850530398863,44.98114032374362],[20.652517006158135,44.98905236524875],[20.656694498357663,44.98285176055471],[20.715737881871277,45.002820280221016],[20.697785839324208,45.026685828350516],[20.761942093786136,45.05370852852176]]]}},{"type":"Feature","properties":{"kod":80381,"ime":"SOMBOR"},"geometry":{"type":"Polygon","coordinates":[[[19.147741597275296,45.99611894386807],[19.204918113867485,45.99268150322367],[19.199563774591578,45.99817143888844],[19.232719828897093,45.9993292746112],[19.236656603544088,45.99505836257465],[19.285345154146217,45.996760155475634],[19.296535417756893,45.987794298903125],[19.302733957485643,45.991532605326036],[19.318223798949365,45.977316904098124],[19.329565898953046,45.96025151366385],[19.347745541335133,45.965541171319686],[19.345434386533547,45.93741070110547],[19.34838685414058,45.93495289376786],[19.362947649633814,45.94344696633795],[19.374621946665645,45.94106645967018],[19.333566887568445,45.914677521360225],[19.358309479658715,45.882109911855785],[19.362057707036556,45.84039213866261],[19.37950168147786,45.82327390832291],[19.395472291590668,45.81745247219767],[19.421966596209025,45.79503160744794],[19.345552887857558,45.75888453743743],[19.331142554135486,45.74896648050776],[19.32030353330516,45.732071800532985],[19.32986586750555,45.726552530735916],[19.335474466900546,45.719084237799926],[19.283454397941,45.73297621855445],[19.284075684693143,45.72525571086426],[19.27972109417245,45.71447824871571],[19.269680510449245,45.70780914994424],[19.32305893236418,45.69777679137736],[19.29141520795118,45.676101842382394],[19.30730458126984,45.66539623302907],[19.325448391683285,45.66510507047869],[19.35286054733066,45.645836879471226],[19.333403582928653,45.63589137737791],[19.319631498450722,45.642531125627656],[19.297528172136744,45.642760509873206],[19.291931846174084,45.63950455456219],[19.289101717842666,45.642159262033886],[19.27939658299179,45.641444952546586],[19.261756725466544,45.6540687499827],[19.234113864301822,45.65215316265952],[19.211994280861923,45.63232640236084],[19.22366110292345,45.62939522764531],[19.23443732453775,45.61353120846694],[19.24253390412278,45.590975970582626],[19.235710980660805,45.583610318308075],[19.189023739119467,45.573684530631134],[19.18746333043917,45.56928568010606],[19.17798300919882,45.56767667704188],[19.155805484162343,45.56963793327973],[19.145348283171018,45.579952753376475],[19.143119808602048,45.58953259672245],[19.1518925979798,45.60440670796036],[19.15110168110602,45.60822839888834],[19.159021279302667,45.62206070993315],[19.17217542657376,45.634357485073714],[19.155853510522583,45.64308148947842],[19.138629552278243,45.64330415202675],[19.138523082522138,45.65468128697728],[19.126929894773596,45.66279254282659],[19.12584398375667,45.670964788051194],[19.145142553661586,45.67921854544425],[19.135152333437812,45.68955062281614],[19.13176808550059,45.702869398457715],[19.079140435863252,45.70517489960366],[19.04415169125819,45.71168436122752],[19.03532603258765,45.7245403948444],[19.054888869251062,45.73504532648911],[19.05699535952923,45.75154797874246],[19.02749881566847,45.75666632655063],[19.00594295979236,45.75666771991959],[18.969931195232526,45.75019469653021],[18.971058404677805,45.76325946413205],[18.95959609756646,45.76742159797436],[18.91968191968892,45.74561997462251],[18.908291283783203,45.74524302891287],[18.89392265098631,45.751556899823335],[18.886452249892386,45.778605284997546],[18.85754123466452,45.788340066289834],[18.849213732653233,45.797342220155834],[18.847918427285055,45.81408818359215],[18.859429464496333,45.84353495537124],[18.855252295560486,45.85910460620739],[18.832807780980353,45.86868937314739],[18.828709759884052,45.87746424828653],[18.82764806136705,45.8968538026334],[18.814994459822024,45.90941447373798],[18.821637480226762,45.91464917910963],[18.827558818342414,45.90479132488002],[18.868216294307647,45.91124825787942],[18.86462830885597,45.92074948636201],[18.87122330391408,45.916197571823126],[18.879145711590677,45.91643755633091],[18.889916734026478,45.92137531906141],[18.906015802861248,45.9352714358083],[18.962023088678976,45.92586809587192],[18.987958898642432,45.93221046802544],[18.994702732768022,45.923885387154556],[19.008850288357948,45.92329711653018],[18.997874764072982,45.946206191903585],[19.005819495101104,45.958707078446224],[19.03267761423999,45.9646532899411],[19.079556793574486,45.96353263317487],[19.065684318411684,46.00004674901742],[19.104582600462784,46.03998858077364],[19.133799230370972,46.03707607568727],[19.147205791942078,46.007972822751114],[19.147741597275296,45.99611894386807]]]}},{"type":"Feature","properties":{"kod":79014,"ime":"BEOGRAD"},"geometry":{"type":"Polygon","coordinates":[[[20.482042271159308,44.9928765966407],[20.486551917725105,44.99373927816438],[20.489251994701597,44.989445157334586],[20.50760788469223,44.98676337090432],[20.521054409643277,44.979982391061874],[20.52288079279797,44.9766997472788],[20.517761265584305,44.972084169661066],[20.534608694273334,44.94972046486664],[20.554627926127598,44.94091097857148],[20.56672331825987,44.93955648623847],[20.57177702724385,44.943055700272105],[20.57598578458588,44.94087377554282],[20.576068710162733,44.93558602987126],[20.592685920791638,44.93484911862984],[20.622361318921,44.908463610434815],[20.618422043866584,44.9024387430699],[20.619704185329287,44.8948149009666],[20.6142698232271,44.88781408108701],[20.62321085048347,44.86937097216879],[20.601943982221318,44.86706193279909],[20.591187554871173,44.862699425079114],[20.61736866912051,44.85747606349219],[20.620668865903365,44.85434101807275],[20.595393302309137,44.85524928442687],[20.57622900032176,44.848648882799104],[20.586309672454817,44.84271216588101],[20.596883328144372,44.82829213006512],[20.61741862832629,44.829080255576855],[20.613603434479444,44.8194289505296],[20.630120394224445,44.801967743030346],[20.626817771860416,44.76884279351531],[20.63191991860381,44.758316938591676],[20.643435755740658,44.74832294958263],[20.67810839397157,44.7319918209643],[20.69150533921305,44.71153972082609],[20.72639913571308,44.68162482776349],[20.774091564353945,44.658856061866814],[20.819442383187376,44.65831521584918],[20.814381091538163,44.652736475271375],[20.801553844742983,44.648910400476],[20.80327619823913,44.62760427246924],[20.793607645659048,44.618336073673724],[20.79208031168665,44.61183006259918],[20.81071082858024,44.60502786152305],[20.808002049746865,44.60308889930527],[20.812773758506072,44.602358738597175],[20.81335029899437,44.5972646277053],[20.81808335795775,44.595793544645474],[20.81930772623419,44.583916334043614],[20.81114611788561,44.586069934975946],[20.791443319189902,44.57767246184537],[20.78344699991016,44.57802816046702],[20.781672097285753,44.57420848597906],[20.775520604276483,44.574418691368926],[20.776801763840673,44.571790415144484],[20.77008309902101,44.57031758183546],[20.771876219389384,44.56865661420184],[20.766511953502107,44.56212028781179],[20.757875304683633,44.56205111277321],[20.75837507744428,44.55928478972199],[20.755309448635547,44.560993462426495],[20.74339497848571,44.553094740749096],[20.748737874132694,44.55163634999583],[20.74463961522801,44.5515267362792],[20.745133400940887,44.54717779561741],[20.750163317914154,44.54172344542444],[20.76387967106339,44.543887451592475],[20.768824008050668,44.540990708624314],[20.766502931104544,44.53726384102976],[20.770956630914235,44.520758829747564],[20.777733286650868,44.52185212714054],[20.806570617975787,44.515869149922885],[20.804882277709567,44.51137724044796],[20.808799437273258,44.503160620418846],[20.806591248204125,44.501893978463954],[20.835382731068645,44.48730471272971],[20.838594661778824,44.48232765477021],[20.835668633725465,44.47976617988234],[20.83683020241218,44.475764799857224],[20.844254903469842,44.47549899402758],[20.853636837571255,44.46436743994258],[20.84867980556619,44.452746815210645],[20.844434660759344,44.45294968268963],[20.842426526291153,44.4490082493036],[20.845335391019276,44.445675409866105],[20.840845783842074,44.44659114554323],[20.84144540641299,44.44283180208154],[20.831654180048883,44.43857136711453],[20.821846586484057,44.44191390435941],[20.818250591545418,44.439907943072754],[20.81472199746252,44.44401049614243],[20.79288023776837,44.45058488971552],[20.791781916847256,44.447352808585784],[20.788367007643057,44.44933158647783],[20.775357360253498,44.443514613303535],[20.779411802192843,44.4403673117387],[20.772628441946143,44.44174023658006],[20.770674000670226,44.43739414667428],[20.76423373071018,44.44066344155495],[20.769573903983716,44.431652581390395],[20.76562034196488,44.43041486095336],[20.770167265016486,44.42851534074258],[20.76610170761765,44.42904485470829],[20.7618071398695,44.41359303853549],[20.758547599580204,44.41301359613091],[20.75388351973689,44.400778114994544],[20.749326463085847,44.39938843700787],[20.756335752288713,44.39656980185693],[20.760937179279548,44.38711265258669],[20.770141833941896,44.384508885299724],[20.771530971381512,44.37533150979927],[20.78498754119769,44.37396362472781],[20.78903417514943,44.370759910934616],[20.802581575027574,44.37507101316093],[20.798046423016398,44.36927006177376],[20.798843378992416,44.365486540230265],[20.794782973498997,44.36718582355118],[20.789743639252546,44.36360168701451],[20.78220023907424,44.366102536797705],[20.779594671690337,44.360932784036024],[20.787366780179397,44.358020280784906],[20.778446691720685,44.356327590979674],[20.778911063340445,44.35318033128464],[20.773468843246114,44.35105344612402],[20.78329858350811,44.34860751905083],[20.78612190318561,44.344776192143165],[20.78307057413816,44.34374687498641],[20.78856803760107,44.33863750092378],[20.785425685210928,44.33541890629561],[20.787001594602412,44.329900527726736],[20.780785856165043,44.3251300840459],[20.759139716863967,44.334711655636916],[20.752667292753816,44.34402429452061],[20.74402228255064,44.34915186132853],[20.73527229858072,44.346412640328275],[20.7173733763434,44.348534058958364],[20.723073276322648,44.35838141134305],[20.717025504167,44.360421438730455],[20.708390145489272,44.35906574450495],[20.70698544478003,44.35563610379389],[20.69981393458678,44.36052516494206],[20.66786181585418,44.34994196553522],[20.655474206846982,44.35225000962793],[20.660016803748224,44.35859680513942],[20.64873654821008,44.36536301533244],[20.645329505402003,44.3639773753805],[20.648239723337777,44.36163802829908],[20.64433252151975,44.36012665240081],[20.63929233651531,44.373501790986005],[20.634970932754946,44.37406837613704],[20.638313457167072,44.37970199474039],[20.634710179839796,44.380661901932825],[20.63598486206285,44.386822847292734],[20.632143307635907,44.38696089654734],[20.63539406366101,44.391665772600156],[20.633334009063905,44.397490900739044],[20.625201477463023,44.40051217674853],[20.61734890438873,44.400794853908884],[20.61650153816505,44.395277877817435],[20.571230481896357,44.386746084553366],[20.556209345009048,44.377773927551424],[20.551463308402838,44.379012697015675],[20.546249068222597,44.39156800230165],[20.554292421119783,44.403097517644454],[20.55182126174362,44.40865943178945],[20.547237491434824,44.410273021687246],[20.548773786387567,44.416669715183744],[20.51586966096522,44.424248584048634],[20.506173135309492,44.418820143305396],[20.495813414827666,44.42021768362643],[20.491648254705225,44.426534962244915],[20.486872729045174,44.425831699702385],[20.482025437921166,44.43397449101686],[20.47485650133866,44.43477649078154],[20.4648598971936,44.4436459598221],[20.45160301065905,44.44287825990391],[20.443860164120288,44.437777248252246],[20.436478421264027,44.42628559309308],[20.433004986107314,44.424370132880156],[20.4255342441148,44.42699454151034],[20.41340894575987,44.41673998322502],[20.42130073863289,44.41129608835776],[20.42076955859076,44.40095479508579],[20.431314317900647,44.39432242498753],[20.444805804210503,44.3920109798796],[20.442891057578887,44.38815974770799],[20.455950379679937,44.380704223955604],[20.4360032979692,44.37423210462145],[20.421082319143512,44.35792376139728],[20.41833616893518,44.34998861784536],[20.41479564612711,44.35048589618563],[20.416354049931886,44.34610373921193],[20.400774904854032,44.31347573269877],[20.39012572710257,44.31789792654131],[20.387253699277174,44.312888462794575],[20.382495304503326,44.311285356264285],[20.378344617644792,44.31368124120875],[20.37590935504614,44.310236877886595],[20.365735464049784,44.308950577500696],[20.36816067146717,44.29917687819038],[20.36131814239616,44.29801689989495],[20.359883207816747,44.291922214656275],[20.347705878679694,44.288019864147785],[20.342467140609852,44.280555975119874],[20.329897807813218,44.274120727585306],[20.311702214266138,44.27531465083373],[20.30721183858679,44.28062337743992],[20.30120799710099,44.272429401903146],[20.300993266089918,44.26302416580104],[20.27777400473787,44.26819009067609],[20.279139919853197,44.27006338574274],[20.273882741638246,44.2719328294027],[20.27886479256655,44.27235467845436],[20.27890706194734,44.27851776492143],[20.264324167022863,44.27726647961457],[20.26826579568482,44.2792030945802],[20.258058703629324,44.282356144297964],[20.259351176429067,44.28890333034986],[20.256421709494045,44.285872085913354],[20.25057543374591,44.286972641309234],[20.248883543335808,44.29040272695483],[20.253774578707954,44.29140033580458],[20.25049395169438,44.29467995561907],[20.242877343558664,44.29330215177437],[20.237482964011942,44.29695857989252],[20.24043873992778,44.30254001337277],[20.235389612111458,44.30410996853423],[20.232772488848305,44.301152516508445],[20.229785313339253,44.30390835522361],[20.232223828497595,44.30635173944719],[20.2236646168992,44.3100917105724],[20.228945354669246,44.31119696915767],[20.22656839487311,44.31659047102216],[20.213244582632825,44.31748125532631],[20.21367765107397,44.32146743786951],[20.20788457260381,44.32446132564772],[20.215838141811705,44.324729783236606],[20.209860820795836,44.32871601720929],[20.215379713093533,44.32947870565412],[20.21060761576762,44.33185453336382],[20.212552667308945,44.335515083698425],[20.20875825464961,44.33629079208412],[20.203060434127735,44.33064853737774],[20.1968620792676,44.33538994755264],[20.201697549588598,44.339745600978134],[20.199539736194275,44.34324393664948],[20.195666760631415,44.34086578869136],[20.191702936189206,44.34335259273952],[20.19189551363655,44.348364360980156],[20.19550747709988,44.34975337198363],[20.231906331835773,44.35231942208635],[20.214585643888938,44.36527929316206],[20.212922071994402,44.36918912239444],[20.21705426200726,44.36971191247674],[20.215648472093967,44.37176699954664],[20.20690086840134,44.37575127989036],[20.210666206926074,44.38091514848853],[20.20841810021644,44.386261106743746],[20.21482163255598,44.38640902086151],[20.20967180611837,44.388051445478965],[20.210900431459557,44.39021080717215],[20.221429380044956,44.38757994066597],[20.216443865993337,44.39799313619355],[20.21201907642791,44.395836112951],[20.20863843801064,44.400088827692464],[20.21330214191123,44.403772889585106],[20.220446872162285,44.40354122529663],[20.223167448755635,44.40762672214398],[20.21873443750296,44.40922458047891],[20.221735272793204,44.41077616832523],[20.218035580868555,44.413535659634135],[20.222068911300003,44.41700947090463],[20.228060757967544,44.421417966626024],[20.232529066979854,44.41977063081965],[20.24017427651629,44.42569503680564],[20.24475311272178,44.42435194843309],[20.24159244147312,44.42894295109433],[20.2471283768608,44.429634859773934],[20.24191580626012,44.43728505471388],[20.24822587436216,44.44309252819792],[20.241438062038718,44.44531280779201],[20.24515111721658,44.446399034745255],[20.244216964041193,44.44889925038197],[20.2377709168487,44.4462131857118],[20.23684695050877,44.456218166402984],[20.232466239331583,44.457284311532064],[20.23619311161279,44.45871827160267],[20.238014652136947,44.45591887467328],[20.24183555656977,44.458501480603985],[20.23841908059154,44.46140670906784],[20.233869679391713,44.4594183857159],[20.234009540954442,44.464917365459755],[20.247769164319887,44.46911212362461],[20.238850684719942,44.47624872751578],[20.24396310303499,44.4775304412248],[20.241093815885748,44.47965031338123],[20.24526573646566,44.47889535150624],[20.244420971787836,44.482790497341405],[20.241542280535786,44.48291606455921],[20.246644694843887,44.4869527505631],[20.240685528428127,44.48801775423674],[20.245573461315825,44.49338072038346],[20.236294437497342,44.49706034563434],[20.241066417769908,44.50228336550469],[20.238357556771668,44.50267668963868],[20.23931855483223,44.50644689650378],[20.237165722172747,44.5036848969303],[20.231708147272723,44.505641485035746],[20.236210952710326,44.508766948080805],[20.23341040811661,44.51024366556038],[20.231020319780633,44.507640769823496],[20.230597919967735,44.5106227295824],[20.228682306215354,44.50637714623582],[20.223756973558206,44.50792177219674],[20.226564203495315,44.51105821511907],[20.224670932333346,44.51202023740968],[20.215781429137298,44.509868734874054],[20.212698838703695,44.5116417673655],[20.214144786902292,44.51517308058809],[20.209455925481876,44.5149530899406],[20.2152824979562,44.5174136167472],[20.217109766832678,44.51546569632316],[20.21982936489826,44.51910360262209],[20.207688168685085,44.519200104887425],[20.213047225520555,44.521799222446404],[20.212652379347436,44.52447184596],[20.215171904169036,44.52306806192958],[20.211320095013786,44.52556197954552],[20.22023441989501,44.531284061953556],[20.21474129960392,44.53268711617617],[20.217120854791865,44.53587692045459],[20.212913314135644,44.535117382114734],[20.215551107847947,44.53781785526743],[20.211028388756425,44.538659328094795],[20.211517894158735,44.53572972089489],[20.20949152024802,44.53770054421974],[20.21106440076241,44.539888677765774],[20.21298708774701,44.53977048581912],[20.210079804437044,44.541771001972904],[20.215252711588366,44.54150447083352],[20.211740379749838,44.54254233924104],[20.214088695035347,44.54658176293061],[20.208091010438988,44.54848827925115],[20.20669491964289,44.54556463193528],[20.20391549150634,44.55021623305537],[20.210047800720805,44.55058575395578],[20.205790374285886,44.55470355566981],[20.209445590613377,44.554300322940556],[20.20731310428386,44.55695124956384],[20.212882437906867,44.5604238486156],[20.20809725043149,44.560184497368176],[20.208872037194848,44.564356731983224],[20.201126074390036,44.56867013082676],[20.1943966891648,44.56462113090132],[20.188592416153423,44.565594885651464],[20.190921884613733,44.560405761964226],[20.189673021506657,44.544222864274694],[20.16780624531282,44.52853887858004],[20.167794968762866,44.52421521876512],[20.15980290739917,44.52251637978409],[20.154553428557566,44.51808015260277],[20.1539766905812,44.51333550406796],[20.14811339263374,44.510196198449094],[20.137609792866698,44.51773582936985],[20.136027759046705,44.523522336287066],[20.118182861085074,44.539946044137096],[20.119413493028066,44.545600387033296],[20.113859803110298,44.547526764530176],[20.112511223822498,44.543087685799556],[20.110422678234325,44.54764883898661],[20.098033384229982,44.54573369044018],[20.094056899535666,44.55009573726119],[20.093525757818636,44.54675496452755],[20.082045399847242,44.545956780559784],[20.08040502168237,44.53599517716822],[20.074891774732045,44.52797076501814],[20.06211126457955,44.52111336937006],[20.036929023164017,44.531451040594796],[20.029681736892663,44.536218040955426],[20.032239739950626,44.538912814970594],[20.028696635784133,44.54071779390519],[20.02542592951894,44.53751403476226],[20.018107043297103,44.53916124831786],[20.01637391961275,44.53635913822854],[20.01878951775681,44.533018165590335],[20.011242991149356,44.53342389075178],[20.013143413310164,44.536702734494376],[20.008296232904193,44.54298863306637],[19.993157859646292,44.55023003257014],[19.994850238217285,44.55241723955171],[19.98842283245678,44.55851475389741],[19.98869828462947,44.56914179275024],[19.994999350598075,44.57807294923736],[19.989899673417792,44.586935835159295],[19.99322473727962,44.58567884434416],[20.0002438059083,44.592108391350976],[19.991096651083627,44.60328259714245],[19.98753713857041,44.60329899224884],[19.98526883365787,44.6093894933605],[19.97575439565698,44.61380861841929],[19.977685508130662,44.61767123416887],[19.97533195061186,44.61893208025443],[19.979270312583306,44.624169342776526],[19.977365471693805,44.6263640864688],[19.985777939732653,44.62833852654117],[19.983947988085323,44.62983527558295],[19.98628822308047,44.631238496590534],[19.982666520207097,44.632458488054716],[19.988551440767793,44.63590371944012],[19.98534644831557,44.63807309373587],[19.98827456413904,44.63847170212327],[19.985831768877755,44.64228342936624],[20.003883146649663,44.66280139530926],[20.035486138115107,44.682003049997505],[20.077806628888858,44.69408271755639],[20.10313296059975,44.69774114630451],[20.128510553682354,44.71168444363275],[20.12463640881321,44.71561549515924],[20.117968935401056,44.714354245235995],[20.10211226038466,44.723902819078766],[20.10467514220128,44.72747514001666],[20.121736347619976,44.72767275621156],[20.119397459855904,44.732813989853575],[20.121277583839333,44.736238771278096],[20.132445903285323,44.7387974034868],[20.112002736397006,44.75203215523572],[20.113736795333978,44.75840405831448],[20.12370054712893,44.757365679902165],[20.124373788856367,44.76021871929545],[20.134938533936616,44.76081666238646],[20.13578769621166,44.76670306852677],[20.127607989590132,44.77252911315488],[20.098594443982467,44.77998424140199],[20.095422222002487,44.78599817466564],[20.087887029439667,44.787345654547],[20.096643746812898,44.80727137527757],[20.13930951256479,44.803447529513086],[20.145782177269552,44.8301148126043],[20.146090618104612,44.856785125095],[20.160109826223792,44.86252605169477],[20.165910447535186,44.86925869593285],[20.163485682519454,44.88533803729893],[20.170949180884232,44.89370810631955],[20.16925085411189,44.90708791461421],[20.2252449621069,44.90700617125916],[20.221376379674215,44.9154620665188],[20.270390518894466,44.93456824921676],[20.274647579070358,44.93041944252157],[20.30112876984784,44.942687567128495],[20.28904077657913,44.958092090887355],[20.287634535264278,44.96933256056372],[20.290640144489082,44.98675618058865],[20.320007987613174,45.00303381411569],[20.35517917658855,45.011390189121535],[20.360848443458462,45.02181591479962],[20.362918699730976,45.030781510901846],[20.357815108572638,45.04914737249374],[20.34533498689921,45.066040144964354],[20.334114425541454,45.07440764182117],[20.374827652077297,45.09689537854411],[20.418567185762573,45.08242984956376],[20.42179903422063,45.07643160925155],[20.417238963317345,45.070599884678245],[20.41896316339749,45.063754133332054],[20.41598540241703,45.052497277967284],[20.422683846540437,45.04839972396639],[20.42286133291145,45.041339834322926],[20.42806789472824,45.034694813360325],[20.441846886444573,45.0286802258064],[20.442762101846977,45.02536668528666],[20.458353448950465,45.019071902206484],[20.482042271159308,44.9928765966407]]]}},{"type":"Feature","properties":{"kod":80403,"ime":"SREMSKA MITROVICA"},"geometry":{"type":"Polygon","coordinates":[[[19.516745786319593,45.17287285351102],[19.531068592009767,45.166295760538674],[19.53157397769527,45.16147159746045],[19.53748377762871,45.16293246044747],[19.541646644990674,45.15778296073546],[19.547652365160904,45.161650643828644],[19.56749570032412,45.154654326244035],[19.597082992956228,45.149795604077795],[19.601966834059333,45.15156033734681],[19.602214517306198,45.148736279619726],[19.61233568057922,45.142878286563416],[19.641903437894836,45.15104220030833],[19.710499360231577,45.15065567823615],[19.717437364933435,45.14715636473772],[19.72677967656471,45.12556224552464],[19.732509101520396,45.120307971718915],[19.730177364614825,45.10799321930635],[19.726497043991493,45.107919024617004],[19.72215785534755,45.09749502749268],[19.70950813434994,45.04056563932114],[19.71568415420638,45.01087816446867],[19.678828060237077,45.002511404941345],[19.690582289705425,44.98847124439439],[19.716609355520173,44.98078254863953],[19.752626820853692,44.97863153995646],[19.75203530358594,44.98854561205307],[19.763422290840726,44.98862283538777],[19.767982189707674,44.972752174333635],[19.761234846366207,44.971745583648875],[19.7858966976519,44.95063800739624],[19.82407377432093,44.94565471540457],[19.808615985211084,44.917274526148574],[19.79076921075694,44.89426544749227],[19.7818507596123,44.89714868687928],[19.774277136004837,44.88950338815763],[19.769408072800285,44.889093025463296],[19.753777892438386,44.89337617620095],[19.759079589878613,44.90395409341565],[19.754455093944046,44.91103969652825],[19.7435205322373,44.913343283535305],[19.720700300702667,44.91036659128787],[19.706624435811076,44.924661262207245],[19.699015661924708,44.92671796662035],[19.67383693359568,44.92486908101895],[19.67313445056952,44.92039015094595],[19.66040398154603,44.91725929427309],[19.64749049156941,44.91820683827955],[19.63926833936346,44.92312428970194],[19.61841514027716,44.921062669620106],[19.607617655574558,44.913227589533406],[19.610290611381163,44.90877190443154],[19.592777767436623,44.90857809265631],[19.590908702917314,44.90399169273036],[19.586721811844747,44.906790382023615],[19.584206561753827,44.90432497697897],[19.56852556052563,44.906256315304745],[19.56454249187771,44.9114170668604],[19.54538882741685,44.910038594451756],[19.537271271274122,44.91854587312662],[19.52249409768675,44.924384221622375],[19.52323854479744,44.92046871480066],[19.517451183763853,44.914806587351535],[19.518772819048316,44.91138608105049],[19.51081592349672,44.91265158474636],[19.50877276163851,44.91085820285205],[19.512494890755523,44.90744683722359],[19.50660062496133,44.906985530921744],[19.503209192935795,44.901393570399684],[19.494095984231667,44.90038444738173],[19.483334114252845,44.90683197656813],[19.48331340369697,44.911844447655746],[19.478684171243405,44.912360481261246],[19.480514220163528,44.9241057887037],[19.473347000690925,44.927571094951205],[19.477863904322408,44.93000555926879],[19.44020157326326,44.94168922557847],[19.432593289888025,44.93946866001326],[19.430372883079016,44.93562337111537],[19.442975325396482,44.92835259277893],[19.444643108525536,44.92441962120428],[19.428207907570922,44.92223323279082],[19.42723402074288,44.916030810135425],[19.419236664334555,44.9239287531819],[19.401288694354925,44.92405755321773],[19.394505617335398,44.916536123765944],[19.383853284940063,44.91212988459426],[19.333343859991476,44.92164498335084],[19.321374721801288,44.91908906671439],[19.320532193522368,44.91422099558468],[19.3292698671016,44.90635399536212],[19.354338809617875,44.898725095188524],[19.35454951902215,44.8920390629366],[19.35121882088779,44.889099643998556],[19.31872888045905,44.89988192680574],[19.305448114201003,44.90842239068502],[19.29102216437805,44.909257973840106],[19.27905339207196,44.904309862737826],[19.253961525549666,44.91342701836273],[19.245187423826664,44.911273335564296],[19.222028220812692,44.89678856343357],[19.20839001989275,44.89912073016879],[19.20293893939852,44.91134524641959],[19.193844250030647,44.919881045729326],[19.193845633157533,44.9354547030306],[19.213209372895268,44.93524994488659],[19.213279715685093,44.94886703898078],[19.25154171300271,44.94879844763889],[19.251472860555413,44.93518992020932],[19.26444806302478,44.935155761612435],[19.2679788561324,44.93987667849949],[19.28218686885769,44.940117980898165],[19.2902309465739,44.946267247437035],[19.300185067831638,44.94173928935087],[19.32401871496337,44.952414250327784],[19.338129090780594,44.95463484216599],[19.348788887116754,44.95447065080739],[19.35710285856753,44.94928724639706],[19.362987824763586,44.964423297514905],[19.345408758182536,44.99521497668968],[19.348582949594025,45.00225915069179],[19.32513310226045,45.01973335422084],[19.313329763748474,45.023489813217815],[19.31168351140707,45.03889963865529],[19.328384120556464,45.03227014708879],[19.336750079129125,45.035738896395884],[19.346754957356318,45.034040137761046],[19.3482563637591,45.037511317887365],[19.359783242689165,45.036737115182056],[19.362335979215267,45.040685227395365],[19.349307657417025,45.03912722460263],[19.34647077678713,45.04420796229216],[19.383537617694056,45.0548324114008],[19.38726086613351,45.061022131715106],[19.445165036340217,45.055417924416915],[19.466777300937615,45.08175624077224],[19.474708765506485,45.11760024361133],[19.466077568267345,45.12339685913635],[19.468984408708153,45.139963166135665],[19.47649371304474,45.14546095220164],[19.502685327754897,45.14634147678632],[19.503284738497197,45.15165552583126],[19.51085642237482,45.156547053808715],[19.510391943832595,45.16790003550093],[19.516745786319593,45.17287285351102]]]}},{"type":"Feature","properties":{"kod":80438,"ime":"SUBOTICA"},"geometry":{"type":"Polygon","coordinates":[[[19.667937218080382,46.1848744849909],[19.67028516927793,46.18656334234313],[19.684465304440845,46.179679471047685],[19.699830453001915,46.18746012616869],[19.717682530465105,46.175980489712295],[19.71794061349136,46.17158191840484],[19.727070263500128,46.16809847975526],[19.73405980986197,46.16982012539747],[19.740847227429136,46.1657776543745],[19.75848882872368,46.14787433775527],[19.797299853533318,46.139466315128495],[19.817824758815714,46.12778995611159],[19.844238756949235,46.14140660952717],[19.853194484694804,46.1497923511251],[19.86538357096481,46.150334281937425],[19.89596550328545,46.123508694349596],[19.883356863797157,46.106092843774064],[19.866866792398994,46.1028707602341],[19.86517717936159,46.08226282312652],[19.86799628576708,46.05653043102527],[19.86315224848155,46.043561416336246],[19.82980745308802,46.00619537504715],[19.810854947416352,45.977266065968344],[19.809339607032456,45.92672491510686],[19.827281616431485,45.90370281750043],[19.82153658053759,45.90292401655409],[19.824520430481353,45.89973464319419],[19.788749726507376,45.880275604660476],[19.784192757269825,45.88732302194905],[19.77407698560378,45.88281668115561],[19.767208735304983,45.89150621853223],[19.726791734808188,45.86897432388691],[19.72988816422386,45.85065187749424],[19.71768216685271,45.84907986535566],[19.716155460637463,45.858104068761904],[19.698695045546295,45.85585635237424],[19.685405098647884,45.902874768177085],[19.662400664470017,45.89595662757519],[19.606705469702373,45.88624576485353],[19.606126102292038,45.88842496834708],[19.572785541917224,45.87831130395521],[19.551992651699408,45.86608067690071],[19.53203523482245,45.88214966068247],[19.52948840218346,45.9026519249211],[19.526318772674937,45.90631466634265],[19.49464966251927,45.92532295759614],[19.435893487552622,45.94394029124065],[19.37822122509282,45.940699041873664],[19.362947649633814,45.94344696633795],[19.34838685414058,45.93495289376786],[19.345434386533547,45.93741070110547],[19.347745541335133,45.965541171319686],[19.329565898953046,45.96025151366385],[19.318223798949365,45.977316904098124],[19.281630095707417,46.0145341058301],[19.364166172115414,46.052174016781294],[19.38018614096882,46.03580242907032],[19.415441220595127,46.04571793666883],[19.439164703370817,46.06675570546023],[19.466530925211536,46.08164999062335],[19.464427524219573,46.095278160555935],[19.481844534567138,46.10480024027706],[19.485772492791405,46.10349451433673],[19.508966397830708,46.11072362141485],[19.527065724560906,46.12093806174359],[19.508093260030392,46.133582471531085],[19.509447857327114,46.137353990306494],[19.502455216977115,46.14208766249215],[19.516752137443532,46.15173776908812],[19.526566953712205,46.14769481708752],[19.560446616099398,46.16629999985232],[19.558637844751185,46.16801562483185],[19.563173896115746,46.16976004618753],[19.55985885652432,46.17392732306879],[19.563147356285942,46.176983068013264],[19.56763401386849,46.178721497506565],[19.631599935805248,46.1692436389731],[19.661539457681148,46.19005677333858],[19.667937218080382,46.1848744849909]]]}},{"type":"Feature","properties":{"kod":89010,"ime":"NOVI SAD"},"geometry":{"type":"Polygon","coordinates":[[[19.72101392534736,45.41754209276409],[19.72693457721656,45.422465861779195],[19.735991760480726,45.41349647466964],[19.749815022285148,45.42114158343773],[19.77380020563277,45.422244661704326],[19.803448692432248,45.418487191006385],[19.8019861035368,45.425146685728635],[19.816238316381973,45.42409775512379],[19.829906251100578,45.39284200314132],[19.837161978963714,45.38390854061017],[19.863017553428634,45.37040880901925],[19.854217169781005,45.35203552028648],[19.86086040868016,45.352124358643486],[19.859141483023695,45.349881294960674],[19.88728328386216,45.33642388618811],[19.928298860906164,45.36225384615526],[19.95583861685536,45.35617538153778],[19.984868570114337,45.34380442566112],[19.97334728998538,45.32626971828342],[20.00615856134857,45.30885539048637],[20.00807342776182,45.298619396536985],[20.053781209479073,45.29564161406233],[20.061459194804435,45.252872615519365],[20.083291833870078,45.25424949161602],[20.080041280618975,45.23508405536256],[20.091137476571706,45.236037857073356],[20.088628078072716,45.2278532745917],[20.104459854823443,45.2293186003465],[20.097143948636983,45.21396744475444],[20.09631395089943,45.183298976924625],[20.085996210854006,45.1697223502361],[20.051901756433736,45.16756480652926],[20.027743153400504,45.17092701731793],[20.046531274327197,45.18973707769816],[20.046631877857074,45.19592651632994],[20.03508549708472,45.203624260556474],[20.02908576952648,45.205047260695494],[20.01909219942584,45.199807529830565],[20.017234015106776,45.20417482650941],[19.998063037325412,45.19823066042172],[19.981137463249755,45.20630378284858],[19.957485122034154,45.20296004723291],[19.95104714459431,45.20732884254009],[19.946869829311176,45.205319679539485],[19.92841654392287,45.22636079731281],[19.906308227010953,45.20905898710184],[19.897817465974953,45.20588023866158],[19.90630846969834,45.200225640646366],[19.901646057120388,45.19003664085684],[19.90348697315295,45.175455155020394],[19.89586895011923,45.171710008494955],[19.896798662585518,45.16749520511311],[19.892065653548425,45.162652202187076],[19.890799211934823,45.155657896693725],[19.85965774401267,45.15884338417499],[19.853625270351923,45.15471672380691],[19.839552735719455,45.15525844613067],[19.837542427162393,45.15132401650474],[19.824610699939598,45.1497329893879],[19.82174287655265,45.15373275273723],[19.785460340201023,45.15897252485324],[19.783315225381415,45.17313782491181],[19.791533365114685,45.17947238023706],[19.798052698998927,45.191192032124405],[19.782044264301213,45.19581795368349],[19.783162619638972,45.20610659732449],[19.777133325680506,45.21665978820413],[19.781321715387254,45.22497385474749],[19.74108089689636,45.22618941821249],[19.71341474979116,45.23121249344196],[19.67587379769207,45.223253332424164],[19.632524410845946,45.22154951128951],[19.592401458084915,45.2121988468355],[19.578935179484237,45.21301592586191],[19.567991560884888,45.21839015298995],[19.55636183284791,45.23715907425646],[19.58639069148822,45.25941673859417],[19.60279548535657,45.265634573670276],[19.6000058637349,45.29508530501108],[19.630457695665235,45.29551340209468],[19.620260891013828,45.32190009803874],[19.669582671127632,45.31011143372562],[19.672922739421402,45.31501523721395],[19.676178100938408,45.32477059827082],[19.670584197729358,45.335709118738386],[19.674530513203376,45.34372403634339],[19.668523269837547,45.36403237360873],[19.647414099489822,45.39236726861344],[19.634318997750412,45.40225972162202],[19.64496506436213,45.41660233488189],[19.653433336605797,45.42154461673536],[19.702504904346327,45.43146293459733],[19.72101392534736,45.41754209276409]]]}},{"type":"Feature","properties":{"kod":90263,"ime":"PRIŠTINA"},"geometry":{"type":"Polygon","coordinates":[[[21.32181579419669,42.81737200049837],[21.338870774447898,42.800717181032624],[21.338846951634668,42.79440113831643],[21.375518157871145,42.78059440746955],[21.381817849634054,42.76593599165758],[21.389180732639286,42.758263974843324],[21.392977197839002,42.74514770972253],[21.417905335170914,42.74416791413988],[21.44910621912271,42.750154601188555],[21.451681306211288,42.74506129636036],[21.46746959814724,42.73629710316614],[21.473274649974623,42.74499052720902],[21.479007944644337,42.747697709863196],[21.498109773544066,42.73759578048033],[21.476597335714665,42.70686924863958],[21.47480024060329,42.699653054777585],[21.441825688023656,42.703622591316346],[21.433107239566148,42.71193894449316],[21.425787687236575,42.70711635334609],[21.414997325705937,42.70672071107706],[21.41349047927145,42.699093132154744],[21.425163847237286,42.69461904519304],[21.426763629076145,42.683093539578074],[21.4436364836721,42.67919170414113],[21.46899414371257,42.66235065201065],[21.461013855584497,42.660530052706584],[21.465745580416634,42.65142093744237],[21.45584164105755,42.64663946265104],[21.454753390593797,42.643682657443776],[21.458109932809727,42.64259948659445],[21.455617823008744,42.64066601319674],[21.455719200498887,42.62968264626659],[21.427531605329534,42.62260886931004],[21.419619274388417,42.63253667909698],[21.411635220943484,42.6233022127197],[21.39457852026002,42.6342810963322],[21.390735269635435,42.63367377399444],[21.379650623308933,42.62413482022298],[21.370025999246927,42.62266202001275],[21.349757509614708,42.58830601235409],[21.344679933490543,42.58553218474963],[21.33155911417089,42.596099669765394],[21.324646793143415,42.591323876017135],[21.315451498543315,42.59202317569706],[21.316395933665248,42.598072832933944],[21.312662352731405,42.59963023657395],[21.311840011378067,42.60649035508324],[21.30257155767979,42.61146776639461],[21.296615652880984,42.613403350450874],[21.29508560713825,42.60920671520077],[21.27890736774839,42.6179652605904],[21.27412258015092,42.61409175581442],[21.267819744511588,42.61439515721832],[21.258945410558194,42.624226653423776],[21.24471143162317,42.62550991607057],[21.23397628627084,42.614731860440585],[21.240648108580775,42.60880230421927],[21.235541276728952,42.6012868649461],[21.238578033948723,42.59622640484359],[21.238028213730395,42.58832830144758],[21.244510471964123,42.582466054455125],[21.243992344649037,42.57937354230672],[21.233045212672046,42.57854810666958],[21.225118497103,42.57396580570319],[21.217267232354967,42.56368575422306],[21.182999843011785,42.57128034483898],[21.18081843206862,42.56783288657706],[21.177464034305824,42.57549818689327],[21.173280403890757,42.57588100360676],[21.1748886353979,42.58049160315172],[21.179845367962578,42.5779174183527],[21.178564607295236,42.583286346133136],[21.17594084996146,42.585029757138905],[21.172820329583555,42.582330685540256],[21.16716937554559,42.58805755798535],[21.162884819400862,42.582260904092735],[21.131712397246314,42.56727703472966],[21.128648987086716,42.56725446853757],[21.128694948098424,42.576934242657764],[21.126257194287994,42.578563856989135],[21.122213768024057,42.575650702865346],[21.106664252105855,42.578554821969654],[21.104569111227242,42.58835571448403],[21.10907767036244,42.597519929671606],[21.124042175411393,42.60964514884806],[21.127053855533163,42.61982742067342],[21.135092188886563,42.616522604359865],[21.138128633491597,42.618604195081545],[21.136113448528228,42.62957336338268],[21.12804078993194,42.63514334091577],[21.150401779410323,42.64443620351372],[21.125868323083914,42.64398300841892],[21.118811401051417,42.6465522084951],[21.125861931770938,42.65084785413431],[21.126641091919506,42.65483519125875],[21.12389934959007,42.6591222010518],[21.11636132873166,42.65846593442547],[21.114502071613106,42.67151091729742],[21.12578854020182,42.67521767951431],[21.132075686217068,42.68704883033789],[21.109459062858956,42.697887484826026],[21.111348075851975,42.70229522889831],[21.116956914931343,42.700483730765264],[21.12083313039859,42.70264067434077],[21.113754992387392,42.715837244819475],[21.108692707896964,42.705707667669365],[21.10432486905436,42.7116472182689],[21.106751911054864,42.72374789788649],[21.101158897347215,42.730273293394305],[21.106098174249574,42.736511724296335],[21.095513315518225,42.747140600171576],[21.0955470649181,42.751122505125544],[21.103809500247575,42.75908017320852],[21.097935275914505,42.765831871959605],[21.11417102958972,42.76375784220039],[21.117209252204006,42.77895225817729],[21.125479367805866,42.78683980364992],[21.133258682088016,42.77708017314139],[21.14186064370193,42.77419391657181],[21.163949154224603,42.794189017331334],[21.162686677824645,42.79788726748837],[21.171209632442068,42.80000272655788],[21.18100223837661,42.79276972214242],[21.181265657125653,42.780938907498836],[21.19989019223154,42.78208040721417],[21.211468884015975,42.77289026387268],[21.21398883889138,42.76535544888363],[21.219274047940942,42.77438356483155],[21.217593792346488,42.78185538553894],[21.22119489381268,42.78435054207025],[21.24775537504506,42.775055657548],[21.244124666439,42.783469293011976],[21.247072208480066,42.79364840908964],[21.264598722786406,42.79293459103185],[21.26693618708208,42.79995149953619],[21.28347958662438,42.80369109300315],[21.291584656342053,42.8112041151681],[21.303807814392183,42.80982789627758],[21.32181579419669,42.81737200049837]]]}}]}