{"type":"FeatureCollection","features":[{"type":"Feature","properties":{"kod":"RS12","ime":"REGION VOJVODINE"},"geometry":{"type":"Polygon","coordinates":[[[19.661539457681148,46.19005677333856],[19.684465304440845,46.17967947104768],[19.699830453001915,46.18746012616867],[19.717682530465105,46.17598048971228],[19.71794061349136,46.17158191840484],[19.740847227429136,46.16577765437449],[19.758488828723696,46.147874337755255],[19.797299853533314,46.1394663151285],[19.817824758815714,46.12778995611157],[19.853194484694804,46.149792351125136],[19.87336813143297,46.15136119320075],[19.914864571489904,46.16398513717555],[19.935150030642582,46.17620253466357],[20.016173915223337,46.17665905037776],[20.022971788665426,46.17330725069839],[20.03062991854454,46.14990623352553],[20.037960533687905,46.14446604761404],[20.057110437553828,46.147955397989264],[20.063737443948806,46.143666058159226],[20.09580923729918,46.17724527348446],[20.106014929112213,46.17471961292399],[20.106858567628535,46.16265136141415],[20.132369193151987,46.150166078425556],[20.13729326335818,46.14422698164555],[20.169241503088752,46.152770979067654],[20.181831683252938,46.160057989593156],[20.208042273483326,46.14394406064395],[20.210344948344407,46.13545882894458],[20.229829129828776,46.12907085522178],[20.233186514643553,46.12381443542754],[20.248230838899595,46.12983915786059],[20.251575031010503,46.12645702459175],[20.24955609501223,46.119867606039236],[20.25492757498792,46.115794459448956],[20.264275216725885,46.12635411371469],[20.26367260316132,46.11834539137754],[20.28288747172901,46.117612036191304],[20.26483344033774,46.108478598998154],[20.273182263951682,46.098279207853466],[20.302267321413332,46.086621162665445],[20.309279827711393,46.07210184448508],[20.345872799373044,46.04742895125398],[20.339308339609495,46.04142221104713],[20.340625032507592,46.036272615722346],[20.357708621178535,46.0058533032939],[20.3523913890316,46.003900405524234],[20.353118940569917,45.9996346188318],[20.34837671762407,45.99958217210864],[20.40543103342431,45.965242895578584],[20.447306090336962,45.97024754478644],[20.482932085097776,45.953426895912386],[20.501772542191617,45.910663581209505],[20.51581628584834,45.89210796186224],[20.549593437768507,45.89992512687522],[20.546517332784397,45.90591942743383],[20.569302838906413,45.91014597846879],[20.578740464031956,45.88496586037632],[20.57459392500561,45.88399106446209],[20.575213657530735,45.87876433734008],[20.581461433722843,45.86936818784545],[20.594432109390407,45.87171063097671],[20.598889510215898,45.86171684510516],[20.611712157056843,45.86398664822829],[20.660443830401427,45.82915041878881],[20.650703551013965,45.81176324863754],[20.657113708195105,45.80800720525657],[20.66283757387091,45.79411832709738],[20.68143014042961,45.79730941372575],[20.694602363427283,45.76695689462678],[20.690705897514686,45.766297648818856],[20.69292666413274,45.759849585228444],[20.696845049441023,45.76051187090847],[20.700651037820236,45.75056254388623],[20.71814735364423,45.74940021524533],[20.732715277179974,45.75587816282064],[20.77414440417539,45.75453045162049],[20.783502974029435,45.78589564464467],[20.823089661116146,45.77506602162274],[20.815945614855274,45.74926810770511],[20.808163196320404,45.74842143298943],[20.802646525740467,45.73778668965906],[20.798785966157016,45.70218201248502],[20.802463777183895,45.699855536236605],[20.796166463821223,45.68703191442255],[20.802985887807537,45.68201144226464],[20.80003377758499,45.671951333816835],[20.804989575325415,45.657225824162644],[20.788883335620646,45.645560707447885],[20.77929696636814,45.62254973374401],[20.765724193545488,45.61256683425837],[20.772011558242333,45.58285353058004],[20.795323087464762,45.587639468371705],[20.813608309531595,45.56810657308292],[20.81132917280423,45.56581913785848],[20.823211082879844,45.551878605892234],[20.81960936643639,45.55038452638003],[20.832572933749557,45.5358913447697],[20.80708569257706,45.51583752752828],[20.768821074568127,45.50023021950572],[20.776952058783188,45.49058978548505],[20.771043772855005,45.488058135696015],[20.77110670664859,45.479964705812115],[20.833022239166553,45.47996287370338],[20.86615724066766,45.46523194298661],[20.87045612771425,45.455832628833186],[20.878751548443706,45.45461586371859],[20.880827979664048,45.44635102493603],[20.872801728478088,45.445977473180335],[20.875277273486088,45.4389743671184],[20.864618888921367,45.4318240592224],[20.900432016571777,45.416893892298056],[20.920258767870216,45.4172427838285],[20.93557521464439,45.392762049125],[20.930061819985685,45.39232507483047],[20.931218127623403,45.38680971807193],[20.948379605962412,45.385590862975675],[20.95087719640446,45.374829919549335],[20.960323961128594,45.3667593246626],[20.98172168563565,45.357286340808606],[20.996063828203326,45.343278112525624],[21.00992908085606,45.34127627545391],[21.016567802889856,45.3246308356046],[21.06337401408545,45.33192975917799],[21.061200701384525,45.31586355006848],[21.070938735442194,45.31400936297397],[21.08098073626336,45.317808006427704],[21.096527415988678,45.295897909232046],[21.12797387802872,45.304670156767806],[21.144547496283433,45.30485067202635],[21.154201036293514,45.31235880504824],[21.14960324360293,45.31593657208454],[21.16202419756596,45.32509525223214],[21.166607155713457,45.31975868962171],[21.17622307353183,45.32523396781449],[21.183867444887564,45.3207287978038],[21.179931733560828,45.31256974317932],[21.191331178128916,45.286784737385645],[21.20872309375972,45.27527002591737],[21.20283630352645,45.26543907831672],[21.218984469977393,45.25058281249258],[21.223536602132864,45.25293754608174],[21.249189344202676,45.243795886092556],[21.274749350828955,45.22967866085809],[21.292260417803867,45.24241310360517],[21.32000844342067,45.237594855659566],[21.32620147622195,45.23960013981032],[21.325283362978652,45.236319751212356],[21.339014105558086,45.23562316913568],[21.337947126335006,45.23328972237817],[21.36001754917546,45.22210183344047],[21.369634276735834,45.2260655306066],[21.395346531387222,45.2187809190663],[21.403433325077884,45.22927054971586],[21.41227074794767,45.22101934493911],[21.431165266041603,45.21279937335694],[21.43880427774158,45.20279814958437],[21.482973899288773,45.1920212603204],[21.49312329303416,45.17319390647057],[21.51482156452297,45.17115473577379],[21.525940198779608,45.15511201545664],[21.52740935431552,45.13787495885413],[21.47845815872512,45.12120078660166],[21.469692880111186,45.105260846619444],[21.483382759812713,45.091290293418666],[21.459402032010786,45.07198369318261],[21.44702487678024,45.05575558803771],[21.456050883789327,45.04040951462429],[21.422948938505275,45.03238333206408],[21.42078028252245,45.03649541179065],[21.40566076605686,45.036937177265784],[21.39297208451499,45.02712657325381],[21.37469478980471,45.02825521073902],[21.360231267543607,45.020442367544206],[21.377000604225735,45.006721521163556],[21.38682056231357,45.00442096609784],[21.38295490876476,45.001849218091785],[21.388427223002676,44.998055825874644],[21.414646992209573,44.986762311244036],[21.406717092928968,44.97851668575967],[21.438261577784587,44.960478450473],[21.4692538101619,44.958429520955676],[21.546685447216,44.93051774381612],[21.55271083044048,44.923907226277],[21.549900899386632,44.91859977566134],[21.558240237842238,44.90661786917898],[21.56013075598332,44.8890046709868],[21.51070414792802,44.880041904562134],[21.485279382438453,44.868163333267844],[21.47105004776414,44.871212506083175],[21.463172907840185,44.86743221750762],[21.446850807103196,44.87398934672352],[21.441076495941775,44.86990153227806],[21.44225943494127,44.86644284036551],[21.43559289146075,44.87096403760425],[21.431737174422608,44.868133181454965],[21.418065812785603,44.87327064338314],[21.40588240963128,44.86633421325448],[21.387940666557412,44.869763792157514],[21.383658786497023,44.865243369989734],[21.371365306740767,44.86664500070745],[21.35763265994635,44.85004436774678],[21.361448490364115,44.840350824185755],[21.353120869017012,44.840849068020205],[21.357028614139008,44.83556076119953],[21.360279265195445,44.836587809710544],[21.355666929048088,44.83252022588047],[21.364169843925822,44.82924733688836],[21.35630172425706,44.82719560389843],[21.358473151916606,44.82161731606566],[21.328877612942296,44.82190320072755],[21.320835777498726,44.8164050990642],[21.326586313838977,44.813917357307986],[21.323246268306708,44.80822484688913],[21.30318461980735,44.794743045475904],[21.287229745709578,44.793113249051004],[21.279164583513843,44.80200614790843],[21.258389674644445,44.79144389444532],[21.21730323495303,44.783374348108325],[21.196680316734305,44.76806194440595],[21.178257738760706,44.76486927268971],[21.14822250327442,44.73820790087971],[21.10819518115031,44.731337824855196],[21.07574273651786,44.7187997761015],[21.04774231271539,44.71658821590573],[21.022323782974514,44.72169872106036],[21.000691193314328,44.72018967937645],[20.960037837085434,44.69951404356561],[20.913528819144712,44.667167493996345],[20.84314333550135,44.65772654323735],[20.774535986559798,44.65877241321973],[20.724116826837253,44.682883684412595],[20.69150533921305,44.711539720826046],[20.67810839397157,44.73199182096429],[20.643435755740597,44.74832294958253],[20.629852392525343,44.76068341362239],[20.62681777186037,44.7688427935153],[20.630120394224445,44.801967743030346],[20.613603434479444,44.81942895052954],[20.61741862832623,44.829080255576756],[20.596883328144372,44.828292130065115],[20.58630967245478,44.842712165881],[20.57622900032176,44.84864888279908],[20.595393302309112,44.855249284426854],[20.620668865903305,44.8543410180727],[20.591187554871173,44.86269942507903],[20.62321085048341,44.869370972168774],[20.614269823227076,44.887814081086916],[20.619704185329287,44.89481490096648],[20.6219480267592,44.908922132743186],[20.592685920791613,44.93484911862979],[20.57606871016271,44.93558602987126],[20.575985784585832,44.9408737755428],[20.57177702724379,44.943055700272055],[20.566723318259815,44.939556486238466],[20.554627926127537,44.94091097857138],[20.53460869427331,44.94972046486661],[20.517761265584245,44.97208416966105],[20.52288079279797,44.976699747278715],[20.521054409643277,44.97998239106178],[20.48098538385137,44.99317247656444],[20.45835344895047,45.0190719022064],[20.42806789472824,45.034694813360304],[20.422683846540412,45.04839972396638],[20.415985402416982,45.052497277967284],[20.417238963317345,45.070599884678145],[20.42179903422063,45.07643160925155],[20.419420166463837,45.08187089975374],[20.37413377330947,45.096794395767816],[20.334114425541394,45.0744076418212],[20.357815108572638,45.04914737249373],[20.362918699730976,45.03078151090184],[20.357618262746332,45.01337469537815],[20.32000798761315,45.00303381411564],[20.290640144489085,44.98675618058861],[20.28904077657913,44.958092090887334],[20.301128769847814,44.94268756712847],[20.2746475790703,44.930419442521504],[20.270390518894466,44.934568249216774],[20.221376379674215,44.91546206651872],[20.2252449621069,44.90700617125906],[20.169250854111834,44.9070879146141],[20.170949180884232,44.89370810631955],[20.163485682519454,44.88533803729883],[20.165910447535186,44.86925869593285],[20.160109826223792,44.86252605169476],[20.146090618104612,44.856785125094916],[20.145782177269528,44.8301148126043],[20.13930951256479,44.803447529512994],[20.096643746812898,44.807271375277594],[20.087887029439667,44.787345654547],[20.095422222002465,44.78599817466554],[20.09859444398247,44.77998424140194],[20.12760798959011,44.77252911315479],[20.135787696211636,44.76670306852677],[20.134938533936616,44.76081666238646],[20.113736795333917,44.758404058314404],[20.112002736396985,44.752032155235646],[20.132445903285266,44.738797403486785],[20.121277583839333,44.73623877127809],[20.121736347619976,44.72767275621156],[20.10467514220123,44.72747514001657],[20.102112260384636,44.723902819078745],[20.128510553682354,44.71168444363275],[20.103132960599694,44.697741146304494],[20.03548613811506,44.68200304999749],[20.003883146649663,44.66280139530926],[19.97916510597582,44.637488393116236],[19.95701561880667,44.62972521312398],[19.92520943465097,44.63737365576402],[19.919883192911403,44.64391674837587],[19.920447284869407,44.649811779548216],[19.93101150032743,44.6573212874986],[19.967444937283254,44.66177924800984],[19.990625823238947,44.67291681391811],[20.000442254784826,44.68386190985833],[19.996152423371072,44.69160333756764],[19.899975392956392,44.69554486654518],[19.87208075842203,44.70408529002235],[19.81975163219032,44.73821932602645],[19.801181657767792,44.74557582962618],[19.73006385229312,44.748848694659195],[19.704823917571613,44.76823866288761],[19.69490714179843,44.795128099186186],[19.696702627600068,44.81589379791739],[19.70471118087437,44.83198305838168],[19.702057665277266,44.83249077923262],[19.715513845472454,44.85687634189957],[19.722037590414175,44.853955469279974],[19.741073697200815,44.88304743038138],[19.756282498777022,44.89594837491757],[19.759079589878613,44.903954093415635],[19.749407931585484,44.913036862418295],[19.720700300702667,44.910366591287854],[19.703893029407332,44.92613108364505],[19.67383693359568,44.92486908101896],[19.67313445056952,44.92039015094598],[19.66040398154603,44.917259294273066],[19.64749049156941,44.91820683827959],[19.63926833936346,44.92312428970198],[19.61841514027716,44.9210626696201],[19.607617655574558,44.91322758953344],[19.610290611381163,44.908771904431525],[19.592777767436633,44.90857809265629],[19.590908702917314,44.903991692730344],[19.56852556052563,44.90625631530476],[19.56454249187771,44.91141706686039],[19.545388827416847,44.910038594451784],[19.537271271274122,44.91854587312662],[19.52249409768675,44.92438422162241],[19.518772819048312,44.911386081050495],[19.51081592349672,44.91265158474636],[19.512494890755523,44.907446837223596],[19.494095984231667,44.90038444738175],[19.47868417124341,44.91236048126123],[19.480514220163528,44.92410578870368],[19.473347000690925,44.92757109495119],[19.477863904322408,44.93000555926877],[19.44020157326326,44.94168922557847],[19.430372883079016,44.935623371115355],[19.444643108525536,44.92441962120428],[19.42820790757092,44.922233232790866],[19.42723402074288,44.91603081013546],[19.419236664334555,44.92392875318193],[19.401288694354925,44.92405755321774],[19.383853284940074,44.91212988459429],[19.333343859991476,44.92164498335083],[19.321374721801288,44.91908906671439],[19.320532193522368,44.914220995584664],[19.329269867101615,44.90635399536212],[19.354338809617875,44.898725095188524],[19.354188373479595,44.89124997909951],[19.34973438997379,44.88890098462108],[19.305448114201003,44.908422390685004],[19.29102216437806,44.90925797384013],[19.27905339207196,44.90430986273785],[19.253961525549666,44.91342701836277],[19.223697687432235,44.897365282163],[19.21454601090185,44.896229427827166],[19.20839001989275,44.89912073016881],[19.196628300181082,44.918159151609714],[19.17485553532265,44.92153586029703],[19.146617064687064,44.903466500889145],[19.128827538560547,44.898710228195014],[19.117915848475523,44.88624514209288],[19.088440834073644,44.87959720390314],[19.070930606252965,44.86342128810475],[19.02141471611306,44.85539605903647],[19.003229110566075,44.8848647233115],[18.99274054499437,44.893981349163155],[18.988898074212244,44.906059389480546],[18.997584061729928,44.91538092312302],[19.032235946882356,44.922407436317904],[19.04497338901681,44.911987173877314],[19.068595962951434,44.90121490136094],[19.087089149377167,44.91043676103652],[19.080470535369162,44.91339565325357],[19.087451546163916,44.91640225920998],[19.084188400882876,44.919684448353955],[19.08722280491473,44.92548227773535],[19.12317964068607,44.93833157251583],[19.143094865018888,44.94115253489551],[19.142883019640525,44.946892114622145],[19.15605528968495,44.95301742903503],[19.15420298969623,44.95757740321823],[19.14681815872328,44.95736822575424],[19.147455359195476,44.975499196668736],[19.138698057565115,44.98066737150977],[19.10973369472739,44.96987165533876],[19.086523693233797,44.97436068878976],[19.07497883669005,44.97129062545045],[19.0519637865172,44.97713778092038],[19.09272331464267,44.99513406435502],[19.096132796196986,45.00533702391502],[19.102762462527437,45.01086356222837],[19.097352904806034,45.02452349243164],[19.099107935954784,45.03296459191389],[19.094387829867095,45.037868030142036],[19.10581551893209,45.05143220359935],[19.09528637838651,45.05852739841316],[19.105940652534738,45.07921710134439],[19.092699427960337,45.09087538740437],[19.093364358655244,45.10153220616608],[19.07632399637976,45.114839809524156],[19.077854510561185,45.12772910082055],[19.087672403659067,45.13829402324068],[19.086401354598596,45.1454189414434],[19.14194526379971,45.129720448546585],[19.186997659645684,45.165906797982366],[19.194600079319443,45.17889608125587],[19.165996414535567,45.189734080828686],[19.17649199722171,45.20261561355566],[19.19103639282127,45.20120467763761],[19.213994769992375,45.18791968419572],[19.227549174104748,45.18463593881977],[19.237753058347685,45.17536570893434],[19.247524297652127,45.17784355716333],[19.25004941198402,45.17282208786448],[19.272525490060026,45.17598983845631],[19.287427264694333,45.17062932864174],[19.29650335810839,45.171217371173505],[19.281269699607055,45.1932017828811],[19.289077592080424,45.195399352636024],[19.282742085626555,45.207185215838074],[19.31942606664957,45.207680345503185],[19.332381973894176,45.18210100090512],[19.329975172517514,45.17706235447608],[19.347540096470045,45.17250689205036],[19.349420723901744,45.164767036805415],[19.354645344173104,45.16463805873386],[19.354346825187807,45.16907978948181],[19.363736582430462,45.175520276564065],[19.372261466433333,45.17054176492548],[19.38818571888333,45.17318720029386],[19.418567071519767,45.16580390107025],[19.424614308261933,45.16749992063011],[19.435697753067444,45.17313834459487],[19.427971224554433,45.187553185828],[19.44727132260979,45.19591119672725],[19.426230599178318,45.219175107211264],[19.42069753197778,45.233426334866614],[19.35490707916628,45.23136981278352],[19.288911151840967,45.236416615721],[19.254981938041738,45.24354193386483],[19.142072866959033,45.28120023507196],[19.103622941773864,45.299910624490664],[19.097460016582847,45.31349489873891],[19.097482762894245,45.32718082910983],[19.09102466479486,45.33577372404802],[19.073092565482558,45.34166747224068],[19.027591821906565,45.34426826374824],[18.973984486333784,45.3740675476084],[18.969608926972793,45.38436223923025],[18.975765269542258,45.394073244016404],[18.984069008354787,45.398546141368655],[19.0215040181028,45.40221566428896],[19.030540847271777,45.41279653442405],[19.025124732640464,45.42359684555941],[18.99486210781319,45.44125006243985],[18.989147118558552,45.44946959603555],[18.991695970057354,45.47965787703697],[18.999474226112113,45.4933057281264],[19.00592664002409,45.497164323228134],[19.0464293523194,45.48495972938095],[19.08275388876204,45.487905264854746],[19.099126257843515,45.500220898924994],[19.101102172630547,45.51163024144484],[19.095403681994576,45.51937892538831],[19.069958997118803,45.52998569237942],[19.03315437780712,45.53427473864062],[19.015954738938802,45.55397808772419],[19.006269387960376,45.55463154674982],[18.997627209340887,45.542960789005],[18.985618672981506,45.537052965905346],[18.951548431882546,45.53287475962576],[18.930951740448958,45.53916166426763],[18.917071017805153,45.55437656479196],[18.89577798883379,45.56051324783021],[18.888885736100256,45.56626995436004],[18.889529408215715,45.57373401821464],[18.914568730717935,45.598611860936074],[18.899025172583304,45.60875690469868],[18.89917494547221,45.61611154931601],[18.93380515126674,45.63119236709334],[18.9393935242264,45.64271657452076],[18.964642529089076,45.66127004814441],[18.966156720983484,45.67070570089],[18.949187986685008,45.68236592163426],[18.927015161119208,45.690095708368716],[18.9061563144581,45.707624072824395],[18.888492292453037,45.77585448336637],[18.881056907529857,45.78222718739521],[18.85754123466452,45.78834006628985],[18.85026557837496,45.79542737274752],[18.847141683315282,45.810278524175494],[18.859429464496337,45.84353495537122],[18.855252295560486,45.85910460620742],[18.832807780980353,45.86868937314738],[18.827648061367054,45.89685380263338],[18.814994459822024,45.909414473737975],[18.821637480226762,45.914649179109645],[18.827558818342414,45.90479132488005],[18.868216294307647,45.91124825787946],[18.86462830885597,45.920749486362],[18.879145711590677,45.91643755633094],[18.906015802861248,45.93527143580829],[18.962023088678976,45.9258680958719],[18.987958898642432,45.93221046802542],[18.994702732768026,45.923885387154534],[19.008850288357948,45.92329711653017],[18.997874764072982,45.946206191903585],[19.005819495101104,45.95870707844621],[19.03267761423999,45.9646532899411],[19.079556793574483,45.9635326331749],[19.065684318411684,46.00004674901742],[19.104582600462784,46.03998858077366],[19.133799230370972,46.037076075687246],[19.147205791942078,46.0079728227511],[19.147741597275296,45.99611894386811],[19.204918113867485,45.99268150322367],[19.199563774591578,45.99817143888844],[19.232719828897103,45.99932927461123],[19.236656603544088,45.99505836257463],[19.285345154146214,45.99676015547567],[19.296535417756893,45.987794298903125],[19.30271075567915,45.991551363297106],[19.281630095707417,46.0145341058301],[19.364166172115414,46.052174016781294],[19.38018614096882,46.03580242907032],[19.415441220595127,46.04571793666882],[19.43916470337082,46.06675570546021],[19.466530925211536,46.08164999062333],[19.464427524219577,46.09527816055592],[19.481844534567138,46.10480024027704],[19.508966397830708,46.11072362141483],[19.527065724560906,46.120938061743615],[19.508093260030392,46.13358247153107],[19.509447857327114,46.13735399030653],[19.502455216977115,46.142087662492145],[19.516752137443532,46.15173776908811],[19.526566953712205,46.147694817087505],[19.560446616099398,46.166299999852306],[19.563147356285942,46.17698306801331],[19.631599935805248,46.169243638973086],[19.661539457681148,46.19005677333856]]]}},{"type":"Feature","properties":{"kod":"RS21","ime":"REGION ŠUMADIJE I ZAPADNE SRBIJE"},"geometry":{"type":"Polygon","coordinates":[[[19.473347000690925,44.92757109495119],[19.480514220163528,44.92410578870368],[19.47868417124341,44.91236048126123],[19.494095984231667,44.90038444738175],[19.512494890755523,44.907446837223596],[19.51081592349672,44.91265158474636],[19.518772819048312,44.911386081050495],[19.518400587070285,44.917275088508916],[19.524537523013112,44.92451186427428],[19.545388827416847,44.910038594451784],[19.56454249187771,44.91141706686039],[19.56852556052563,44.90625631530476],[19.57783329427346,44.90425408165157],[19.610290611381163,44.908771904431525],[19.607617655574558,44.91322758953344],[19.618943126606066,44.92116491058016],[19.63926833936346,44.92312428970198],[19.64749049156941,44.91820683827959],[19.66040398154603,44.917259294273066],[19.67313445056952,44.92039015094598],[19.67383693359568,44.92486908101896],[19.699015661924708,44.92671796662033],[19.706624435811076,44.92466126220722],[19.720700300702667,44.910366591287854],[19.74608295100082,44.91337187919389],[19.755620448317973,44.91019490739026],[19.759079589878613,44.903954093415635],[19.756282498777022,44.89594837491757],[19.741073697200815,44.88304743038138],[19.722037590414175,44.853955469279974],[19.715513845472454,44.85687634189957],[19.702057665277266,44.83249077923262],[19.70471118087437,44.83198305838168],[19.696702627600068,44.81589379791739],[19.69490714179843,44.795128099186186],[19.704823917571613,44.76823866288761],[19.73006385229312,44.748848694659195],[19.801181657767792,44.74557582962618],[19.81975163219032,44.73821932602645],[19.87208075842203,44.70408529002235],[19.899975392956392,44.69554486654518],[19.997100647353147,44.69092102652862],[20.00014634911463,44.68296216169327],[19.990625823238947,44.67291681391811],[19.967444937283254,44.66177924800984],[19.93101150032743,44.6573212874986],[19.92184426846516,44.651764137312064],[19.91965736045888,44.645985911386866],[19.926096689899044,44.6369013794361],[19.95080384072666,44.62989253206048],[19.96536443271605,44.63100729752523],[19.987641967713305,44.640670080777575],[19.985149646644008,44.63801852564085],[19.988414429244184,44.63593347080419],[19.982534605001288,44.63247090838068],[19.985573786070947,44.62840377012108],[19.97730036923168,44.626426054621575],[19.975623375923025,44.61384425903296],[19.98523461760738,44.60932871127155],[20.00010762191941,44.592177225410815],[19.993178064281043,44.585734866325716],[19.98985043923918,44.58705249415254],[19.994999350598015,44.57807294923736],[19.98869828462945,44.569141792750216],[19.98830749731531,44.55895501185381],[19.99485023821724,44.552417239551694],[19.993157859646235,44.55023003257012],[20.008296232904193,44.54298863306635],[20.013143413310175,44.536702734494376],[20.01124299114936,44.53342389075173],[20.018789517756755,44.53301816559031],[20.018107043297103,44.53916124831786],[20.02542592951894,44.537514034762246],[20.028696635784108,44.540717793905166],[20.036929023163996,44.531451040594774],[20.062111264579528,44.52111336936998],[20.074891774732055,44.527970765018175],[20.082045399847242,44.54595678055982],[20.093525757818576,44.5467549645275],[20.094056899535666,44.55009573726117],[20.098033384229947,44.54573369044018],[20.11042267823429,44.5476488389866],[20.112511223822477,44.54308768579958],[20.113859803110298,44.5475267645302],[20.119413493028066,44.54560038703334],[20.118182861085028,44.539946044137096],[20.14819078960439,44.51012405475219],[20.189673021506657,44.544222864274694],[20.188592416153398,44.56559488565145],[20.20076152501495,44.56861942894139],[20.20844964913358,44.56430305488542],[20.207689524819852,44.560091403944384],[20.212651306355173,44.56014495796599],[20.20548880042523,44.5546283802489],[20.209892657299502,44.550759113783855],[20.203688787497025,44.55008874008543],[20.206653391835367,44.54526786880734],[20.208103999403683,44.548309979561395],[20.213731489847866,44.546537190890504],[20.211465594426645,44.542602822516045],[20.214948260588145,44.541676005153754],[20.209769123544437,44.541954810295714],[20.21291951433188,44.53981700402812],[20.209163175732645,44.5377683026262],[20.21550130383206,44.537600243367116],[20.21266766656771,44.53502569125711],[20.216838884096667,44.53576285027551],[20.21437345255244,44.53263536619469],[20.21992824748026,44.53129692184197],[20.207360171947332,44.51904501491564],[20.219573180800502,44.51907018092187],[20.209509015272342,44.515624236175455],[20.214018570973586,44.51504531388769],[20.212681975216565,44.510761531536026],[20.22399338693747,44.512007020217716],[20.22353298120161,44.50769255623338],[20.22898798269482,44.506267603825066],[20.23356003848948,44.510256994475995],[20.236089268049753,44.50706735797115],[20.233899912678165,44.50790052075428],[20.231963472516362,44.50546716093472],[20.239474252880612,44.50634956637284],[20.24094335813638,44.501917887930546],[20.236035302923973,44.49713546867322],[20.24431548762475,44.49496618738486],[20.245075653385527,44.490614545167155],[20.240714141391585,44.48764140289835],[20.246659758743725,44.48685610485275],[20.241542280535736,44.4829160645592],[20.24510328985074,44.47857424322807],[20.23886158472712,44.47614467356145],[20.247769164319887,44.46911212362452],[20.234009540954386,44.464917365459655],[20.233623250590593,44.459466772503035],[20.241677712189556,44.458444274333],[20.232359137445993,44.45716236584305],[20.23661123004478,44.456265822770966],[20.23774475296302,44.44603121061712],[20.24421113883995,44.4487658293007],[20.241301210082135,44.445276892353135],[20.248047219216968,44.44311340986631],[20.241435053107512,44.43744307862031],[20.246811582977223,44.429725758479584],[20.241277696809618,44.42908902000927],[20.24470296130265,44.42464881342266],[20.227420356413194,44.421411402090996],[20.217606049049458,44.41372218728496],[20.222734298704008,44.407739809368024],[20.21984083505472,44.40334710194876],[20.21308934061895,44.40400741900479],[20.208239906277626,44.399900376389226],[20.211730011863008,44.39561071675724],[20.216204201408637,44.397910670397586],[20.221235164335575,44.387726590608196],[20.21060592303167,44.390496252726585],[20.20913716716312,44.38800355506913],[20.214458588694242,44.38642480221526],[20.208110005884226,44.386428184689215],[20.2101470470337,44.38093433861585],[20.20641687999958,44.37596716747986],[20.215648472093967,44.37176699954658],[20.214585643888938,44.36527929316196],[20.23174787482529,44.35237009265827],[20.194538131981282,44.34959358595669],[20.191337772809174,44.3433779225518],[20.195697034691285,44.34069616845165],[20.199294649183418,44.34310812894523],[20.20141987272085,44.339970831370934],[20.19658733745548,44.3353716408143],[20.202921519598984,44.3304432700865],[20.2121973603775,44.335529384545296],[20.210384028579437,44.33171565401549],[20.215372576350692,44.32993045971941],[20.209704944810095,44.32872745294294],[20.215651067953548,44.324721661019105],[20.207660988479347,44.32395973076439],[20.215934214485788,44.31582503281203],[20.226592182560925,44.31637282550303],[20.228781113968186,44.311305217044314],[20.2235465283182,44.309997486498936],[20.23215691500143,44.30625408782254],[20.229568514617505,44.30390635836359],[20.232703661334444,44.301048190933265],[20.240378773898648,44.30239839967789],[20.237482964011893,44.296958579892504],[20.242713201877557,44.29329117024769],[20.250381887310564,44.29465108038802],[20.253676339744477,44.29136063613789],[20.248802375678885,44.290469429616586],[20.250485071484547,44.286757211683906],[20.25934665830517,44.288763976420434],[20.257812959448312,44.282320895365274],[20.268029744448693,44.27926594139021],[20.264898128143134,44.27692777880404],[20.278717343938613,44.2784703085422],[20.27871397931132,44.272457322654425],[20.273755589285436,44.271943993324854],[20.277670054525057,44.26811725220527],[20.301026545768217,44.2629314829177],[20.301294123498838,44.272412642873725],[20.30721183858679,44.28062337743992],[20.31184728687816,44.27517348907384],[20.329864673645716,44.2740709407518],[20.342499560455543,44.280535909373185],[20.347452426628834,44.28781357219421],[20.359883207816747,44.2919222146563],[20.361267433302928,44.29795487271543],[20.368160671467166,44.2991768781904],[20.365798276615255,44.308927937986375],[20.387331737307697,44.312821375984264],[20.39026468346244,44.31778390811139],[20.40067450784553,44.31337538700142],[20.416354049931865,44.34610373921188],[20.41479564612709,44.35048589618563],[20.41833616893516,44.34998861784535],[20.421082319143455,44.35792376139726],[20.437877485789716,44.37553722452066],[20.456087631242923,44.380746897742085],[20.442951753093002,44.38820531474307],[20.444820919149524,44.39215199613011],[20.431410692376055,44.39435161585139],[20.420803847609225,44.401004290261774],[20.4214348756272,44.4112924492275],[20.413408945759848,44.41673998322492],[20.4255342441148,44.42699454151029],[20.436522003151303,44.42627221744007],[20.45126794480486,44.44273354303127],[20.46485989719354,44.44364595982208],[20.47485650133864,44.43477649078148],[20.482025437921166,44.43397449101676],[20.49581341482764,44.420217683626454],[20.506173135309492,44.418820143305354],[20.51586966096522,44.42424858404862],[20.548816759770425,44.416638266952525],[20.547237491434824,44.410273021687274],[20.554292421119726,44.403097517644454],[20.546249068222597,44.391568002301604],[20.55146330840278,44.37901269701566],[20.556209345009048,44.37777392755141],[20.571230481896357,44.386746084553266],[20.616501538165018,44.395277877817335],[20.61734890438873,44.4007948539088],[20.625201477463023,44.400512176748514],[20.633334009063905,44.39749090073898],[20.63539406366101,44.391665772600156],[20.632143307635907,44.38696089654726],[20.63598486206285,44.38682284729271],[20.634710179839796,44.38066190193274],[20.638313457167047,44.379701994740365],[20.634970932754896,44.37406837613705],[20.63929233651531,44.37350179098599],[20.64433252151975,44.360126652400695],[20.64834682441229,44.36529880650118],[20.656814435929416,44.3624256886946],[20.660016803748224,44.35859680513945],[20.65521274749011,44.3527885873355],[20.659861317862145,44.350229827005535],[20.699813934586718,44.36052516494208],[20.70698544478003,44.35563610379388],[20.709369099368544,44.359354903875385],[20.72215735275596,44.358822787177886],[20.7173733763434,44.34853405895828],[20.735272298580675,44.346412640328175],[20.74402228255064,44.34915186132848],[20.769539990999665,44.32809689050119],[20.786686878718044,44.3251266478944],[20.785474993870498,44.322332100976965],[20.78646686789246,44.319790667704204],[20.804364538207615,44.321218181265714],[20.834283016896126,44.316487924897324],[20.831456643283534,44.30243420195058],[20.82643212216077,44.300800881725166],[20.83606444174327,44.28421231523171],[20.85448703221348,44.28203710629328],[20.858112499881926,44.28494613082431],[20.868918254331195,44.27465203036185],[20.86894665806521,44.27886529502247],[20.875038746552633,44.27981779577289],[20.881403837433073,44.27549937147344],[20.883439358369873,44.26854893528057],[20.898371196543653,44.271487698032935],[20.901776020037904,44.2761678483019],[20.908729911064324,44.269329878584244],[20.912958248178406,44.27156195183047],[20.92839743823316,44.26721556465512],[20.926894166763034,44.269659989898145],[20.934324101230622,44.27414830050383],[20.95096531566247,44.2727398857356],[20.95897317010831,44.27455970124773],[20.959716041707267,44.27810289613546],[20.973940360205944,44.27355195504781],[20.980024682304766,44.2786830761123],[20.98843124918377,44.27828354710082],[20.98513669412486,44.272616523167436],[20.988787521333066,44.266212735052044],[20.986651066643436,44.2579475650373],[20.993326766257834,44.25537556360842],[20.988515885245754,44.25300404542986],[21.046025610013135,44.232650768430624],[21.056970432714984,44.2226799332934],[21.07564968341028,44.22414469822937],[21.089732067901835,44.22067781171965],[21.107933644097077,44.2245948570954],[21.11717054978155,44.21492790487192],[21.138465171315357,44.21679172998986],[21.14961114205631,44.20792623863356],[21.15686274027233,44.21258601249211],[21.157309047012976,44.22104442400825],[21.149896571773183,44.233353380635556],[21.16842825263591,44.245146768637056],[21.150820590566173,44.25636176343531],[21.151504128041335,44.262454077654425],[21.1588997629573,44.26786041521014],[21.150485653483006,44.269054516640935],[21.142263124404746,44.26103496650422],[21.126525210729394,44.276892631052675],[21.142458604699765,44.27928747771804],[21.15246845822609,44.27329911011431],[21.15854708730732,44.281741182171295],[21.137520643141148,44.28521871637701],[21.13405991256058,44.293585191888205],[21.123704013920065,44.296266412192146],[21.120685627901423,44.30079038452887],[21.125496704820694,44.307939252735615],[21.147863930901675,44.30592338509743],[21.1479563382256,44.315307309575964],[21.157732459264743,44.31791469372491],[21.170396500939102,44.315050814178605],[21.18059044987734,44.30641008990118],[21.18758756642912,44.304578398359155],[21.191822738596997,44.30902828266199],[21.202791799614076,44.30645217817517],[21.20674507456839,44.30326557394334],[21.204473129483972,44.30065290279935],[21.21081508149327,44.303301509956405],[21.2175971881609,44.29306462449373],[21.223675770496385,44.29506511065283],[21.22288052035893,44.28789611733328],[21.226882093908795,44.2858860271005],[21.224352461832577,44.28377799138066],[21.23979710637865,44.26796307418588],[21.257354792345016,44.26617315136682],[21.26398452494743,44.26920640497182],[21.27866416336762,44.260175248357925],[21.28167392614892,44.26435236237934],[21.273687169791092,44.26562324908971],[21.28656329812232,44.27760378011962],[21.284310718249248,44.281409989404295],[21.288753216535852,44.28087289537095],[21.2886367531783,44.28510782169932],[21.291140803309666,44.283778650699816],[21.297013092353154,44.29271318745314],[21.30470302959224,44.29608714957116],[21.338576196456007,44.279568051022395],[21.341646251470934,44.2570779265919],[21.348486159772765,44.252261010209544],[21.346388497436237,44.243782869297206],[21.367917999868393,44.24771911816342],[21.37027588860794,44.24244528143612],[21.377537817854556,44.24120543346652],[21.374448812098986,44.24047267279915],[21.378221622966773,44.23939858081507],[21.375778856363187,44.228313714203175],[21.35980238857449,44.21075529816813],[21.360901786992216,44.20366538664663],[21.3716725692736,44.20805888160735],[21.380010843242047,44.20279890924954],[21.400968553836954,44.2039403081257],[21.40415428940718,44.20659078435797],[21.397975376320396,44.210936574262384],[21.410480943069942,44.21704278668814],[21.448661264334266,44.215887112230135],[21.464271042334023,44.20169353919938],[21.47065883510772,44.20421968904837],[21.472877475596857,44.20134981221252],[21.475091549715867,44.2062253127323],[21.499573222481704,44.202237479547506],[21.512960053993165,44.189306702879755],[21.523426647579605,44.19301057482767],[21.524174978199007,44.18530707917919],[21.53279259858909,44.174026604241256],[21.551142977923508,44.16349732781415],[21.556629072676117,44.17170828876733],[21.561231789665285,44.17317602267567],[21.55140431580424,44.16248133145571],[21.55071119132824,44.1556109006028],[21.559170447250676,44.1459884941681],[21.57064694839448,44.146114572331534],[21.57796158551588,44.139437077798235],[21.5904135781774,44.13839825004254],[21.609338545180396,44.14646188750076],[21.620179729147956,44.13976207113395],[21.668025025071763,44.13393185311543],[21.682050611253462,44.113551351087104],[21.690055574181248,44.10972828324505],[21.712351680861005,44.108137003631285],[21.748509065558796,44.11565984362908],[21.755940908343806,44.11237274388541],[21.757793895127023,44.10199865052449],[21.761150872034413,44.10293269380965],[21.76883320326069,44.095476835599264],[21.79405081003894,44.092117911553615],[21.801225562430947,44.101088586547775],[21.812798911312058,44.095954247432736],[21.822199197859852,44.082945946328586],[21.81768041331604,44.0768901137536],[21.82250680957295,44.07176355197965],[21.815348722634806,44.06231385221236],[21.79931094731056,44.05846453613491],[21.798471306496907,44.03701065786843],[21.779673480613987,44.02567964701365],[21.783383607738266,44.018810488313925],[21.77785436050085,44.00583766549004],[21.78132805895543,43.99371618448136],[21.778789870079137,43.98740434430118],[21.760278573882946,43.98097898013269],[21.75078405941017,43.95836681222264],[21.736209801034192,43.95087415313754],[21.738649430634634,43.93600383076183],[21.74323000837136,43.932242798117],[21.739779846281298,43.92337544681236],[21.731117102581745,43.91756903960732],[21.714474660272888,43.92055980661918],[21.709975173193552,43.91364645555374],[21.69078696264919,43.91462396373466],[21.689138340031462,43.908766778054954],[21.67859852430125,43.90453658797454],[21.682192813511207,43.89563927183029],[21.676039314892,43.881875833788776],[21.68781911085835,43.87635616436892],[21.694821451434358,43.86466919312722],[21.677646767557206,43.84725962815037],[21.672777176308692,43.833740941461514],[21.65478674795832,43.82621533301307],[21.6529391017897,43.82170375791753],[21.65660460904552,43.81886997577855],[21.64870938846849,43.81468329662348],[21.6147993780246,43.8087844261469],[21.589047689533544,43.8156252831243],[21.58326191726674,43.81050565157765],[21.557355874509597,43.81142071513036],[21.520653400111893,43.78934027259436],[21.509197635052,43.79528267117683],[21.507676144640072,43.78678128189902],[21.484349551749542,43.779407787887024],[21.47747604341526,43.76621400938602],[21.481669918360293,43.763361601893045],[21.478010917817876,43.751924889256166],[21.486183192483143,43.74130858745252],[21.502776575784743,43.74223015661253],[21.51214860300229,43.731758630936035],[21.521115419628803,43.729895507766706],[21.52629213888743,43.7216172053501],[21.52427180145273,43.713562014916384],[21.51165595187733,43.71349102936116],[21.502599001208907,43.70736723622748],[21.49810419914863,43.68860003994356],[21.48952787861157,43.69563549628279],[21.477800894800875,43.69624003679157],[21.475367554453626,43.69050383237134],[21.478323803575623,43.688519360445895],[21.46381457442222,43.68338161167585],[21.46112021447465,43.67021104247946],[21.46834248856811,43.65965229178169],[21.46585843644961,43.657607569131045],[21.475194818704544,43.662554454725374],[21.488661696087707,43.644937187736225],[21.48981105978297,43.635542062364],[21.484472308593922,43.628375032076285],[21.485442257868428,43.62330289755955],[21.49698704888703,43.62702007132462],[21.50695319245177,43.622286490806296],[21.503734505955844,43.61761611075347],[21.49101074005479,43.619795057088055],[21.488334019269036,43.612257995091795],[21.503895105452973,43.60535335551631],[21.510933515393752,43.607068527317466],[21.516503749140302,43.61810977100334],[21.529714966711367,43.60934358142678],[21.54412276028399,43.615035044315036],[21.543710017804266,43.609663478549294],[21.528846851337356,43.596195386247366],[21.52929064310076,43.59152815445592],[21.535764802164493,43.58135560348645],[21.548811994581605,43.574425369174584],[21.543382086198424,43.56850269170641],[21.55182452049392,43.54612858169592],[21.570489344136554,43.54256134192496],[21.577118143870642,43.5334782264107],[21.56290906818162,43.49733560932344],[21.547560299508692,43.471981077375574],[21.556566150852056,43.456667106275894],[21.563210945722457,43.45364038880592],[21.56099812028908,43.448748208561135],[21.571358459483864,43.44769295365776],[21.58046189454783,43.44121576635945],[21.57110478871056,43.42558192469026],[21.54398451893382,43.411172492748015],[21.53601478001658,43.41353747230673],[21.527303561260425,43.410874998558114],[21.52627435397502,43.40521434231432],[21.514200091040987,43.39408338670605],[21.499739054436027,43.386956157991264],[21.48076145829969,43.38454135376773],[21.48022535192446,43.37896344756892],[21.474336815170513,43.38602488271961],[21.465224028653303,43.3830146427991],[21.45253448719925,43.38596393252917],[21.432631463516365,43.397777681684396],[21.413264191716987,43.401733014626515],[21.40810210370937,43.39656145931243],[21.392633516373895,43.397942769771625],[21.382270741035633,43.39430873731214],[21.351996341833335,43.40670944376004],[21.34145730519792,43.39920921831479],[21.314216492512095,43.39586902440376],[21.295775041769,43.38875257516828],[21.28388259718674,43.39119090988276],[21.28162686584006,43.38329694517718],[21.263338028160817,43.38225311194568],[21.2547690212466,43.379036859447666],[21.252610054601313,43.37342814516719],[21.23896019537573,43.37349177949213],[21.230109321512185,43.37807093415914],[21.22377166524954,43.375860816232816],[21.223247658081483,43.368469876282724],[21.207977141577018,43.36086043327706],[21.215768826596896,43.340010449410144],[21.192424263604973,43.329097153477065],[21.186451398180655,43.31967772036536],[21.173337122956795,43.31768142718882],[21.17219277487322,43.30748014164147],[21.164162790887744,43.29413101928155],[21.166640283615145,43.28211969824748],[21.150112648215014,43.28194683852594],[21.147093740396443,43.27917306855869],[21.148452726194197,43.2675760360843],[21.130271914860458,43.26254200627062],[21.120880216631527,43.25142224909887],[21.086930659151506,43.24956554649433],[21.06863371508121,43.2609588291907],[21.06876477023494,43.2661081588138],[21.052223199636437,43.27403195815153],[21.033898054318104,43.2689494648019],[21.026054590904337,43.261812342980285],[21.003373502770895,43.27196522603357],[20.987857815635124,43.27036262720199],[20.987733751247937,43.247729159049335],[20.97927760023736,43.24820742921203],[20.965516776091583,43.23820946202709],[20.969819273118734,43.232450362990036],[20.966088706117404,43.22512907021152],[20.96737198148377,43.216595504754025],[20.974425910829087,43.21163140145246],[20.970456888844314,43.20187536934919],[20.9788487795776,43.194556057221114],[20.959971775978588,43.18022532122157],[20.946317264731075,43.17886068154058],[20.932139727132594,43.1575815574484],[20.92508502500843,43.153249136706144],[20.92357620862145,43.14607629877505],[20.908583049944458,43.14822498679197],[20.899718839388562,43.15571207802244],[20.889321475772746,43.155981933964135],[20.881715602657138,43.166946674953614],[20.863274353993933,43.164786147659186],[20.85612757019678,43.17434815182219],[20.83873785130809,43.17285403047873],[20.831076590687942,43.17912098260451],[20.83528450496419,43.1841231302867],[20.855063632520515,43.18914720369701],[20.8434800658136,43.19813916694547],[20.843552239245124,43.20707470367993],[20.889366071044808,43.203717918607985],[20.879864645887753,43.2108573200765],[20.87973566257231,43.22222636870507],[20.873165803590343,43.23083934267825],[20.861672135043836,43.237881165614134],[20.8519814138108,43.251219882040864],[20.836964142120216,43.25683772941203],[20.83596830018582,43.2616993464972],[20.830621882286692,43.26171546712155],[20.82840798587855,43.26578679231384],[20.800759938740203,43.26682705955399],[20.792234983383402,43.25938346584628],[20.791414597975983,43.24405086182586],[20.778185756932725,43.241972275580814],[20.769288646097348,43.247577647582645],[20.76126469193834,43.24399855531939],[20.728185885282993,43.24865132150737],[20.709470774771567,43.22721768660351],[20.699347847270193,43.22518284764702],[20.688604215200122,43.21835323874779],[20.68771784195169,43.21365451894356],[20.671571422826887,43.20861817112703],[20.652488769529047,43.21108500693595],[20.637265569902265,43.206715457675585],[20.633248008079903,43.20967865762012],[20.615291034128735,43.20431050163268],[20.59842684297458,43.209814343199575],[20.593760863471257,43.2050414365879],[20.60945741581552,43.192115449841445],[20.613243755428677,43.18349626642569],[20.60780622655485,43.17518965850746],[20.611225423049326,43.169729883599075],[20.658296673476308,43.15401688573347],[20.66203149186192,43.14427799207276],[20.657626360874787,43.137996014081274],[20.685071883216523,43.123024870758066],[20.692722257398092,43.10927218419708],[20.69307922940771,43.10553950029673],[20.687351961421555,43.1025375741499],[20.69324543678006,43.09466824931201],[20.687698254303257,43.08395474345798],[20.662155520607833,43.078407882350646],[20.656253845398354,43.073695863260255],[20.661900906433303,43.06675198414864],[20.66910369365415,43.065270553394825],[20.670522619446082,43.05556568785771],[20.665458968002138,43.04963694805001],[20.670462762528985,43.04746062750462],[20.671383469446386,43.039083743027824],[20.66925078643181,43.03512139279396],[20.652157048738893,43.033479915581076],[20.650997651118562,43.02209714291964],[20.641023401714133,43.02237316810156],[20.636862533585838,43.01636882549703],[20.64050281642796,43.00682963317446],[20.629864142761193,43.009123073299165],[20.617337454470793,43.00306471369253],[20.61765408805064,43.017552085923114],[20.590823867197486,43.017034739690274],[20.58137728042564,43.01275171575693],[20.581220319426347,43.00195499990284],[20.567850370526944,42.99649499794533],[20.56482990759951,42.98455788589215],[20.551905820833625,42.97563532063146],[20.554448583122635,42.96873420558956],[20.546405872216436,42.96103553961625],[20.539749537363647,42.96384849885186],[20.5355944966825,42.974708959549694],[20.51459152207713,42.97063256054206],[20.513674498193833,42.96558121597779],[20.499587858442574,42.95677177026633],[20.492897710658287,42.94041434660323],[20.48456653877957,42.933788818219384],[20.49986852859226,42.91770024855252],[20.505506641248655,42.90531384134308],[20.52061239772041,42.898157422792394],[20.520452231629893,42.893562187516494],[20.535293982823394,42.88909932494985],[20.538295365411336,42.88317549051632],[20.485837088700105,42.8675941161996],[20.4381860230839,42.8331847543696],[20.40864299458329,42.847148546789846],[20.380115426377575,42.841765113037425],[20.36364679027449,42.832268483361666],[20.353489486081653,42.832817449570385],[20.342079918335475,42.86920072996373],[20.346014994782042,42.877401118576955],[20.34494039500596,42.88816071636864],[20.350029309779032,42.89595888507015],[20.345250202213556,42.91135737098438],[20.336306353886126,42.9077030143579],[20.32947172298531,42.91374067173664],[20.31022348479854,42.917428694283764],[20.311285632212154,42.923404594443255],[20.29879054638754,42.92186854075021],[20.284043434659278,42.92727850483696],[20.277666495444436,42.935294768558606],[20.269938340111743,42.93169632500293],[20.25153213942722,42.940147369260465],[20.229101256240472,42.94440974647626],[20.21020712670334,42.95836610346477],[20.188533862972424,42.96022974471676],[20.173913803683348,42.97230211687438],[20.15337049215618,42.97437291929775],[20.15305752112603,42.9850800261396],[20.14882662762244,42.98888717415972],[20.131585256345065,42.96937034983505],[20.121667534872735,42.9637309030234],[20.105441445803255,42.97229048820727],[20.10223793034224,42.981765019668444],[20.08671925242429,42.99556732655558],[20.07380200288503,42.996469097697755],[20.063941072271792,43.006825957650754],[20.054129442289593,43.009458033880534],[20.056357514322055,43.017651538717395],[20.04466468227182,43.02861646215817],[19.992147605589384,43.05180640093005],[19.96744908314225,43.08719135972943],[19.97352223210073,43.103673166622876],[19.96986398329079,43.112848144735345],[19.94995216823959,43.10247800736212],[19.921984182332515,43.09591123930438],[19.916638493778297,43.08595981722222],[19.906866875676542,43.090948672282224],[19.90296310543027,43.09925100223728],[19.8875268246692,43.097363080047906],[19.878020269131536,43.1097521511831],[19.869920940068493,43.11311666212594],[19.83868642930212,43.09404193771992],[19.8338309007172,43.09611895274634],[19.836310824721256,43.09997162021156],[19.833183230339895,43.107286470996485],[19.84034570207827,43.11195095289104],[19.837099331585602,43.11565319250494],[19.825957096835566,43.11809852706068],[19.81145007037596,43.11548104463566],[19.805002552897054,43.12232538174527],[19.78783679412796,43.126049169513536],[19.7870832919371,43.13373750498747],[19.776870600079917,43.13790132907404],[19.781054765543857,43.143443687718054],[19.779662664148546,43.15632216558047],[19.770257570228893,43.16552870834467],[19.74084855520453,43.1590373802651],[19.733593338007324,43.17121172950935],[19.68492647481947,43.167996465925256],[19.678780407810113,43.178880403551204],[19.670898072933188,43.1838304551704],[19.640658282911296,43.188984626177394],[19.636912826900975,43.200375712055454],[19.639850119560187,43.2071465949558],[19.61811993718817,43.23054097303024],[19.5448468945566,43.24756228876845],[19.542841440186894,43.26094418441411],[19.527245128289245,43.27933820872296],[19.53766039197408,43.3042212887968],[19.53556375472066,43.30909600141193],[19.52137265223527,43.32094127424782],[19.485244691802826,43.32758719659231],[19.482009769746163,43.33356795017259],[19.461128567906,43.34481232094339],[19.461879793442623,43.35906453565325],[19.450472455847354,43.36721929113691],[19.448546942332957,43.38810750732018],[19.410359440853174,43.393091810519074],[19.393496978159412,43.40104146290085],[19.382394484296903,43.41268853998109],[19.360435704468596,43.4113310411521],[19.34934452230927,43.41572052994897],[19.334274519640136,43.43660324016228],[19.288165897436738,43.44579719042688],[19.276484924297257,43.45434544768494],[19.25342235410722,43.461386990489345],[19.247241112786135,43.46883866360154],[19.221431667476725,43.483172718502374],[19.225870068664122,43.48550577319797],[19.22246213868783,43.50311773262855],[19.227497711692596,43.512215249118285],[19.22263235622793,43.527148885900765],[19.250827712984165,43.529392611766546],[19.246209709200897,43.5480694105598],[19.25384632427783,43.57548792385345],[19.245875342603178,43.592700595244516],[19.262689875593633,43.589392917488716],[19.27269542539825,43.59655298320348],[19.26853135619638,43.60194430136555],[19.255512581496816,43.59791850629431],[19.263555729479123,43.60682512097775],[19.26656344375338,43.60520400679935],[19.27302923433192,43.59669995049153],[19.28873204339296,43.59548440018997],[19.291127407022262,43.600139485053745],[19.303949094104667,43.58984055115009],[19.33679355633506,43.58851581647276],[19.356631218314547,43.60565685500282],[19.369362635302775,43.61068553669844],[19.370872735784427,43.6052681404136],[19.381874510566675,43.6016149805624],[19.384804077993852,43.59147567850883],[19.395625386811602,43.59172241833256],[19.401934781772255,43.58758593354595],[19.399532304641316,43.58128683417115],[19.387862138652846,43.577250654883194],[19.39241334319995,43.57369733770747],[19.40521438637398,43.577263634352725],[19.402518280007687,43.57031875727861],[19.408419671998274,43.56977932635728],[19.422269267761138,43.575319287582666],[19.41811244157327,43.57830024334239],[19.446067745870167,43.581872533286514],[19.480731615340485,43.571719711632035],[19.511010602742015,43.5861587623579],[19.49703325868406,43.59810101339596],[19.491797886332286,43.59647472642901],[19.499514524470317,43.61586272555343],[19.49179790044693,43.61985954135313],[19.488079575098286,43.63245611230426],[19.49869218591319,43.638971007504146],[19.50053996736257,43.63335141377254],[19.50728286266786,43.6333213810278],[19.506895309236292,43.628142917993934],[19.510637231103985,43.628223631473894],[19.51500846138667,43.64046992765779],[19.512343534024662,43.64424991519171],[19.526480550010998,43.64973464264284],[19.53178397085044,43.66777330731965],[19.51706171514561,43.68952327411955],[19.518292241136233,43.69604444051678],[19.51454041080636,43.70083362938301],[19.518989679276885,43.70598419659543],[19.5189444944964,43.71435087091299],[19.480942725537314,43.733654955425244],[19.4769415626863,43.74740475961928],[19.467296444535645,43.75382756481237],[19.465360698135086,43.764486551699804],[19.447434048132152,43.77517952119505],[19.431216264823362,43.77685207348203],[19.431388006325516,43.783939404056255],[19.421100275952416,43.796747689218],[19.41141892498682,43.79394532263579],[19.394520732721272,43.798281402320676],[19.391910039317132,43.80878583789795],[19.37204017322283,43.82459768964461],[19.374672183195642,43.834474974025355],[19.36431954820881,43.83767432736846],[19.346058967125003,43.852998595052185],[19.335781309143478,43.86965870259881],[19.315634189119457,43.88308770950409],[19.31046874973413,43.897629712656226],[19.29693386074626,43.9099387048532],[19.29416026836448,43.91961741609263],[19.283768438332544,43.927032737466035],[19.283972695514628,43.93099695313618],[19.271806732726798,43.93850249961429],[19.267130079414127,43.94676076642924],[19.25159259961097,43.95373136521625],[19.255080646816623,43.96294122166217],[19.236621334688582,43.98765329923236],[19.235048613833424,44.01036584775242],[19.247479529449766,44.01421088920008],[19.267004795405363,44.00040338096765],[19.304498937057637,43.99750303135701],[19.334178910390417,43.98263052662431],[19.356542143091808,43.981344830900476],[19.36174440528753,43.97218631435261],[19.388446527722348,43.960313914115034],[19.403430184057736,43.96866984369102],[19.43267685337676,43.95788733880389],[19.52609921438428,43.95605638314315],[19.539599536979406,43.97398660117804],[19.566518645694355,43.98424301196533],[19.563894777925128,43.99907743757413],[19.588322868937112,44.00312600422196],[19.598329403263637,44.009995170992525],[19.62025871530702,44.01556856960195],[19.62254011049101,44.02117184001857],[19.613829734255994,44.03501039962144],[19.623633375901395,44.05092465109348],[19.6180129531268,44.05396325248403],[19.604467745700802,44.050701665538384],[19.600471899737535,44.06928626098922],[19.590086584475603,44.0722160863557],[19.582112624115485,44.067579014624684],[19.58135819160162,44.04822687823818],[19.57383890958418,44.0466599882926],[19.558059107236563,44.069607056353405],[19.511225545733488,44.081315585924166],[19.49604615308054,44.10044367036499],[19.49308519597743,44.1152453275276],[19.47144263740508,44.11920717045958],[19.47043633399951,44.12796311667793],[19.482067327002518,44.1383973135741],[19.48172947034966,44.14592305654639],[19.466527090667288,44.1487977034008],[19.4487883295712,44.131641393739926],[19.443883738350667,44.13171634456285],[19.419939774793928,44.14408278739768],[19.40828889453432,44.169094742767996],[19.359068780819303,44.18431437792036],[19.355358235878278,44.19849678141721],[19.359818818825033,44.207421468548546],[19.34351597782157,44.219116300156124],[19.34877520136836,44.23174991966305],[19.342348993401956,44.24290311212849],[19.32988011926075,44.25072186308092],[19.325067452982374,44.271329746199235],[19.313173307720465,44.27308204028069],[19.298060276117795,44.26942369323395],[19.279516955065112,44.2767424504006],[19.252822260609623,44.26320049240626],[19.2392011558283,44.261578686738844],[19.222800344342716,44.26903748936964],[19.217238930124637,44.287112326037125],[19.209619751311447,44.29117283554017],[19.19848391880178,44.29120697268909],[19.1798507460194,44.27982152018988],[19.165354757943856,44.284583853410496],[19.155923275161054,44.30345476553613],[19.13150166481512,44.318130297623526],[19.129749176492535,44.32966514608574],[19.136599305721134,44.33885129315571],[19.114104838950677,44.344604534916414],[19.10894518684041,44.356813332987436],[19.11974332932111,44.367387538111814],[19.10651737416853,44.36681049703029],[19.102592302323682,44.372895710875206],[19.110153477541505,44.39745863473571],[19.147071921257158,44.415283651466694],[19.149239806219214,44.43695331328757],[19.14482739046629,44.450672506928555],[19.13627584156287,44.45668491078563],[19.14070689467365,44.47116000453831],[19.13261828534602,44.49086494951412],[19.12304981570141,44.50053574719207],[19.128443193088717,44.51993759752193],[19.14399559677976,44.52692060843529],[19.16758116200253,44.523844490666235],[19.179735133638708,44.54001582054707],[19.19015348719036,44.54682232261953],[19.192196917104617,44.55472753771395],[19.182196179341855,44.56175223386968],[19.183639203866786,44.57315202370627],[19.18580819167064,44.576139951243874],[19.20631304735246,44.576907631859584],[19.206702897004153,44.58345033093963],[19.219545864785932,44.59374699719384],[19.2272137610716,44.61081165685274],[19.214939032136684,44.61937723663679],[19.23640804986582,44.62300498085849],[19.257159665049294,44.63479054530869],[19.26634399494173,44.648078323120835],[19.258361275900963,44.65609295331632],[19.259885593528637,44.65837400423946],[19.277035023458332,44.657305618743884],[19.28260458951867,44.661770532322535],[19.276243813881187,44.66766182527068],[19.28028240350301,44.67724426934107],[19.291272921449394,44.682504904571324],[19.287214127123573,44.68739696766676],[19.289952314765046,44.69191513255803],[19.296692320457062,44.68762861009536],[19.303800396433413,44.68908071148041],[19.2999598544987,44.695208239504396],[19.308987822525065,44.70573011031276],[19.301124737106104,44.71261976305176],[19.31402523423492,44.720495603676525],[19.3017470935588,44.730950958603195],[19.31205999073796,44.74111881645592],[19.326400698747033,44.74198624826818],[19.3306310600867,44.74796591259382],[19.314993256619243,44.75291826761467],[19.31612046604644,44.75652278720067],[19.324260577439524,44.75777155349103],[19.32384006766324,44.7637743956102],[19.307423547287108,44.76406071236324],[19.301221363700886,44.76918055141119],[19.305028549197985,44.773345029571416],[19.32199176023628,44.77454992153974],[19.325810077417735,44.77831388640891],[19.324320099212162,44.784142052010615],[19.31797143561327,44.785549004144336],[19.31075333929886,44.78045358091069],[19.294570390276924,44.785802483216514],[19.304651871780898,44.794315102393846],[19.31732619148645,44.795610874628515],[19.310121214490053,44.80548443106022],[19.312951236436025,44.812533534245816],[19.324098507619865,44.81279317219134],[19.31787500327582,44.821643690454025],[19.32680516957696,44.822843367432135],[19.33336620389534,44.81776758130539],[19.335682300661464,44.828053231686596],[19.35319153097349,44.82639894984344],[19.355490957681877,44.834608037935055],[19.345483889788024,44.83970711035306],[19.345964523072727,44.85249761163216],[19.35194298831628,44.85861936983066],[19.367472457265364,44.85612303059295],[19.35969419043313,44.86657836041706],[19.371468258528587,44.87781504018842],[19.352085515221656,44.8862503929076],[19.354338809617875,44.898725095188524],[19.332207071369744,44.90463108292385],[19.321847291414123,44.91243298110677],[19.320758925735593,44.91822611301797],[19.331765100245015,44.92180926505836],[19.383853284940074,44.91212988459429],[19.401288694354925,44.92405755321774],[19.419236664334555,44.92392875318193],[19.42723402074288,44.91603081013546],[19.42820790757092,44.922233232790866],[19.444643108525536,44.92441962120428],[19.430372883079016,44.935623371115355],[19.44020157326326,44.94168922557847],[19.477863904322408,44.93000555926877],[19.473347000690925,44.92757109495119]],[[19.424430045158,43.567293920094876],[19.412205590359655,43.56546907177224],[19.40801379207463,43.55515581132914],[19.39513203369596,43.55393883545086],[19.411365602388436,43.54700002241],[19.414064002575866,43.53981989498966],[19.421422986175852,43.54197020056069],[19.428988510867168,43.55327751470658],[19.423431529287914,43.55902928733416],[19.424430045158,43.567293920094876]]]}},{"type":"Feature","properties":{"kod":"RS22","ime":"REGION JUŽNE I ISTOČNE SRBIJE"},"geometry":{"type":"Polygon","coordinates":[[[21.35551053075288,44.82243710773094],[21.380069660983118,44.81150994021313],[21.391457934839586,44.78388601499287],[21.403361981537355,44.77652703083032],[21.423339257828786,44.7732949727583],[21.45880630939747,44.776941223984615],[21.504259724562807,44.771126320101246],[21.536961324630838,44.77255408867639],[21.587204900394944,44.758780325291774],[21.61198264505798,44.72499357613234],[21.615455766792156,44.71385503459898],[21.61097021943414,44.70126916615774],[21.61143171463055,44.687766237051065],[21.618171165822883,44.67147562610073],[21.636062111971185,44.65999876708687],[21.689070289854257,44.66526717943255],[21.716199712178685,44.65443867107141],[21.72877949906881,44.65348652287748],[21.792624544844635,44.66400754638113],[21.81346929030218,44.65075078327222],[21.841975084664522,44.654320369219036],[21.893023255839587,44.64498577599902],[21.917419520151398,44.647470056771766],[21.950718099096438,44.63515211592783],[21.992886591481746,44.63273608346683],[21.999239835979445,44.62764976352803],[22.004128152865093,44.60825201315537],[22.025314484210124,44.590951872561405],[22.028295417491343,44.583058897438725],[22.025623639321797,44.564241449441134],[22.037188364976902,44.541879523049346],[22.07070411529561,44.523401529187296],[22.084045456761217,44.49990271669994],[22.13663789434798,44.470818664902495],[22.15863645368771,44.47156475918795],[22.18100147420545,44.48047484983466],[22.193693826618976,44.50791820791636],[22.2059159049276,44.52132430040817],[22.230244147630856,44.56137447192235],[22.264258825788403,44.59577042889746],[22.274640541417927,44.62589501551368],[22.300274305785095,44.6390142691794],[22.302399997033515,44.65111947090962],[22.30843223864166,44.65869223241041],[22.333998968287982,44.67612800944054],[22.36623381840126,44.67224459392479],[22.379474477078954,44.67497394570856],[22.395160168391442,44.68204526544293],[22.428731819811556,44.70943991613951],[22.46143044959765,44.71522991185586],[22.48340999932269,44.70821476804694],[22.505380128758333,44.69280744549358],[22.516138463951478,44.68025569720699],[22.56286785163621,44.64750336230043],[22.570657776430807,44.636427522014536],[22.62148586382713,44.61464067097123],[22.676323195288465,44.61827816748926],[22.685658894379735,44.60707123740877],[22.71281943671744,44.598819285514026],[22.754385260170764,44.5650346831186],[22.762201455203215,44.553328576751284],[22.763846326357807,44.54112942876182],[22.758309983158323,44.536790388790614],[22.695569691146773,44.51663494704297],[22.627409257520746,44.55044386092317],[22.590080167712888,44.55091422062166],[22.5642845033423,44.53555708192717],[22.560694957696253,44.5043084757545],[22.556478071773093,44.49038954842708],[22.548236542740483,44.48125421857712],[22.5214165918714,44.471846800559874],[22.470394637901137,44.480432181606965],[22.458173713225378,44.4718400014188],[22.4691171373307,44.440183345148],[22.500771706472783,44.41864796522925],[22.49883853603539,44.40396559086363],[22.503293122944466,44.38119471202423],[22.52720900133408,44.336402051728875],[22.548212852908655,44.3228263238272],[22.56003634499276,44.307364199155],[22.566374112754488,44.307764940394314],[22.570341595238737,44.30259941612635],[22.61505166025832,44.29347844737899],[22.65420027808323,44.291222014917125],[22.670293154717314,44.285171193656595],[22.68348481441287,44.27289338857207],[22.68621583291298,44.252753763102454],[22.67284013771071,44.230368699387256],[22.67517811664227,44.21565932306776],[22.667615614484355,44.207345681868404],[22.665371336651848,44.2135504728556],[22.652953972069845,44.2050001768724],[22.644803251227405,44.208836962956795],[22.645540245675473,44.19812791149714],[22.63672341393817,44.19050395559203],[22.643112596300757,44.1858536176846],[22.637098527084934,44.181727075462206],[22.628876175350978,44.18336205237252],[22.636158236329724,44.1760282942184],[22.625249013828956,44.1708125301548],[22.61868450760018,44.17293882200997],[22.61302626182314,44.16558635883488],[22.628489121023215,44.15796559433696],[22.62621257486722,44.14732670290385],[22.620372489455647,44.15068167411036],[22.609977572168365,44.10687614218277],[22.61965354165216,44.097754766045824],[22.619782897436842,44.08241038817687],[22.615535672133216,44.07907778763975],[22.624602164294213,44.07283933634108],[22.618917444977747,44.06886176565967],[22.62121032413989,44.063371641178044],[22.58202989856071,44.06204927361253],[22.580650816926624,44.05406582482942],[22.55971414120334,44.057555893866414],[22.554504207424383,44.05358566047],[22.534878342478603,44.05221853150336],[22.530580174150057,44.048294421971754],[22.54194624838258,44.04211758111456],[22.537901484097056,44.03818776986912],[22.54347041489344,44.033652453906925],[22.538761035311058,44.02581922689724],[22.527347841749023,44.01972711929071],[22.442243746311465,44.01659097653041],[22.44119884922247,44.01022324892727],[22.409466446173777,44.004226420097645],[22.411983280889277,43.99982511334701],[22.40912022620065,43.99724106643838],[22.417235723289433,43.992369025855425],[22.408663927304925,43.98709777640695],[22.413201544958152,43.9721653850576],[22.411422871605712,43.95476212114806],[22.40617470334188,43.947929873791075],[22.408788584500524,43.93972393434176],[22.38835977086401,43.92672424272031],[22.394574149786187,43.90908778395941],[22.388672288688525,43.87888961866739],[22.37956480231427,43.84752806405088],[22.365989777725666,43.82537112294706],[22.360608286833227,43.823237988755174],[22.357124180297948,43.80947517557031],[22.384036464521408,43.767859502288225],[22.395368801884675,43.75927277833759],[22.40269625349018,43.758913056198324],[22.398494871273666,43.75051713208457],[22.399953410809445,43.73796523125827],[22.39397968501571,43.729924982624226],[22.402302431847826,43.72287819481635],[22.407834580832517,43.69597893385933],[22.424631893492194,43.67842202032566],[22.439625561521915,43.67383500853656],[22.45220779806974,43.66284765283773],[22.478020770535707,43.656525724639984],[22.491853351428208,43.639179242723195],[22.491298761122707,43.63337537785123],[22.481836596320818,43.62533042422181],[22.488497470055293,43.61810547377072],[22.49364514692924,43.600435979953495],[22.48727056535347,43.59109901506407],[22.496643197224714,43.58355444256382],[22.487791302738678,43.56864059576111],[22.490062348143823,43.55592988745451],[22.502785255352588,43.541466248237796],[22.501497008171143,43.5295343517144],[22.50666121090487,43.516287028414354],[22.524046744287514,43.49669848708734],[22.52447955196197,43.48602912721701],[22.532727153812147,43.479204120304395],[22.53330131770107,43.47143171633375],[22.553935635640936,43.46162709805335],[22.57585627155265,43.4638842079379],[22.59777619363632,43.43565715416064],[22.627576684441078,43.42808687834909],[22.638669654269517,43.43341681028597],[22.66113875589507,43.425939682331126],[22.66692312188067,43.40273815392581],[22.678285434044902,43.394726374005245],[22.723122361861062,43.3954725191146],[22.766670449115104,43.37740630432736],[22.76994585989622,43.363613706817084],[22.7853760052115,43.35490277629317],[22.795077164542562,43.342632372797816],[22.827710737427456,43.328876396410756],[22.831022908914033,43.31231044963653],[22.845466811775747,43.296719133220655],[22.842309673730757,43.28640120630791],[22.848569658840923,43.27545593429197],[22.85890027645712,43.274334864241645],[22.868975096088768,43.2674026657042],[22.870505096788452,43.25463319893414],[22.896301912589163,43.23078914413561],[22.896331757202358,43.22691287471635],[22.920051685204424,43.21871310113601],[22.941218725335155,43.20248499478614],[22.95787693993328,43.206902088993],[22.983009552659254,43.202634389054474],[23.00620223564267,43.192902381680845],[23.006374642127685,43.18713861261894],[22.98639897183642,43.16667304889349],[22.99740821085465,43.15584417135514],[22.993697012453268,43.15063118409018],[22.99507266004813,43.13614888479544],[22.984712338581733,43.12102755006763],[22.983237089929684,43.111484725764605],[22.95272888659352,43.09241189286424],[22.93325285107527,43.08830100208085],[22.918435158844005,43.080069393771474],[22.909186524560976,43.05577776124936],[22.899781585301476,43.048277700572584],[22.898395136888904,43.03621986896321],[22.86253446867055,43.02141560861416],[22.84927331788171,43.00473177171515],[22.783836634210978,42.98163137729431],[22.786654059616765,42.96835907499353],[22.782657700073877,42.964390520293534],[22.785136422611906,42.95848129476761],[22.78070652956751,42.955337782701385],[22.782329003729,42.95045085848927],[22.778824881968017,42.953120198074295],[22.768511089741008,42.947861105184565],[22.772250641386186,42.93588107485816],[22.779935972728236,42.931825172842686],[22.77779983319827,42.92559947853828],[22.773562849809625,42.91834238133961],[22.76027158225386,42.911140932689065],[22.759670012649533,42.90260433321012],[22.752996681068183,42.8992280792809],[22.754303227386664,42.89461896951764],[22.744474012996502,42.88612373485748],[22.71379695501161,42.88695423286958],[22.705243981722344,42.879414924879185],[22.697649866569392,42.884477061854554],[22.69558888303158,42.878700869259006],[22.68147213877169,42.87215761224966],[22.678344720776078,42.865346730476105],[22.67364810162349,42.87597388791914],[22.656399113177336,42.88303484941842],[22.64013774018986,42.878045428085635],[22.619540906204737,42.89606030748479],[22.584101780648382,42.89219936430906],[22.572724242549317,42.875621449848865],[22.575427383067357,42.862908887092374],[22.53559779285193,42.88214332576819],[22.52040818475727,42.875722481144024],[22.515487896082977,42.868545500380655],[22.515748122779236,42.85681053810676],[22.50720289567572,42.850604669639665],[22.498581216768486,42.8488191106702],[22.47449291530579,42.83152881108657],[22.46538190416879,42.833541665606646],[22.439657681772765,42.8232861093604],[22.44089073799089,42.80574980810991],[22.448800399593758,42.802397475997246],[22.44954734330253,42.79573595054754],[22.455905392185464,42.79309610136956],[22.46002092921214,42.777706210404475],[22.476296565757277,42.76734142499873],[22.487106873180178,42.748799262592485],[22.49797483344027,42.74508743413327],[22.501336588629542,42.73976919285601],[22.495912147120833,42.73211806080145],[22.496621773783772,42.72260269604084],[22.48650928430483,42.72153083680754],[22.47565846753054,42.71018484593712],[22.4721580122212,42.695098311841306],[22.45855241050619,42.68963054191708],[22.46054901617273,42.683662370421516],[22.46974581281355,42.68192559252217],[22.47595381285302,42.6757391804967],[22.472699713516132,42.66692761283058],[22.458729186794457,42.65509602781224],[22.461454877162723,42.64852043587164],[22.453913931471593,42.646524811487204],[22.467616389702044,42.640791162039065],[22.464889638459514,42.63253833691129],[22.458352882463227,42.63124095746775],[22.449789815579674,42.59518807272476],[22.440569020514765,42.58854058945109],[22.439076700281966,42.56550937320509],[22.451582192251166,42.56693593785608],[22.47102347461762,42.56194249015475],[22.477321414829973,42.55386978839527],[22.492171984190023,42.5462485250266],[22.498943143313106,42.53547949849456],[22.52447535729909,42.525107158885106],[22.547592192510262,42.507077458073695],[22.559238954748444,42.48030942603268],[22.543608758942636,42.463131247747256],[22.54047698193384,42.454048415107586],[22.54391587987559,42.44870442499618],[22.53554193556091,42.431527573348056],[22.535313292813466,42.421189989362134],[22.522964314648178,42.41279998629616],[22.521142172572965,42.39780886910864],[22.477966401896477,42.39414610635965],[22.48059026749245,42.38025396046912],[22.469270908701187,42.37601550624743],[22.459533577946527,42.36201299975783],[22.46325604945158,42.344892885055216],[22.452259998478567,42.33148285409732],[22.432276579278877,42.322943488650104],[22.423856925502847,42.33365220469482],[22.415735741035395,42.32929168981649],[22.40376908833906,42.33259808804426],[22.401272438916255,42.32632728351213],[22.369681936956596,42.32168201272178],[22.36582715995442,42.32396124243337],[22.360219413578413,42.31109610730762],[22.356533106886214,42.31140361827893],[22.350783354465182,42.317986881656864],[22.333303217815423,42.32123488657437],[22.322581678540434,42.33409416090553],[22.31434487596056,42.33272970479978],[22.292174955784635,42.349655814588985],[22.29509991870299,42.36254366331599],[22.299055640173652,42.36493896641297],[22.293982696894737,42.37390438498298],[22.272945365602684,42.36128835153721],[22.259916412908904,42.36601716069226],[22.251794212719084,42.36073239683148],[22.252996057965508,42.35370495870717],[22.24930746017988,42.3495747279337],[22.236170733520172,42.34950673502092],[22.244152530169114,42.346342225195386],[22.229541391320407,42.335656438972265],[22.194769215856798,42.339865519116394],[22.1815258305344,42.33255586160201],[22.181515419050353,42.32530038316162],[22.16649495498371,42.31228759421356],[22.145471796569698,42.321422559109386],[22.132791567295467,42.307251955071074],[22.118954420448983,42.31503264460643],[22.101352960600295,42.3054174129817],[22.074169281243886,42.30336468523502],[22.065584894067854,42.2985014882636],[22.061003412120865,42.303685417662045],[22.045114729625617,42.3074227572615],[22.031897246560373,42.298126499001626],[22.023075491924207,42.300626973127734],[22.017644958898874,42.30796816148816],[21.996988588724403,42.32069330383767],[21.978448788773242,42.32611320334109],[21.94599340478019,42.34458861364016],[21.933037523851116,42.34064351020436],[21.92830353306299,42.310012471792376],[21.899165702453615,42.30119076083476],[21.892622169378935,42.30070194044576],[21.883171781116822,42.3133480634855],[21.86887713240608,42.309366223130425],[21.865635854082054,42.31756526162884],[21.851643586337783,42.32580507314473],[21.83809811361366,42.32361598184788],[21.833779512575802,42.320566012556135],[21.835747534885495,42.31151263378961],[21.815313276294702,42.29380692426348],[21.803588900993972,42.29367576442218],[21.795084571441862,42.2986279954711],[21.78952266422674,42.28457918876587],[21.777863291156983,42.275928639060275],[21.78104218244903,42.27254085946947],[21.775087526436963,42.27147129569458],[21.77969848215618,42.26823496296277],[21.77713166681478,42.265008521341265],[21.77252246815514,42.26825534632587],[21.773201822142198,42.264341849641944],[21.769070493357027,42.26616606221185],[21.76522910120716,42.2596650313598],[21.756925015535533,42.25693029773681],[21.727328679173418,42.26452961605972],[21.725497379056883,42.25789244453565],[21.71486691518749,42.25443597498494],[21.712272781398163,42.24127683158031],[21.699270822945785,42.23144655647953],[21.684278017472295,42.24213838553472],[21.666171615587615,42.24213342508821],[21.65779293864873,42.2489238331144],[21.59354072512144,42.25760248870659],[21.586958082379844,42.26280701659045],[21.590006299912275,42.26716373022995],[21.583361422169524,42.2755598335424],[21.58445734154343,42.28302211173396],[21.561828170492245,42.29883395021192],[21.565681039643337,42.299841200211624],[21.563153754372184,42.30156480444341],[21.56579680178239,42.30978877860354],[21.559146818383297,42.31537430830169],[21.541841337044332,42.308906705417655],[21.538497583434857,42.31896066832772],[21.53288539968697,42.31980935198809],[21.53688417876833,42.32093513375627],[21.524836445147727,42.32544881708665],[21.52525966677694,42.34193793484122],[21.53536358832484,42.35971752744262],[21.53179943911473,42.36642614230886],[21.540430213471016,42.373372045935234],[21.552254434753717,42.36239112101796],[21.56132382010229,42.36783791883634],[21.571377446392866,42.362703305248154],[21.579478406617767,42.367876554739354],[21.574299069800087,42.375588217586014],[21.59439823484282,42.383898204655246],[21.6056171702034,42.375374551066415],[21.6163044546714,42.376019577718665],[21.62750308621164,42.39223168374907],[21.63716439405321,42.398710832143365],[21.635678731399608,42.40358240141677],[21.644918034010725,42.4083554980063],[21.64606497937731,42.41463816471758],[21.6366320918835,42.42172879813037],[21.637763839431727,42.429293200799655],[21.622403736040116,42.45312973793372],[21.657957638296935,42.47607417857604],[21.657841062459774,42.483707758346455],[21.671229597935177,42.484343722159],[21.667120695756086,42.492817531757325],[21.691060002727145,42.50269380990334],[21.69379861825334,42.50538829892508],[21.692018702223443,42.515640596204605],[21.70754448924761,42.51314980045482],[21.71061171920421,42.51656719569478],[21.693350583567668,42.53939417819384],[21.70130339567101,42.54084527154832],[21.706937433320753,42.54987121746907],[21.72842982050159,42.54710480520039],[21.747644059117004,42.558905290093676],[21.74477752431325,42.56509762122936],[21.747656043359672,42.58072789044907],[21.733859200156743,42.601169410358516],[21.742816072314568,42.608888699766304],[21.750909250923417,42.607388764093635],[21.75762845289224,42.619496743201],[21.752129850602138,42.62852055275792],[21.759459754517376,42.63783181981833],[21.770990664029995,42.63437276875814],[21.779256382928683,42.64671786924949],[21.789936613109916,42.65126327131465],[21.77134474671242,42.66730424087886],[21.771734209377275,42.67689534502372],[21.759713515170542,42.683780954055074],[21.750792963504725,42.70135883232385],[21.71533530179645,42.68991669272498],[21.703306961077473,42.6927367774452],[21.674280632713316,42.687210134686744],[21.673067369161316,42.67686322772865],[21.660374702110555,42.665469923439886],[21.644209087225576,42.6800982087184],[21.638310421620268,42.69809582856481],[21.63138686691853,42.70045978294544],[21.618651221512692,42.69518640066641],[21.595268623019436,42.70424755194959],[21.587248973115646,42.70358430212825],[21.593379116877735,42.71800005833706],[21.592314875545227,42.72617975319628],[21.571433921585243,42.727827620233214],[21.559483691595325,42.737715747396784],[21.551973597929635,42.73080463446043],[21.542221538518408,42.72906828360514],[21.540558071431075,42.723070509355104],[21.501500923608614,42.73354907058112],[21.479347384336467,42.74766406001202],[21.46746959814724,42.736297103166116],[21.451681306211288,42.74506129636035],[21.44910621912271,42.75015460118854],[21.417905335170914,42.7441679141399],[21.392977197839002,42.74514770972251],[21.389183177119506,42.758252502591354],[21.407554545941636,42.766832143572444],[21.411296546973908,42.77613722570789],[21.408356658762017,42.78771679569402],[21.413307041258072,42.790318719216714],[21.406417469210687,42.79464298804462],[21.41002956521287,42.80524771572591],[21.42273374421064,42.80581499374327],[21.424729729747387,42.81063778254254],[21.417911654738315,42.81724528662583],[21.41725814522715,42.82617414009541],[21.42423069892227,42.832582985289974],[21.42360749789405,42.8471199006907],[21.43712303979549,42.85155702427138],[21.435059933339822,42.872307629202226],[21.40246755837632,42.87467442430189],[21.39452113520718,42.87161187458597],[21.392909109934347,42.867112393914866],[21.38544381402192,42.86653351283664],[21.376914769631604,42.873041406283825],[21.365188238739012,42.87091064368004],[21.350024756198824,42.880958641824186],[21.35126405442829,42.88747277379647],[21.34405306600538,42.89092423159814],[21.342058366534125,42.89951972464146],[21.330934444264503,42.90258556105801],[21.316051387546178,42.90186009841973],[21.304546589478083,42.906120076198874],[21.299801959003606,42.90118699635506],[21.287066986905828,42.90094750611191],[21.282285945638485,42.89515841579854],[21.27115351421566,42.89719619419581],[21.270349265869406,42.91006061777542],[21.24525800773822,42.933893760733206],[21.235689017286077,42.950391299410796],[21.234382275985155,42.95923790970679],[21.24384318444323,42.980900133768614],[21.237693487269407,42.98974458884325],[21.23781372541041,43.00551994626841],[21.225175929070666,43.02036214046961],[21.197257752094377,43.02336383962387],[21.191983633997328,43.01512299555669],[21.193008148024614,43.00795351507139],[21.171167519474164,43.000432292139585],[21.163371300486933,43.014686469576056],[21.16770631021651,43.02626198623176],[21.155715097105922,43.02956093876849],[21.152222012642472,43.04024914280083],[21.1529594543783,43.06012355381181],[21.139603131667073,43.08216329351517],[21.149874988393556,43.0910300414821],[21.137241411466636,43.113481176930144],[21.113377593022914,43.111180222591436],[21.10267192309551,43.11735307093862],[21.08856260233053,43.13574926948731],[21.07898513749532,43.1291197635262],[21.079253954954996,43.11823289226072],[21.075820932482305,43.11502709020561],[21.050283234565573,43.10752405090917],[21.025401165661624,43.12945722914389],[21.014024562153864,43.13438806089784],[20.99524567812063,43.13834387896982],[20.976912152096187,43.13569756976675],[20.968010325980757,43.13072078845703],[20.969276793599924,43.12638302555094],[20.965155031620718,43.12440636662852],[20.93355205194515,43.134221067814195],[20.929044871845587,43.1441807963751],[20.923568865242405,43.14604892540086],[20.92508502500843,43.153249136706144],[20.932139727132594,43.1575815574484],[20.946317264731075,43.17886068154058],[20.959971775978588,43.18022532122157],[20.9788487795776,43.194556057221114],[20.970456888844314,43.20187536934919],[20.974425910829087,43.21163140145246],[20.96737198148377,43.216595504754025],[20.966088706117404,43.22512907021152],[20.969819273118734,43.232450362990036],[20.965516776091583,43.23820946202709],[20.97927760023736,43.24820742921203],[20.987733751247937,43.247729159049335],[20.987857815635124,43.27036262720199],[21.003373502770895,43.27196522603357],[21.026054590904337,43.261812342980285],[21.033898054318104,43.2689494648019],[21.052223199636437,43.27403195815153],[21.06876477023494,43.2661081588138],[21.06863371508121,43.2609588291907],[21.086930659151506,43.24956554649433],[21.120880216631527,43.25142224909887],[21.130271914860458,43.26254200627062],[21.148452726194197,43.2675760360843],[21.147093740396443,43.27917306855869],[21.150112648215014,43.28194683852594],[21.166640283615145,43.28211969824748],[21.164162790887744,43.29413101928155],[21.17219277487322,43.30748014164147],[21.173337122956795,43.31768142718882],[21.186451398180655,43.31967772036536],[21.192424263604973,43.329097153477065],[21.215768826596896,43.340010449410144],[21.207977141577018,43.36086043327706],[21.223247658081483,43.368469876282724],[21.22377166524954,43.375860816232816],[21.230109321512185,43.37807093415914],[21.23896019537573,43.37349177949213],[21.252610054601313,43.37342814516719],[21.2547690212466,43.379036859447666],[21.263338028160817,43.38225311194568],[21.28162686584006,43.38329694517718],[21.28388259718674,43.39119090988276],[21.295775041769,43.38875257516828],[21.314216492512095,43.39586902440376],[21.34145730519792,43.39920921831479],[21.351996341833335,43.40670944376004],[21.382270741035633,43.39430873731214],[21.392633516373895,43.397942769771625],[21.40810210370937,43.39656145931243],[21.413264191716987,43.401733014626515],[21.432631463516365,43.397777681684396],[21.45253448719925,43.38596393252917],[21.465224028653303,43.3830146427991],[21.474336815170513,43.38602488271961],[21.48022535192446,43.37896344756892],[21.48076145829969,43.38454135376773],[21.499739054436027,43.386956157991264],[21.514200091040987,43.39408338670605],[21.52627435397502,43.40521434231432],[21.527303561260425,43.410874998558114],[21.53601478001658,43.41353747230673],[21.54398451893382,43.411172492748015],[21.57110478871056,43.42558192469026],[21.58046189454783,43.44121576635945],[21.571358459483864,43.44769295365776],[21.56099812028908,43.448748208561135],[21.563210945722457,43.45364038880592],[21.556566150852056,43.456667106275894],[21.547560299508692,43.471981077375574],[21.56290906818162,43.49733560932344],[21.577118143870642,43.5334782264107],[21.570489344136554,43.54256134192496],[21.55182452049392,43.54612858169592],[21.543382086198424,43.56850269170641],[21.548811994581605,43.574425369174584],[21.535764802164493,43.58135560348645],[21.52929064310076,43.59152815445592],[21.528846851337356,43.596195386247366],[21.543710017804266,43.609663478549294],[21.54412276028399,43.615035044315036],[21.529714966711367,43.60934358142678],[21.516503749140302,43.61810977100334],[21.510933515393752,43.607068527317466],[21.503895105452973,43.60535335551631],[21.488334019269036,43.612257995091795],[21.49101074005479,43.619795057088055],[21.503734505955844,43.61761611075347],[21.50695319245177,43.622286490806296],[21.49698704888703,43.62702007132462],[21.485442257868428,43.62330289755955],[21.484472308593922,43.628375032076285],[21.48981105978297,43.635542062364],[21.488661696087707,43.644937187736225],[21.475194818704544,43.662554454725374],[21.46585843644961,43.657607569131045],[21.46834248856811,43.65965229178169],[21.46112021447465,43.67021104247946],[21.46381457442222,43.68338161167585],[21.478323803575623,43.688519360445895],[21.475367554453626,43.69050383237134],[21.477800894800875,43.69624003679157],[21.48952787861157,43.69563549628279],[21.49810419914863,43.68860003994356],[21.502599001208907,43.70736723622748],[21.51165595187733,43.71349102936116],[21.52427180145273,43.713562014916384],[21.52629213888743,43.7216172053501],[21.521115419628803,43.729895507766706],[21.51214860300229,43.731758630936035],[21.502776575784743,43.74223015661253],[21.486183192483143,43.74130858745252],[21.478010917817876,43.751924889256166],[21.481669918360293,43.763361601893045],[21.47747604341526,43.76621400938602],[21.484349551749542,43.779407787887024],[21.507676144640072,43.78678128189902],[21.509197635052,43.79528267117683],[21.520653400111893,43.78934027259436],[21.557355874509597,43.81142071513036],[21.58326191726674,43.81050565157765],[21.589047689533544,43.8156252831243],[21.6147993780246,43.8087844261469],[21.65660460904552,43.81886997577855],[21.652735186415804,43.82422421759017],[21.672777176308692,43.833740941461514],[21.677646767557206,43.84725962815037],[21.694821451434358,43.86466919312722],[21.68781911085835,43.87635616436892],[21.676039314892,43.881875833788776],[21.682192813511207,43.89563927183029],[21.67859852430125,43.90453658797454],[21.689138340031462,43.908766778054954],[21.69078696264919,43.91462396373466],[21.709975173193552,43.91364645555374],[21.714474660272888,43.92055980661918],[21.731117102581745,43.91756903960732],[21.739779846281298,43.92337544681236],[21.74323000837136,43.932242798117],[21.738649430634634,43.93600383076183],[21.736209801034192,43.95087415313754],[21.75078405941017,43.95836681222264],[21.760278573882946,43.98097898013269],[21.778789870079137,43.98740434430118],[21.78132805895543,43.99371618448136],[21.77785436050085,44.00583766549004],[21.783383607738266,44.018810488313925],[21.779673480613987,44.02567964701365],[21.798471306496907,44.03701065786843],[21.79931094731056,44.05846453613491],[21.815348722634806,44.06231385221236],[21.82250680957295,44.07176355197965],[21.81768041331604,44.0768901137536],[21.822199197859852,44.082945946328586],[21.818941489724235,44.0898784953033],[21.801976189510842,44.10101065659427],[21.79384352400643,44.09208318029658],[21.76883320326069,44.095476835599264],[21.761150872034413,44.10293269380965],[21.757793895127023,44.10199865052449],[21.755940908343806,44.11237274388541],[21.748509065558796,44.11565984362908],[21.712351680861005,44.108137003631285],[21.6906082521891,44.10959342411657],[21.682050611253462,44.113551351087104],[21.668025025071763,44.13393185311543],[21.620179729147956,44.13976207113395],[21.609338545180396,44.14646188750076],[21.587698905715875,44.138091281489785],[21.57228222787503,44.14151913630393],[21.57064694839448,44.146114572331534],[21.559675336868313,44.14572760469408],[21.55070382610074,44.155638928113675],[21.55140431580424,44.16248133145571],[21.561231789665285,44.17317602267567],[21.550012999253024,44.16399981635063],[21.53279259858909,44.174026604241256],[21.524174978199007,44.18530707917919],[21.523426647579605,44.19301057482767],[21.512079292611844,44.18961187166216],[21.499573222481704,44.202237479547506],[21.475091549715867,44.2062253127323],[21.472877475596857,44.20134981221252],[21.47065883510772,44.20421968904837],[21.464271042334023,44.20169353919938],[21.448769503911848,44.2158524840654],[21.421532854839434,44.21841559455248],[21.398906395779232,44.211676221723955],[21.40415428940718,44.20659078435797],[21.400968553836954,44.2039403081257],[21.380010843242047,44.20279890924954],[21.3716725692736,44.20805888160735],[21.360901786992216,44.20366538664663],[21.35980238857449,44.21075529816813],[21.375778856363187,44.228313714203175],[21.378221622966773,44.23939858081507],[21.374448812098986,44.24047267279915],[21.377537817854556,44.24120543346652],[21.37027588860794,44.24244528143612],[21.367917999868393,44.24771911816342],[21.346388497436237,44.243782869297206],[21.348486159772765,44.252261010209544],[21.341646251470934,44.2570779265919],[21.338576196456007,44.279568051022395],[21.30470302959224,44.29608714957116],[21.297013092353154,44.29271318745314],[21.291140803309666,44.283778650699816],[21.2886367531783,44.28510782169932],[21.288753216535852,44.28087289537095],[21.284310718249248,44.281409989404295],[21.28656329812232,44.27760378011962],[21.273687169791092,44.26562324908971],[21.28167392614892,44.26435236237934],[21.27866416336762,44.260175248357925],[21.26398452494743,44.26920640497182],[21.257354792345016,44.26617315136682],[21.23979710637865,44.26796307418588],[21.224352461832577,44.28377799138066],[21.226882093908795,44.2858860271005],[21.22288052035893,44.28789611733328],[21.223675770496385,44.29506511065283],[21.2175971881609,44.29306462449373],[21.21081508149327,44.303301509956405],[21.204473129483972,44.30065290279935],[21.20674507456839,44.30326557394334],[21.202791799614076,44.30645217817517],[21.191822738596997,44.30902828266199],[21.18758756642912,44.304578398359155],[21.174560866025256,44.30916043846994],[21.170396500939102,44.315050814178605],[21.157732459264743,44.31791469372491],[21.14710193833415,44.31503302085979],[21.14973401354366,44.31003209431435],[21.14634512394018,44.30529671104339],[21.124666888590582,44.3076820636396],[21.12075156405394,44.301752445530155],[21.123305980798236,44.29654478079489],[21.132928121855915,44.2945710801969],[21.137520643141148,44.28521871637701],[21.156210058108172,44.283434697934275],[21.15889083771375,44.28008643198762],[21.15246845822609,44.27329911011431],[21.142458604699765,44.27928747771804],[21.13532523814624,44.27658166340568],[21.13075872560288,44.27897497759949],[21.127515581918036,44.274954520551475],[21.142263124404746,44.26103496650422],[21.150485653483006,44.269054516640935],[21.157803665199808,44.269195801837874],[21.150820590566173,44.25636176343531],[21.16820229077554,44.24623885860789],[21.15023930276933,44.23420796752058],[21.15812306746536,44.21556008557519],[21.14961114205631,44.20792623863356],[21.138465171315357,44.21679172998986],[21.11717054978155,44.21492790487192],[21.107933644097077,44.2245948570954],[21.089732067901835,44.22067781171965],[21.07564968341028,44.22414469822937],[21.056970432714984,44.2226799332934],[21.046025610013135,44.232650768430624],[21.003014322097584,44.24603040001336],[20.988515885245754,44.25300404542986],[20.993326766257834,44.25537556360842],[20.986651066643436,44.2579475650373],[20.988787521333066,44.266212735052044],[20.98513669412486,44.272616523167436],[20.98843124918377,44.27828354710082],[20.980024682304766,44.2786830761123],[20.976935804963404,44.275001427185806],[20.973940360205944,44.27355195504781],[20.959716041707267,44.27810289613546],[20.95897317010831,44.27455970124773],[20.95096531566247,44.2727398857356],[20.934324101230622,44.27414830050383],[20.926894166763034,44.269659989898145],[20.92839743823316,44.26721556465512],[20.912958248178406,44.27156195183047],[20.908729911064324,44.269329878584244],[20.901776020037904,44.2761678483019],[20.898371196543653,44.271487698032935],[20.883439358369873,44.26854893528057],[20.881403837433073,44.27549937147344],[20.875038746552633,44.27981779577289],[20.86894665806521,44.27886529502247],[20.868918254331195,44.27465203036185],[20.858112499881926,44.28494613082431],[20.85448703221348,44.28203710629328],[20.83606444174327,44.28421231523171],[20.82643212216077,44.300800881725166],[20.831456643283534,44.30243420195058],[20.835094321636458,44.31484967170901],[20.834283016896126,44.316487924897324],[20.804364538207615,44.321218181265714],[20.786355488806294,44.31994589537501],[20.783546915457144,44.326616447873214],[20.788568037601046,44.33863750092377],[20.782967490287966,44.344258262691575],[20.78602729533254,44.34513432926367],[20.773468843246054,44.35105344612402],[20.78736678017934,44.35802028078486],[20.779594671690337,44.36093278403598],[20.78220023907424,44.366102536797705],[20.798843378992416,44.36548654023025],[20.802581575027574,44.37507101316093],[20.78903417514943,44.370759910934616],[20.771530971381512,44.37533150979918],[20.770141833941874,44.384508885299645],[20.76093717927955,44.387112652586666],[20.756335752288713,44.39656980185693],[20.74932646308581,44.39938843700779],[20.753883519736828,44.40077811499453],[20.7618071398695,44.41359303853547],[20.76610170761763,44.42904485470824],[20.770167265016486,44.42851534074251],[20.76562034196488,44.43041486095334],[20.769573903983716,44.431652581390296],[20.764233730710156,44.44066344155493],[20.770674000670194,44.43739414667423],[20.772628441946143,44.44174023658001],[20.779411802192843,44.44036731173868],[20.775357360253476,44.443514613303556],[20.788367007643057,44.44933158647785],[20.791781916847242,44.44735280858577],[20.79288023776837,44.45058488971544],[20.818250591545397,44.439907943072704],[20.831654180048822,44.438571367114506],[20.841445406412994,44.44283180208144],[20.840845783842017,44.44659114554313],[20.84533539101925,44.445675409866034],[20.842426526291153,44.449008249303525],[20.848679805566167,44.452746815210624],[20.853802379137154,44.465075657991704],[20.844254903469782,44.47549899402757],[20.836830202412134,44.47576479985721],[20.8385946617788,44.48232765477025],[20.835382731068584,44.48730471272966],[20.806591248204125,44.501893978463876],[20.806570617975787,44.51586914992287],[20.7709566309142,44.52075882974748],[20.766502931104508,44.53726384102976],[20.76882400805062,44.54099070862433],[20.763879671063343,44.54388745159246],[20.750163317914154,44.54172344542439],[20.745133400940862,44.54717779561732],[20.74463961522801,44.55152673627914],[20.748737874132694,44.55163634999583],[20.74339497848571,44.553094740749096],[20.755309448635547,44.560993462426495],[20.75837507744428,44.55928478972197],[20.757875304683633,44.5620511127732],[20.766511953502082,44.562120287811766],[20.77008309902101,44.570317581835496],[20.78344699991014,44.57802816046697],[20.791443319189867,44.57767246184535],[20.81114611788561,44.586069934975924],[20.819307726234143,44.583916334043565],[20.81808335795773,44.59579354464545],[20.808002049746865,44.60308889930521],[20.81071082858024,44.60502786152303],[20.79208031168665,44.61183006259909],[20.793607645659026,44.618336073673674],[20.80327619823907,44.62760427246924],[20.80167125403749,44.64904811733305],[20.814381091538113,44.652736475271375],[20.819375758223682,44.65820788481129],[20.84314333550135,44.65772654323735],[20.916355555495993,44.667932218627485],[20.960037837085434,44.69951404356561],[21.000691193314328,44.72018967937645],[21.022323782974514,44.72169872106036],[21.04774231271539,44.71658821590573],[21.07574273651786,44.7187997761015],[21.10819518115031,44.731337824855196],[21.14822250327442,44.73820790087971],[21.178257738760706,44.76486927268971],[21.196680316734305,44.76806194440595],[21.21730323495303,44.783374348108325],[21.258389674644445,44.79144389444532],[21.279164583513843,44.80200614790843],[21.287229745709578,44.793113249051004],[21.30318461980735,44.794743045475904],[21.323246268306708,44.80822484688913],[21.326586313838977,44.813917357307986],[21.320835777498726,44.8164050990642],[21.328877612942296,44.82190320072755],[21.35551053075288,44.82243710773094]]]}},{"type":"Feature","properties":{"kod":"RS23","ime":"REGION KOSOVO I METOHIJA"},"geometry":{"type":"Polygon","coordinates":[[[20.803255693471222,43.26766468987062],[20.82840798587855,43.26578679231384],[20.830621882286692,43.26171546712155],[20.83596830018582,43.2616993464972],[20.836964142120216,43.25683772941203],[20.8519814138108,43.251219882040864],[20.861672135043836,43.237881165614134],[20.87698997846022,43.226326555071154],[20.879864645887753,43.2108573200765],[20.88897425384258,43.20504675696909],[20.843552239245124,43.20707470367993],[20.8434800658136,43.19813916694547],[20.855063632520515,43.18914720369701],[20.834178385565345,43.183641744261784],[20.831076590687942,43.17912098260451],[20.83873785130809,43.17285403047873],[20.855977392115808,43.1744000043971],[20.863274353993933,43.164786147659186],[20.881715602657138,43.166946674953614],[20.889321475772746,43.155981933964135],[20.9262206881718,43.14591920138901],[20.93355205194515,43.134221067814195],[20.957049747763357,43.12598285883356],[20.96694718923319,43.124416405704864],[20.972541318865606,43.13399704988257],[20.995534571204825,43.13830985309249],[21.025401165661624,43.12945722914389],[21.050283234565573,43.10752405090917],[21.075820932482305,43.11502709020561],[21.079253954954996,43.11823289226072],[21.07898513749532,43.1291197635262],[21.08856260233053,43.13574926948731],[21.10267192309551,43.11735307093862],[21.113377593022914,43.111180222591436],[21.137241411466636,43.113481176930144],[21.149874988393556,43.0910300414821],[21.139603131667073,43.08216329351517],[21.1529594543783,43.06012355381181],[21.152222012642472,43.04024914280083],[21.155715097105922,43.02956093876849],[21.16770631021651,43.02626198623176],[21.163371300486933,43.014686469576056],[21.171167519474164,43.000432292139585],[21.193008148024614,43.00795351507139],[21.191983633997328,43.01512299555669],[21.197257752094377,43.02336383962387],[21.225175929070666,43.02036214046961],[21.23781372541041,43.00551994626841],[21.237693487269407,42.98974458884325],[21.24384318444323,42.980900133768614],[21.234382275985155,42.95923790970679],[21.235689017286077,42.950391299410796],[21.24525800773822,42.933893760733206],[21.270349265869406,42.91006061777542],[21.27115351421566,42.89719619419581],[21.27480554049402,42.89486504212782],[21.282617299877288,42.895289940331736],[21.2924737509162,42.90322353580478],[21.299801959003606,42.90118699635506],[21.304546589478083,42.906120076198874],[21.316051387546178,42.90186009841973],[21.330934444264503,42.90258556105801],[21.342058366534125,42.89951972464146],[21.34405306600538,42.89092423159814],[21.35126405442829,42.88747277379647],[21.350024756198824,42.880958641824186],[21.365188238739012,42.87091064368004],[21.376914769631604,42.873041406283825],[21.38544381402192,42.86653351283664],[21.392909109934347,42.867112393914866],[21.39452113520718,42.87161187458597],[21.40246755837632,42.87467442430189],[21.435059933339822,42.872307629202226],[21.43712303979549,42.85155702427138],[21.42360749789405,42.8471199006907],[21.42423069892227,42.832582985289974],[21.41725814522715,42.82617414009541],[21.417911654738315,42.81724528662583],[21.424729729747387,42.81063778254254],[21.42273374421064,42.80581499374327],[21.41002956521287,42.80524771572591],[21.406417469210687,42.79464298804462],[21.413307041258072,42.790318719216714],[21.408356658762017,42.78771679569402],[21.411296546973908,42.77613722570789],[21.407554545941636,42.766832143572444],[21.389183177119506,42.758252502591354],[21.392977197839002,42.74514770972251],[21.417905335170914,42.7441679141399],[21.44910621912271,42.75015460118854],[21.451681306211288,42.74506129636035],[21.46746959814724,42.736297103166116],[21.479347384336467,42.74766406001202],[21.501500923608614,42.73354907058112],[21.540558071431075,42.723070509355104],[21.542221538518408,42.72906828360514],[21.551973597929635,42.73080463446043],[21.559483691595325,42.737715747396784],[21.571433921585243,42.727827620233214],[21.592314875545227,42.72617975319628],[21.593379116877735,42.71800005833706],[21.587248973115646,42.70358430212825],[21.595268623019436,42.70424755194959],[21.618651221512692,42.69518640066641],[21.63138686691853,42.70045978294544],[21.638310421620268,42.69809582856481],[21.644209087225576,42.6800982087184],[21.660374702110555,42.665469923439886],[21.673067369161316,42.67686322772865],[21.674280632713316,42.687210134686744],[21.703306961077473,42.6927367774452],[21.71533530179645,42.68991669272498],[21.752385721202316,42.701288192514774],[21.759713515170542,42.683780954055074],[21.771734209377275,42.67689534502372],[21.77134474671242,42.66730424087886],[21.789936613109916,42.65126327131465],[21.779256382928683,42.64671786924949],[21.770990664029995,42.63437276875814],[21.759459754517376,42.63783181981833],[21.752129850602138,42.62852055275792],[21.75762845289224,42.619496743201],[21.750909250923417,42.607388764093635],[21.742816072314568,42.608888699766304],[21.733859200156743,42.601169410358516],[21.747656043359672,42.58072789044907],[21.74477752431325,42.56509762122936],[21.747644059117004,42.558905290093676],[21.72842982050159,42.54710480520039],[21.706937433320753,42.54987121746907],[21.70130339567101,42.54084527154832],[21.693350583567668,42.53939417819384],[21.71061171920421,42.51656719569478],[21.70754448924761,42.51314980045482],[21.692018702223443,42.515640596204605],[21.69379861825334,42.50538829892508],[21.691060002727145,42.50269380990334],[21.667120695756086,42.492817531757325],[21.671229597935177,42.484343722159],[21.657841062459774,42.483707758346455],[21.657957638296935,42.47607417857604],[21.622403736040116,42.45312973793372],[21.637763839431727,42.429293200799655],[21.6366320918835,42.42172879813037],[21.646498818767544,42.41330240676424],[21.644918034010725,42.4083554980063],[21.635678731399608,42.40358240141677],[21.637201078644388,42.39877076843087],[21.62750308621164,42.39223168374907],[21.620674430892105,42.377992947554056],[21.605919393483298,42.37530000806923],[21.59439823484282,42.383898204655246],[21.574299069800087,42.375588217586014],[21.579478406617767,42.367876554739354],[21.571377446392866,42.362703305248154],[21.56132382010229,42.36783791883634],[21.552254434753717,42.36239112101796],[21.540430213471016,42.373372045935234],[21.53179943911473,42.36642614230886],[21.53536358832484,42.35971752744262],[21.52525966677694,42.34193793484122],[21.524836445147727,42.32544881708665],[21.53688417876833,42.32093513375627],[21.53288539968697,42.31980935198809],[21.538497583434857,42.31896066832772],[21.541841337044332,42.308906705417655],[21.559146818383297,42.31537430830169],[21.56579680178239,42.30978877860354],[21.563153754372184,42.30156480444341],[21.565681039643337,42.299841200211624],[21.561828170492245,42.29883395021192],[21.58445734154343,42.28302211173396],[21.583361422169524,42.2755598335424],[21.58929536057808,42.26949078836818],[21.583345643336987,42.25914540695261],[21.569072520130835,42.25073740108244],[21.544918148980496,42.25360868074846],[21.53600538117222,42.247694672448674],[21.52847280018115,42.250264321035],[21.52062244645281,42.24724388823739],[21.51769653818483,42.259470943544706],[21.520234624301867,42.26055249821387],[21.511121794600328,42.2659248565198],[21.511139468572253,42.27032375771026],[21.470804696224647,42.28001011786779],[21.44486626070723,42.277882398133066],[21.43999303483558,42.274191598830996],[21.440390489433998,42.2623117941008],[21.432458761770246,42.25925074723676],[21.434920109041567,42.24960952586535],[21.443557419490404,42.24126844960944],[21.442925983765992,42.23339222228144],[21.431294241810075,42.23536651225039],[21.416782184143234,42.24595633020489],[21.413791314773423,42.24391099616082],[21.400200082233276,42.249172487538075],[21.38510928621621,42.246462858222955],[21.382161774409138,42.24459060014721],[21.3856737544288,42.24143593489153],[21.375344493265555,42.23594009169345],[21.369694182777373,42.22726202092719],[21.37129670948338,42.22423815946801],[21.358385392315157,42.2207504721492],[21.345807915713568,42.204774834424796],[21.33835584969762,42.20365624120433],[21.335048152500452,42.20743056001958],[21.331064221705194,42.199059942167075],[21.335212079507528,42.19030681124562],[21.326933917857616,42.17614165080927],[21.31728778769899,42.170141774644634],[21.32100162198058,42.16072392212511],[21.302395501489624,42.141299354775555],[21.30659296900723,42.13399077982649],[21.303386014248083,42.13237004271265],[21.310369765793855,42.127924375931684],[21.321509315565194,42.108053197304294],[21.30352954133225,42.104450601182734],[21.294689030472444,42.11198932838373],[21.291363535130902,42.10507085185977],[21.268360148077267,42.09465525929549],[21.248939873526325,42.090752439698],[21.24454258921386,42.09465823979999],[21.233469186101125,42.09528261231026],[21.233045573341,42.098307699198],[21.222759517051507,42.093600226582275],[21.212572340254876,42.11093584822759],[21.21683801470827,42.12394600949662],[21.214530298643695,42.13273553482428],[21.200150043081287,42.1511249386889],[21.180605799642297,42.166733505264894],[21.167958708860358,42.19100821370098],[21.160606977496442,42.19749570018227],[21.125365482481424,42.20217849097918],[21.119108706242738,42.2068028130656],[21.103773745349034,42.20586856012868],[21.091313619879227,42.19418552542169],[21.06797441509139,42.18582360281828],[21.049341343237007,42.166223501397404],[21.043253781320573,42.16607414327068],[21.02643854669237,42.15222989935029],[21.009239592446686,42.1504869446167],[20.96936567378172,42.13642308444687],[20.94482486339835,42.13807083382175],[20.927940628479668,42.12730203163102],[20.920008692443506,42.12856482982217],[20.91450115283072,42.1153555434551],[20.89154808536437,42.097421070826776],[20.848173002568156,42.09938219183823],[20.841737927009323,42.09743913167769],[20.834150183859624,42.08594853383267],[20.790832351739205,42.08311778579812],[20.784645389845195,42.07887117047865],[20.785987763662867,42.07172497076614],[20.77861899475908,42.06474497537871],[20.758185329993545,42.05340341406949],[20.765065951688133,42.04528750792539],[20.763550351082095,42.04080657305762],[20.74815524332621,42.02567731718634],[20.751907456862543,42.01525180335295],[20.748768660547352,41.982359665386014],[20.767137756732833,41.96216680512601],[20.766037276201416,41.95360825924573],[20.754815875967214,41.946709135376636],[20.776507210108342,41.918437990550856],[20.755678746771313,41.90603286566973],[20.749724504557463,41.894744161679995],[20.740479788398606,41.89270569612526],[20.727973799406303,41.86424873959904],[20.70593266354982,41.864633986689995],[20.6835111171527,41.8577063656004],[20.682230003296944,41.86546962894652],[20.67342085764916,41.87243780708928],[20.654189159463456,41.87554843998109],[20.622380043662766,41.85244549692615],[20.611064693855027,41.858546372597736],[20.594383583455485,41.876076409311096],[20.593674964413264,41.884440020200515],[20.575768568521735,41.91748870326427],[20.58553379942356,41.91756009563007],[20.590133232901703,41.92669052093477],[20.61943385282009,41.9393753905348],[20.62658079559529,41.9609543581298],[20.624254437496983,41.974298308692745],[20.61182010322009,41.985386019749726],[20.60157345485296,42.01703943056557],[20.59729662519288,42.019675075362024],[20.59455120515992,42.042758845808635],[20.57588812416463,42.058102083212475],[20.56981319356434,42.05903130371543],[20.554580831470563,42.08256173504127],[20.567519740959604,42.097827931861545],[20.560937555267707,42.10860922842815],[20.568117520249128,42.12118928999603],[20.55539561619143,42.14000955351064],[20.558745531598596,42.14619833925294],[20.543072263324373,42.16063632825996],[20.547084500019253,42.16470039502817],[20.542763070230404,42.16619415838044],[20.54254398016178,42.171702639919296],[20.531481644804625,42.185917767042206],[20.52415301474491,42.21042876193885],[20.51398284261421,42.224273748587734],[20.5021442057529,42.2281051096086],[20.496386360789575,42.24117659104349],[20.45639190443436,42.27222806260962],[20.404689017639317,42.28466469100459],[20.394757255261897,42.29861032278671],[20.35337500205955,42.309613923916245],[20.353904307616624,42.31718877695537],[20.339127916387167,42.32768387087046],[20.32721261256823,42.32770485366235],[20.305508337571965,42.314900177258224],[20.292688907373364,42.32343995876506],[20.25724628539894,42.318771954875395],[20.242589741672464,42.326933745953575],[20.247838644515074,42.33314234946668],[20.236049068227548,42.34731453441713],[20.244794467077046,42.3529562609038],[20.245180374031783,42.369983822973666],[20.240216703241817,42.37361665552484],[20.240070128435264,42.38009320540935],[20.207991823797137,42.401595520911556],[20.213994692831378,42.40968922729646],[20.226080790133423,42.41438565109134],[20.226538126858006,42.42345676322253],[20.220615008301632,42.43368424541607],[20.192974084232635,42.4524493964686],[20.19678930196779,42.46244281121697],[20.18243382867421,42.47298819198377],[20.180260928328288,42.486565648773656],[20.16733271266815,42.49574051792652],[20.165033892177085,42.506666925645206],[20.100200046975928,42.532567737113915],[20.088294927454918,42.55065673838389],[20.07625968119506,42.55581168029051],[20.088474799707548,42.576036822897585],[20.086156157470032,42.58743933710512],[20.072801354541607,42.6068882631299],[20.075724057945283,42.6208923271964],[20.089925677777327,42.63090071650925],[20.09700816442771,42.64260869046784],[20.108691302055238,42.647819151938215],[20.111933299955666,42.65539773470506],[20.08856493657802,42.66870524768326],[20.083379667160496,42.68002733132157],[20.054474479003872,42.68468625784763],[20.045060056086133,42.69546949438982],[20.03321683903573,42.69742847777062],[20.03378031698088,42.7114563339122],[20.015891602785278,42.709720883822094],[20.03218165770749,42.72011399416152],[20.014933402621775,42.72835172654698],[20.01427642258906,42.740793080013724],[20.023278264792395,42.75180682873429],[20.024643713339046,42.76513837310619],[20.03227893606852,42.76490192745638],[20.042892235653184,42.77435048862407],[20.06037093483406,42.779059332478006],[20.069942023440024,42.774891439964605],[20.09817518250095,42.77670712682251],[20.11497521046691,42.76386083450744],[20.146739202813766,42.754608341434164],[20.148872734156956,42.763354064463876],[20.154970773664548,42.768410149685714],[20.19115930489982,42.7452818460275],[20.195728991501536,42.750406875293116],[20.212810604866192,42.74619199468107],[20.221690556872794,42.75260104816174],[20.23430960381991,42.75274415751667],[20.23675935632839,42.75684771363585],[20.250427005867202,42.7591651783149],[20.255446039816896,42.76992608331838],[20.266048704209805,42.77828269536509],[20.26276880314079,42.804169130423546],[20.252352005926106,42.81073771309781],[20.273751351450244,42.819934978241825],[20.281124990385067,42.83067877250022],[20.292386838301486,42.82528143361151],[20.297996089761313,42.8361999407317],[20.315554500603646,42.83604393797526],[20.32007749644886,42.82619456555758],[20.335082228411647,42.83585555825342],[20.36364679027449,42.832268483361666],[20.380115426377575,42.841765113037425],[20.40864299458329,42.847148546789846],[20.4381860230839,42.8331847543696],[20.485837088700105,42.8675941161996],[20.538295365411336,42.88317549051632],[20.535293982823394,42.88909932494985],[20.520452231629893,42.893562187516494],[20.52061239772041,42.898157422792394],[20.505506641248655,42.90531384134308],[20.49986852859226,42.91770024855252],[20.48627020286308,42.92906324909718],[20.48456653877957,42.933788818219384],[20.495712900973775,42.944768351399496],[20.496185640688537,42.952326114597874],[20.513674498193833,42.96558121597779],[20.51459152207713,42.97063256054206],[20.529954413499166,42.975113598040494],[20.53628185436155,42.97428704099116],[20.539749537363647,42.96384849885186],[20.546405872216436,42.96103553961625],[20.554448583122635,42.96873420558956],[20.551905820833625,42.97563532063146],[20.56482990759951,42.98455788589215],[20.567850370526944,42.99649499794533],[20.581220319426347,43.00195499990284],[20.5799895650474,43.011833710990196],[20.590823867197486,43.017034739690274],[20.617728760825084,43.017519380478355],[20.617337454470793,43.00306471369253],[20.629864142761193,43.009123073299165],[20.64050281642796,43.00682963317446],[20.636862533585838,43.01636882549703],[20.641023401714133,43.02237316810156],[20.650997651118562,43.02209714291964],[20.652157048738893,43.033479915581076],[20.66925078643181,43.03512139279396],[20.671383469446386,43.039083743027824],[20.670462762528985,43.04746062750462],[20.665458968002138,43.04963694805001],[20.670522619446082,43.05556568785771],[20.66910369365415,43.065270553394825],[20.661900906433303,43.06675198414864],[20.656253845398354,43.073695863260255],[20.662155520607833,43.078407882350646],[20.68357302261021,43.08174388265],[20.692646014507904,43.09070933740206],[20.687351961421555,43.1025375741499],[20.69307922940771,43.10553950029673],[20.692758933588458,43.109137242355395],[20.68513996435985,43.12295438595776],[20.657626360874787,43.137996014081274],[20.66203149186192,43.14427799207276],[20.658208042893346,43.15407729379759],[20.611360167517788,43.16959883604638],[20.60780622655485,43.17518965850746],[20.613914792919267,43.18015040151592],[20.611476420017706,43.18771269637771],[20.59483864967993,43.20670789850921],[20.600529583591232,43.21081302355807],[20.615291034128735,43.20431050163268],[20.633248008079903,43.20967865762012],[20.637265569902265,43.206715457675585],[20.652488769529047,43.21108500693595],[20.671571422826887,43.20861817112703],[20.68771784195169,43.21365451894356],[20.688604215200122,43.21835323874779],[20.699347847270193,43.22518284764702],[20.709470774771567,43.22721768660351],[20.728185885282993,43.24865132150737],[20.76126469193834,43.24399855531939],[20.769288646097348,43.247577647582645],[20.778185756932725,43.241972275580814],[20.792182360102576,43.2442707915315],[20.792234983383402,43.25938346584628],[20.803255693471222,43.26766468987062]]]}},{"type":"Feature","properties":{"kod":"RS11","ime":"BEOGRADSKI REGION"},"geometry":{"type":"Polygon","coordinates":[[[20.482042271159308,44.99287659664077],[20.521054409643277,44.97998239106178],[20.52288079279797,44.976699747278744],[20.517761265584305,44.972084169661116],[20.534608694273334,44.9497204648667],[20.554627926127598,44.94091097857138],[20.56672331825987,44.939556486238544],[20.57177702724385,44.94305570027209],[20.57598578458588,44.9408737755428],[20.576068710162733,44.93558602987126],[20.592685920791638,44.93484911862979],[20.622361318921,44.90846361043471],[20.618422043866584,44.902438743069965],[20.619704185329287,44.89481490096658],[20.614269823227104,44.887814081086916],[20.62321085048347,44.869370972168774],[20.591187554871173,44.86269942507903],[20.620668865903365,44.8543410180727],[20.595393302309137,44.855249284426904],[20.57622900032176,44.84864888279914],[20.586309672454817,44.84271216588105],[20.596883328144372,44.828292130065186],[20.61741862832629,44.829080255576756],[20.613603434479444,44.81942895052954],[20.630120394224445,44.80196774303038],[20.626817771860416,44.76884279351538],[20.63191991860381,44.75831693859163],[20.643435755740658,44.74832294958253],[20.67810839397157,44.73199182096429],[20.69150533921305,44.711539720826046],[20.72639913571308,44.68162482776351],[20.774091564353945,44.65885606186677],[20.819442383187376,44.65831521584912],[20.814381091538163,44.652736475271375],[20.801553844742983,44.64891040047602],[20.80327619823913,44.62760427246924],[20.79360764565905,44.618336073673674],[20.79208031168665,44.61183006259909],[20.81071082858024,44.60502786152303],[20.808002049746865,44.60308889930521],[20.81808335795775,44.59579354464554],[20.81930772623419,44.583916334043565],[20.81114611788561,44.586069934975924],[20.791443319189902,44.57767246184544],[20.78344699991016,44.57802816046697],[20.77008309902101,44.570317581835575],[20.766511953502107,44.56212028781185],[20.757875304683633,44.56205111277328],[20.75837507744428,44.55928478972201],[20.755309448635547,44.560993462426495],[20.74339497848571,44.553094740749096],[20.748737874132694,44.5516363499959],[20.74463961522801,44.55152673627914],[20.745133400940887,44.54717779561735],[20.750163317914154,44.541723445424424],[20.76387967106339,44.54388745159246],[20.768824008050668,44.5409907086244],[20.766502931104544,44.53726384102976],[20.770956630914235,44.52075882974756],[20.806570617975787,44.515869149922956],[20.806591248204125,44.501893978463876],[20.835382731068645,44.48730471272973],[20.838594661778824,44.48232765477025],[20.83683020241218,44.47576479985725],[20.844254903469842,44.475498994027646],[20.853636837571255,44.46436743994253],[20.84867980556619,44.45274681521071],[20.842426526291153,44.449008249303525],[20.845335391019276,44.445675409866034],[20.840845783842067,44.44659114554313],[20.84144540641299,44.44283180208152],[20.831654180048883,44.43857136711454],[20.818250591545418,44.439907943072704],[20.79288023776837,44.45058488971544],[20.791781916847242,44.44735280858586],[20.788367007643057,44.44933158647793],[20.775357360253498,44.44351461330365],[20.779411802192843,44.44036731173872],[20.772628441946143,44.44174023658001],[20.770674000670226,44.43739414667423],[20.76423373071018,44.44066344155503],[20.769573903983716,44.43165258139034],[20.76562034196488,44.43041486095343],[20.770167265016486,44.42851534074251],[20.76610170761765,44.42904485470824],[20.7618071398695,44.41359303853547],[20.75388351973689,44.40077811499461],[20.749326463085847,44.39938843700782],[20.756335752288713,44.39656980185699],[20.760937179279548,44.38711265258676],[20.770141833941896,44.384508885299645],[20.771530971381512,44.37533150979922],[20.78903417514943,44.370759910934616],[20.802581575027574,44.37507101316093],[20.798843378992416,44.36548654023033],[20.78220023907424,44.366102536797705],[20.779594671690337,44.36093278403598],[20.787366780179397,44.358020280784885],[20.773468843246114,44.35105344612409],[20.78329858350811,44.348607519050894],[20.78856803760107,44.33863750092377],[20.785425685210928,44.33541890629563],[20.787001594602415,44.32990052772673],[20.780785856165043,44.325130084045895],[20.759139716863967,44.33471165563682],[20.74402228255064,44.34915186132851],[20.73527229858072,44.346412640328175],[20.7173733763434,44.348534058958315],[20.723073276322648,44.35838141134308],[20.717025504167,44.360421438730455],[20.70698544478003,44.355636103793955],[20.69981393458678,44.36052516494217],[20.667861815854177,44.349941965535294],[20.655474206846982,44.35225000962803],[20.660016803748224,44.35859680513945],[20.64873654821008,44.36536301533244],[20.645329505402003,44.3639773753804],[20.648239723337777,44.36163802829903],[20.64433252151975,44.360126652400695],[20.639292336515307,44.37350179098605],[20.634970932754946,44.374068376137124],[20.638313457167072,44.379701994740415],[20.634710179839796,44.38066190193277],[20.63598486206285,44.38682284729277],[20.632143307635907,44.3869608965473],[20.63539406366101,44.391665772600156],[20.633334009063905,44.39749090073898],[20.625201477463023,44.400512176748514],[20.61734890438873,44.4007948539088],[20.61650153816505,44.39527787781741],[20.571230481896357,44.386746084553266],[20.556209345009048,44.37777392755141],[20.551463308402838,44.37901269701574],[20.546249068222597,44.391568002301604],[20.554292421119783,44.403097517644525],[20.547237491434824,44.41027302168732],[20.548773786387567,44.416669715183744],[20.51586966096522,44.42424858404862],[20.506173135309492,44.418820143305354],[20.495813414827662,44.42021768362654],[20.482025437921166,44.43397449101676],[20.47485650133866,44.434776490781545],[20.4648598971936,44.44364595982208],[20.45160301065905,44.442878259903964],[20.436478421264027,44.42628559309306],[20.4255342441148,44.42699454151029],[20.41340894575987,44.41673998322501],[20.42130073863289,44.41129608835776],[20.42076955859076,44.400954795085866],[20.431314317900647,44.39432242498753],[20.444805804210503,44.392010979879664],[20.442891057578887,44.388159747708045],[20.455950379679937,44.380704223955625],[20.4360032979692,44.37423210462145],[20.41833616893518,44.34998861784543],[20.41479564612711,44.35048589618563],[20.416354049931886,44.346103739211934],[20.40077490485403,44.31347573269889],[20.39012572710257,44.31789792654126],[20.387253699277174,44.31288846279463],[20.365735464049784,44.308950577500674],[20.368160671467166,44.29917687819048],[20.36131814239616,44.29801689989495],[20.359883207816743,44.29192221465638],[20.347705878679694,44.288019864147785],[20.342467140609852,44.280555975119775],[20.329897807813218,44.2741207275853],[20.311702214266138,44.275314650833735],[20.307211838586788,44.28062337743999],[20.30120799710099,44.27242940190321],[20.300993266089918,44.263024165800964],[20.27777400473787,44.26819009067609],[20.273882741638282,44.27193282940265],[20.27886479256655,44.27235467845431],[20.27890706194734,44.278517764921496],[20.264324167022863,44.27726647961466],[20.26826579568482,44.27920309458015],[20.258058703629324,44.282356144297964],[20.259351176429067,44.288903330349754],[20.250575433745915,44.286972641309184],[20.248883543335808,44.29040272695487],[20.253774578707954,44.29140033580458],[20.25049395169438,44.29467995561905],[20.242877343558664,44.293302151774355],[20.237482964011942,44.296958579892504],[20.24043873992778,44.30254001337275],[20.232772488848305,44.30115251650851],[20.22978531333925,44.303908355223655],[20.232223828497595,44.30635173944719],[20.223664616899196,44.31009171057247],[20.228945354669246,44.311196969157706],[20.226568394873112,44.31659047102206],[20.21324458263282,44.31748125532638],[20.21367765107397,44.32146743786949],[20.20788457260381,44.32446132564772],[20.215838141811705,44.32472978323662],[20.209860820795836,44.328716017209196],[20.215379713093533,44.329478705654225],[20.21060761576762,44.3318545333638],[20.212552667308945,44.33551508369841],[20.203060434127735,44.33064853737769],[20.1968620792676,44.335389947552706],[20.201697549588598,44.33974560097809],[20.199539736194275,44.34324393664937],[20.19170293618921,44.343352592739414],[20.19550747709988,44.3497533719837],[20.231906331835773,44.35231942208631],[20.214585643888938,44.36527929316196],[20.215648472093967,44.37176699954658],[20.206900868401338,44.37575127989042],[20.210666206926074,44.38091514848853],[20.20841810021644,44.38626110674381],[20.21482163255598,44.38640902086146],[20.210900431459553,44.390210807172245],[20.221429380044956,44.387579940666036],[20.216443865993337,44.3979931361935],[20.21201907642791,44.39583611295107],[20.20863843801064,44.40008882769253],[20.220446872162285,44.40354122529663],[20.22316744875564,44.40762672214389],[20.218035580868555,44.41353565963412],[20.222068911300003,44.417009470904574],[20.24017427651629,44.42569503680574],[20.24475311272178,44.42435194843305],[20.24159244147312,44.42894295109433],[20.247128376860804,44.42963485977388],[20.24191580626012,44.437285054713826],[20.248225874362156,44.44309252819799],[20.241438062038718,44.44531280779195],[20.244216964041193,44.44889925038204],[20.237770916848703,44.44621318571174],[20.23684695050877,44.45621816640305],[20.232466239331583,44.45728431153217],[20.241835556569782,44.458501480604056],[20.23386967939171,44.45941838571596],[20.234009540954442,44.464917365459655],[20.247769164319887,44.46911212362456],[20.23885068471994,44.47624872751582],[20.24526573646566,44.47889535150627],[20.241542280535786,44.48291606455928],[20.246644694843887,44.4869527505631],[20.240685528428127,44.48801775423676],[20.245573461315825,44.4933807203834],[20.236294437497342,44.49706034563442],[20.241066417769908,44.50228336550475],[20.23931855483223,44.50644689650378],[20.23716572217269,44.50368489693021],[20.23170814727272,44.50564148503581],[20.236210952710326,44.508766948080826],[20.231020319780633,44.507640769823475],[20.230597919967735,44.51062272958243],[20.228682306215358,44.50637714623577],[20.223756973558206,44.507921772196724],[20.224670932333346,44.51202023740968],[20.215781429137298,44.50986873487407],[20.214144786902292,44.515173080588156],[20.209455925481876,44.51495308994062],[20.219829364898256,44.51910360262219],[20.207688168685088,44.51920010488736],[20.22023441989501,44.531284061953556],[20.21474129960392,44.53268711617613],[20.217120854791865,44.535876920454534],[20.212913314135644,44.53511738211472],[20.215551107847947,44.53781785526738],[20.20949152024802,44.53770054421972],[20.21298708774701,44.53977048581904],[20.210079804437044,44.541771001972926],[20.215252711588366,44.54150447083347],[20.21174037974984,44.542542339240946],[20.214088695035347,44.54658176293067],[20.208091010438988,44.548488279251195],[20.20669491964289,44.54556463193528],[20.20391549150634,44.55021623305532],[20.210047800720808,44.550585753955716],[20.20579037428589,44.55470355566976],[20.209445590613377,44.55430032294049],[20.20731310428386,44.556951249563845],[20.212882437906867,44.56042384861562],[20.208097250431486,44.56018449736829],[20.208872037194848,44.564356731983175],[20.201126074390036,44.5686701308267],[20.188592416153423,44.56559488565145],[20.189673021506657,44.544222864274694],[20.14811339263374,44.510196198449044],[20.11818286108507,44.53994604413716],[20.119413493028066,44.54560038703334],[20.113859803110298,44.5475267645302],[20.112511223822498,44.543087685799655],[20.110422678234286,44.54764883898668],[20.098033384229982,44.54573369044018],[20.094056899535662,44.550095737261245],[20.093525757818636,44.5467549645275],[20.082045399847242,44.545956780559884],[20.074891774732055,44.527970765018196],[20.06211126457955,44.52111336937004],[20.036929023164017,44.53145104059481],[20.028696635784133,44.5407177939052],[20.02542592951894,44.53751403476233],[20.0181070432971,44.53916124831793],[20.01878951775681,44.53301816559039],[20.01124299114936,44.53342389075173],[20.013143413310175,44.536702734494376],[20.00829623290419,44.542988633066436],[19.993157859646292,44.55023003257018],[19.994850238217285,44.55241723955178],[19.988422832456777,44.55851475389745],[19.98869828462947,44.5691417927503],[19.994999350598075,44.578072949237395],[19.989899673417792,44.5869358351593],[19.99322473727962,44.58567884434414],[20.000243805908305,44.59210839135092],[19.98526883365787,44.60938949336054],[19.97575439565698,44.613808618419355],[19.977365471693815,44.62636408646887],[19.985777939732653,44.62833852654112],[19.982666520207097,44.632458488054716],[19.988551440767793,44.63590371944016],[19.985831768877752,44.6422834293663],[20.003883146649663,44.66280139530926],[20.035486138115107,44.68200304999749],[20.10313296059975,44.697741146304494],[20.128510553682354,44.71168444363275],[20.10211226038466,44.72390281907884],[20.10467514220128,44.72747514001661],[20.121736347619976,44.72767275621156],[20.121277583839333,44.73623877127814],[20.132445903285323,44.73879740348687],[20.112002736397006,44.75203215523573],[20.113736795333978,44.75840405831443],[20.134938533936616,44.76081666238646],[20.13578769621166,44.76670306852677],[20.127607989590132,44.77252911315484],[20.09859444398247,44.77998424140194],[20.095422222002487,44.785998174665544],[20.087887029439667,44.787345654547075],[20.096643746812898,44.807271375277594],[20.13930951256479,44.803447529513036],[20.145782177269552,44.83011481260433],[20.146090618104612,44.856785125094945],[20.16010982622379,44.862526051694836],[20.165910447535186,44.86925869593285],[20.163485682519454,44.885338037298865],[20.170949180884232,44.89370810631955],[20.169250854111894,44.90708791461411],[20.2252449621069,44.90700617125906],[20.221376379674215,44.91546206651872],[20.270390518894466,44.93456824921681],[20.274647579070358,44.93041944252159],[20.30112876984784,44.94268756712853],[20.28904077657913,44.95809209088741],[20.290640144489082,44.98675618058867],[20.320007987613174,45.00303381411564],[20.35517917658855,45.0113901891216],[20.36084844345846,45.02181591479972],[20.362918699730976,45.03078151090184],[20.357815108572634,45.04914737249381],[20.33411442554145,45.07440764182124],[20.374827652077297,45.09689537854409],[20.418567185762573,45.082429849563745],[20.42179903422063,45.07643160925155],[20.417238963317345,45.070599884678145],[20.41598540241703,45.052497277967284],[20.42268384654047,45.04839972396638],[20.42286133291145,45.041339834322905],[20.442762101846977,45.02536668528666],[20.45835344895047,45.0190719022064],[20.482042271159308,44.99287659664077]]]}}]}