{"type":"FeatureCollection","features":[{"type":"Feature","properties":{"kod":"VOJ","ime":"VOJVODINA"},"geometry":{"type":"Polygon","coordinates":[[[19.661539457681148,46.19005677333856],[19.684465304440845,46.17967947104768],[19.699830453001915,46.18746012616867],[19.717682530465105,46.17598048971228],[19.71794061349136,46.17158191840484],[19.740847227429136,46.16577765437449],[19.758488828723696,46.147874337755255],[19.797299853533314,46.1394663151285],[19.817824758815714,46.12778995611157],[19.853194484694804,46.149792351125136],[19.914864571489904,46.16398513717555],[19.935150030642582,46.17620253466357],[20.016173915223337,46.17665905037776],[20.022971788665426,46.17330725069839],[20.03062991854454,46.14990623352553],[20.037960533687905,46.14446604761404],[20.057110437553828,46.147955397989264],[20.063737443948806,46.143666058159226],[20.09580923729918,46.17724527348446],[20.106014929112213,46.17471961292399],[20.106858567628535,46.16265136141415],[20.13729326335818,46.14422698164555],[20.181831683252938,46.160057989593156],[20.208042273483326,46.14394406064395],[20.210344948344407,46.13545882894458],[20.229829129828776,46.12907085522178],[20.233186514643553,46.12381443542754],[20.248230838899595,46.12983915786059],[20.24955609501223,46.119867606039236],[20.25492757498792,46.115794459448956],[20.264275216725885,46.12635411371469],[20.26367260316132,46.11834539137754],[20.28288747172901,46.117612036191304],[20.26483344033774,46.108478598998154],[20.273182263951682,46.098279207853466],[20.302267321413332,46.086621162665445],[20.309279827711393,46.07210184448508],[20.345872799373044,46.04742895125398],[20.339308339609495,46.04142221104713],[20.340625032507592,46.036272615722346],[20.357708621178535,46.0058533032939],[20.34837671762407,45.99958217210864],[20.40543103342431,45.965242895578584],[20.447306090336962,45.97024754478644],[20.482932085097776,45.953426895912386],[20.501772542191617,45.910663581209505],[20.51581628584834,45.89210796186224],[20.549593437768507,45.89992512687522],[20.546517332784397,45.90591942743383],[20.569302838906413,45.91014597846879],[20.578740464031956,45.88496586037632],[20.57459392500561,45.88399106446209],[20.575213657530735,45.87876433734008],[20.581461433722843,45.86936818784545],[20.594432109390407,45.87171063097671],[20.598889510215898,45.86171684510516],[20.611712157056843,45.86398664822829],[20.660443830401427,45.82915041878881],[20.650703551013965,45.81176324863754],[20.657113708195105,45.80800720525657],[20.66283757387091,45.79411832709738],[20.68143014042961,45.79730941372575],[20.694602363427283,45.76695689462678],[20.690705897514686,45.766297648818856],[20.69292666413274,45.759849585228444],[20.696845049441023,45.76051187090847],[20.700651037820236,45.75056254388623],[20.71814735364423,45.74940021524533],[20.732715277179974,45.75587816282064],[20.77414440417539,45.75453045162049],[20.783502974029435,45.78589564464467],[20.823089661116146,45.77506602162274],[20.815945614855274,45.74926810770511],[20.808163196320404,45.74842143298943],[20.802646525740467,45.73778668965906],[20.798785966157016,45.70218201248502],[20.802463777183895,45.699855536236605],[20.796166463821223,45.68703191442255],[20.802985887807537,45.68201144226464],[20.80003377758499,45.671951333816835],[20.804989575325415,45.657225824162644],[20.788883335620646,45.645560707447885],[20.77929696636814,45.62254973374401],[20.765724193545488,45.61256683425837],[20.772011558242333,45.58285353058004],[20.795323087464762,45.587639468371705],[20.813608309531595,45.56810657308292],[20.81132917280423,45.56581913785848],[20.823211082879844,45.551878605892234],[20.81960936643639,45.55038452638003],[20.832572933749557,45.5358913447697],[20.80708569257706,45.51583752752828],[20.768821074568127,45.50023021950572],[20.776952058783188,45.49058978548505],[20.771043772855005,45.488058135696015],[20.77110670664859,45.479964705812115],[20.833022239166553,45.47996287370338],[20.86615724066766,45.46523194298661],[20.87045612771425,45.455832628833186],[20.878751548443706,45.45461586371859],[20.880827979664048,45.44635102493603],[20.872801728478088,45.445977473180335],[20.875277273486088,45.4389743671184],[20.864618888921367,45.4318240592224],[20.900432016571777,45.416893892298056],[20.920258767870216,45.4172427838285],[20.93557521464439,45.392762049125],[20.930061819985685,45.39232507483047],[20.931218127623403,45.38680971807193],[20.948379605962412,45.385590862975675],[20.95087719640446,45.374829919549335],[20.960323961128594,45.3667593246626],[20.98172168563565,45.357286340808606],[20.996063828203326,45.343278112525624],[21.00992908085606,45.34127627545391],[21.016567802889856,45.3246308356046],[21.06337401408545,45.33192975917799],[21.061200701384525,45.31586355006848],[21.08098073626336,45.317808006427704],[21.096527415988678,45.295897909232046],[21.144547496283433,45.30485067202635],[21.154201036293514,45.31235880504824],[21.14960324360293,45.31593657208454],[21.16202419756596,45.32509525223214],[21.166607155713457,45.31975868962171],[21.17622307353183,45.32523396781449],[21.183867444887564,45.3207287978038],[21.179931733560828,45.31256974317932],[21.191331178128916,45.286784737385645],[21.20872309375972,45.27527002591737],[21.20283630352645,45.26543907831672],[21.218984469977393,45.25058281249258],[21.223536602132864,45.25293754608174],[21.249189344202676,45.243795886092556],[21.274749350828955,45.22967866085809],[21.292260417803867,45.24241310360517],[21.32620147622195,45.23960013981032],[21.325283362978652,45.236319751212356],[21.339014105558086,45.23562316913568],[21.36001754917546,45.22210183344047],[21.369634276735834,45.2260655306066],[21.395346531387222,45.2187809190663],[21.403433325077884,45.22927054971586],[21.431165266041603,45.21279937335694],[21.43880427774158,45.20279814958437],[21.482973899288773,45.1920212603204],[21.49312329303416,45.17319390647057],[21.51482156452297,45.17115473577379],[21.525940198779608,45.15511201545664],[21.52740935431552,45.13787495885413],[21.47845815872512,45.12120078660166],[21.469692880111186,45.105260846619444],[21.483382759812713,45.091290293418666],[21.44702487678024,45.05575558803771],[21.456050883789327,45.04040951462429],[21.422948938505275,45.03238333206408],[21.42078028252245,45.03649541179065],[21.40566076605686,45.036937177265784],[21.39297208451499,45.02712657325381],[21.37469478980471,45.02825521073902],[21.360231267543607,45.020442367544206],[21.377000604225735,45.006721521163556],[21.38682056231357,45.00442096609784],[21.38295490876476,45.001849218091785],[21.388427223002676,44.998055825874644],[21.414646992209573,44.986762311244036],[21.406717092928968,44.97851668575967],[21.438261577784587,44.960478450473],[21.4692538101619,44.958429520955676],[21.546685447216,44.93051774381612],[21.55271083044048,44.923907226277],[21.549900899386632,44.91859977566134],[21.558240237842238,44.90661786917898],[21.56013075598332,44.8890046709868],[21.51070414792802,44.880041904562134],[21.485279382438453,44.868163333267844],[21.47105004776414,44.871212506083175],[21.463172907840185,44.86743221750762],[21.446850807103196,44.87398934672352],[21.44225943494127,44.86644284036551],[21.418065812785603,44.87327064338314],[21.40588240963128,44.86633421325448],[21.387940666557412,44.869763792157514],[21.383658786497023,44.865243369989734],[21.371365306740767,44.86664500070745],[21.35763265994635,44.85004436774678],[21.361448490364115,44.840350824185755],[21.353120869017012,44.840849068020205],[21.360279265195445,44.836587809710544],[21.355666929048088,44.83252022588047],[21.364169843925822,44.82924733688836],[21.35630172425706,44.82719560389843],[21.358473151916606,44.82161731606566],[21.328877612942296,44.82190320072755],[21.320835777498726,44.8164050990642],[21.326586313838977,44.813917357307986],[21.323246268306708,44.80822484688913],[21.30318461980735,44.794743045475904],[21.287229745709578,44.793113249051004],[21.279164583513843,44.80200614790843],[21.258389674644445,44.79144389444532],[21.21730323495303,44.783374348108325],[21.196680316734305,44.76806194440595],[21.178257738760706,44.76486927268971],[21.14822250327442,44.73820790087971],[21.10819518115031,44.731337824855196],[21.07574273651786,44.7187997761015],[21.000691193314328,44.72018967937645],[20.960037837085434,44.69951404356561],[20.913528819144712,44.667167493996345],[20.84314333550135,44.65772654323735],[20.774535986559798,44.65877241321973],[20.724116826837253,44.682883684412595],[20.69150533921305,44.711539720826046],[20.67810839397157,44.73199182096429],[20.643435755740597,44.74832294958253],[20.629852392525343,44.76068341362239],[20.62681777186037,44.7688427935153],[20.630120394224445,44.801967743030346],[20.613603434479444,44.81942895052954],[20.61741862832623,44.829080255576756],[20.596883328144372,44.828292130065115],[20.57622900032176,44.84864888279908],[20.595393302309112,44.855249284426854],[20.620668865903305,44.8543410180727],[20.591187554871173,44.86269942507903],[20.62321085048341,44.869370972168774],[20.614269823227076,44.887814081086916],[20.6219480267592,44.908922132743186],[20.592685920791613,44.93484911862979],[20.57606871016271,44.93558602987126],[20.57177702724379,44.943055700272055],[20.554627926127537,44.94091097857138],[20.53460869427331,44.94972046486661],[20.517761265584245,44.97208416966105],[20.521054409643277,44.97998239106178],[20.48098538385137,44.99317247656444],[20.45835344895047,45.0190719022064],[20.42806789472824,45.034694813360304],[20.422683846540412,45.04839972396638],[20.415985402416982,45.052497277967284],[20.419420166463837,45.08187089975374],[20.37413377330947,45.096794395767816],[20.334114425541394,45.0744076418212],[20.357815108572638,45.04914737249373],[20.362918699730976,45.03078151090184],[20.357618262746332,45.01337469537815],[20.32000798761315,45.00303381411564],[20.290640144489085,44.98675618058861],[20.28904077657913,44.958092090887334],[20.301128769847814,44.94268756712847],[20.2746475790703,44.930419442521504],[20.270390518894466,44.934568249216774],[20.221376379674215,44.91546206651872],[20.2252449621069,44.90700617125906],[20.169250854111834,44.9070879146141],[20.170949180884232,44.89370810631955],[20.163485682519454,44.88533803729883],[20.165910447535186,44.86925869593285],[20.146090618104612,44.856785125094916],[20.145782177269528,44.8301148126043],[20.13930951256479,44.803447529512994],[20.096643746812898,44.807271375277594],[20.087887029439667,44.787345654547],[20.135787696211636,44.76670306852677],[20.134938533936616,44.76081666238646],[20.113736795333917,44.758404058314404],[20.112002736396985,44.752032155235646],[20.132445903285266,44.738797403486785],[20.121277583839333,44.73623877127809],[20.121736347619976,44.72767275621156],[20.10467514220123,44.72747514001657],[20.102112260384636,44.723902819078745],[20.128510553682354,44.71168444363275],[20.103132960599694,44.697741146304494],[20.03548613811506,44.68200304999749],[20.003883146649663,44.66280139530926],[19.97916510597582,44.637488393116236],[19.95701561880667,44.62972521312398],[19.92520943465097,44.63737365576402],[19.920447284869407,44.649811779548216],[19.93101150032743,44.6573212874986],[19.967444937283254,44.66177924800984],[19.990625823238947,44.67291681391811],[20.000442254784826,44.68386190985833],[19.996152423371072,44.69160333756764],[19.899975392956392,44.69554486654518],[19.87208075842203,44.70408529002235],[19.81975163219032,44.73821932602645],[19.801181657767792,44.74557582962618],[19.73006385229312,44.748848694659195],[19.704823917571613,44.76823866288761],[19.69490714179843,44.795128099186186],[19.702057665277266,44.83249077923262],[19.715513845472454,44.85687634189957],[19.722037590414175,44.853955469279974],[19.759079589878613,44.903954093415635],[19.749407931585484,44.913036862418295],[19.720700300702667,44.910366591287854],[19.703893029407332,44.92613108364505],[19.67383693359568,44.92486908101896],[19.67313445056952,44.92039015094598],[19.66040398154603,44.917259294273066],[19.63926833936346,44.92312428970198],[19.61841514027716,44.9210626696201],[19.607617655574558,44.91322758953344],[19.610290611381163,44.908771904431525],[19.592777767436633,44.90857809265629],[19.590908702917314,44.903991692730344],[19.56852556052563,44.90625631530476],[19.56454249187771,44.91141706686039],[19.545388827416847,44.910038594451784],[19.52249409768675,44.92438422162241],[19.518772819048312,44.911386081050495],[19.51081592349672,44.91265158474636],[19.512494890755523,44.907446837223596],[19.494095984231667,44.90038444738175],[19.47868417124341,44.91236048126123],[19.480514220163528,44.92410578870368],[19.473347000690925,44.92757109495119],[19.477863904322408,44.93000555926877],[19.44020157326326,44.94168922557847],[19.430372883079016,44.935623371115355],[19.444643108525536,44.92441962120428],[19.42820790757092,44.922233232790866],[19.42723402074288,44.91603081013546],[19.419236664334555,44.92392875318193],[19.401288694354925,44.92405755321774],[19.383853284940074,44.91212988459429],[19.333343859991476,44.92164498335083],[19.321374721801288,44.91908906671439],[19.320532193522368,44.914220995584664],[19.329269867101615,44.90635399536212],[19.354338809617875,44.898725095188524],[19.354188373479595,44.89124997909951],[19.34973438997379,44.88890098462108],[19.305448114201003,44.908422390685004],[19.29102216437806,44.90925797384013],[19.27905339207196,44.90430986273785],[19.253961525549666,44.91342701836277],[19.21454601090185,44.896229427827166],[19.196628300181082,44.918159151609714],[19.17485553532265,44.92153586029703],[19.146617064687064,44.903466500889145],[19.128827538560547,44.898710228195014],[19.117915848475523,44.88624514209288],[19.088440834073644,44.87959720390314],[19.070930606252965,44.86342128810475],[19.02141471611306,44.85539605903647],[18.99274054499437,44.893981349163155],[18.988898074212244,44.906059389480546],[18.997584061729928,44.91538092312302],[19.032235946882356,44.922407436317904],[19.068595962951434,44.90121490136094],[19.087089149377167,44.91043676103652],[19.080470535369162,44.91339565325357],[19.087451546163916,44.91640225920998],[19.084188400882876,44.919684448353955],[19.08722280491473,44.92548227773535],[19.143094865018888,44.94115253489551],[19.142883019640525,44.946892114622145],[19.15605528968495,44.95301742903503],[19.15420298969623,44.95757740321823],[19.14681815872328,44.95736822575424],[19.147455359195476,44.975499196668736],[19.138698057565115,44.98066737150977],[19.10973369472739,44.96987165533876],[19.0519637865172,44.97713778092038],[19.09272331464267,44.99513406435502],[19.102762462527437,45.01086356222837],[19.097352904806034,45.02452349243164],[19.099107935954784,45.03296459191389],[19.094387829867095,45.037868030142036],[19.10581551893209,45.05143220359935],[19.09528637838651,45.05852739841316],[19.105940652534738,45.07921710134439],[19.092699427960337,45.09087538740437],[19.093364358655244,45.10153220616608],[19.07632399637976,45.114839809524156],[19.077854510561185,45.12772910082055],[19.087672403659067,45.13829402324068],[19.086401354598596,45.1454189414434],[19.14194526379971,45.129720448546585],[19.186997659645684,45.165906797982366],[19.194600079319443,45.17889608125587],[19.165996414535567,45.189734080828686],[19.17649199722171,45.20261561355566],[19.19103639282127,45.20120467763761],[19.227549174104748,45.18463593881977],[19.237753058347685,45.17536570893434],[19.272525490060026,45.17598983845631],[19.287427264694333,45.17062932864174],[19.29650335810839,45.171217371173505],[19.281269699607055,45.1932017828811],[19.289077592080424,45.195399352636024],[19.282742085626555,45.207185215838074],[19.31942606664957,45.207680345503185],[19.332381973894176,45.18210100090512],[19.329975172517514,45.17706235447608],[19.347540096470045,45.17250689205036],[19.349420723901744,45.164767036805415],[19.354645344173104,45.16463805873386],[19.354346825187807,45.16907978948181],[19.363736582430462,45.175520276564065],[19.372261466433333,45.17054176492548],[19.38818571888333,45.17318720029386],[19.424614308261933,45.16749992063011],[19.435697753067444,45.17313834459487],[19.427971224554433,45.187553185828],[19.44727132260979,45.19591119672725],[19.426230599178318,45.219175107211264],[19.42069753197778,45.233426334866614],[19.35490707916628,45.23136981278352],[19.288911151840967,45.236416615721],[19.254981938041738,45.24354193386483],[19.142072866959033,45.28120023507196],[19.103622941773864,45.299910624490664],[19.097460016582847,45.31349489873891],[19.097482762894245,45.32718082910983],[19.09102466479486,45.33577372404802],[19.073092565482558,45.34166747224068],[19.027591821906565,45.34426826374824],[18.973984486333784,45.3740675476084],[18.969608926972793,45.38436223923025],[18.975765269542258,45.394073244016404],[19.0215040181028,45.40221566428896],[19.030540847271777,45.41279653442405],[19.025124732640464,45.42359684555941],[18.99486210781319,45.44125006243985],[18.989147118558552,45.44946959603555],[18.991695970057354,45.47965787703697],[18.999474226112113,45.4933057281264],[19.00592664002409,45.497164323228134],[19.0464293523194,45.48495972938095],[19.08275388876204,45.487905264854746],[19.099126257843515,45.500220898924994],[19.101102172630547,45.51163024144484],[19.095403681994576,45.51937892538831],[19.069958997118803,45.52998569237942],[19.03315437780712,45.53427473864062],[19.015954738938802,45.55397808772419],[19.006269387960376,45.55463154674982],[18.997627209340887,45.542960789005],[18.985618672981506,45.537052965905346],[18.951548431882546,45.53287475962576],[18.930951740448958,45.53916166426763],[18.917071017805153,45.55437656479196],[18.888885736100256,45.56626995436004],[18.889529408215715,45.57373401821464],[18.914568730717935,45.598611860936074],[18.899025172583304,45.60875690469868],[18.89917494547221,45.61611154931601],[18.93380515126674,45.63119236709334],[18.9393935242264,45.64271657452076],[18.964642529089076,45.66127004814441],[18.966156720983484,45.67070570089],[18.927015161119208,45.690095708368716],[18.9061563144581,45.707624072824395],[18.888492292453037,45.77585448336637],[18.85026557837496,45.79542737274752],[18.847141683315282,45.810278524175494],[18.859429464496337,45.84353495537122],[18.855252295560486,45.85910460620742],[18.832807780980353,45.86868937314738],[18.827648061367054,45.89685380263338],[18.814994459822024,45.909414473737975],[18.821637480226762,45.914649179109645],[18.827558818342414,45.90479132488005],[18.868216294307647,45.91124825787946],[18.86462830885597,45.920749486362],[18.879145711590677,45.91643755633094],[18.906015802861248,45.93527143580829],[18.962023088678976,45.9258680958719],[18.987958898642432,45.93221046802542],[18.994702732768026,45.923885387154534],[19.008850288357948,45.92329711653017],[18.997874764072982,45.946206191903585],[19.005819495101104,45.95870707844621],[19.03267761423999,45.9646532899411],[19.079556793574483,45.9635326331749],[19.065684318411684,46.00004674901742],[19.104582600462784,46.03998858077366],[19.133799230370972,46.037076075687246],[19.147205791942078,46.0079728227511],[19.147741597275296,45.99611894386811],[19.204918113867485,45.99268150322367],[19.199563774591578,45.99817143888844],[19.285345154146214,45.99676015547567],[19.296535417756893,45.987794298903125],[19.30271075567915,45.991551363297106],[19.281630095707417,46.0145341058301],[19.364166172115414,46.052174016781294],[19.38018614096882,46.03580242907032],[19.415441220595127,46.04571793666882],[19.43916470337082,46.06675570546021],[19.466530925211536,46.08164999062333],[19.464427524219577,46.09527816055592],[19.527065724560906,46.120938061743615],[19.502455216977115,46.142087662492145],[19.516752137443532,46.15173776908811],[19.526566953712205,46.147694817087505],[19.560446616099398,46.166299999852306],[19.563147356285942,46.17698306801331],[19.631599935805248,46.169243638973086],[19.661539457681148,46.19005677333856]]]}},{"type":"Feature","properties":{"kod":"KIM","ime":"KOSOVO I METOHIJA"},"geometry":{"type":"Polygon","coordinates":[[[20.803255693471222,43.26766468987062],[20.82840798587855,43.26578679231384],[20.836964142120216,43.25683772941203],[20.8519814138108,43.251219882040864],[20.87698997846022,43.226326555071154],[20.879864645887753,43.2108573200765],[20.88897425384258,43.20504675696909],[20.843552239245124,43.20707470367993],[20.8434800658136,43.19813916694547],[20.855063632520515,43.18914720369701],[20.834178385565345,43.183641744261784],[20.831076590687942,43.17912098260451],[20.83873785130809,43.17285403047873],[20.855977392115808,43.1744000043971],[20.863274353993933,43.164786147659186],[20.881715602657138,43.166946674953614],[20.889321475772746,43.155981933964135],[20.9262206881718,43.14591920138901],[20.93355205194515,43.134221067814195],[20.957049747763357,43.12598285883356],[20.96694718923319,43.124416405704864],[20.972541318865606,43.13399704988257],[20.995534571204825,43.13830985309249],[21.025401165661624,43.12945722914389],[21.050283234565573,43.10752405090917],[21.075820932482305,43.11502709020561],[21.07898513749532,43.1291197635262],[21.08856260233053,43.13574926948731],[21.10267192309551,43.11735307093862],[21.113377593022914,43.111180222591436],[21.137241411466636,43.113481176930144],[21.149874988393556,43.0910300414821],[21.139603131667073,43.08216329351517],[21.1529594543783,43.06012355381181],[21.155715097105922,43.02956093876849],[21.16770631021651,43.02626198623176],[21.163371300486933,43.014686469576056],[21.171167519474164,43.000432292139585],[21.193008148024614,43.00795351507139],[21.197257752094377,43.02336383962387],[21.225175929070666,43.02036214046961],[21.23781372541041,43.00551994626841],[21.237693487269407,42.98974458884325],[21.24384318444323,42.980900133768614],[21.234382275985155,42.95923790970679],[21.235689017286077,42.950391299410796],[21.24525800773822,42.933893760733206],[21.270349265869406,42.91006061777542],[21.27480554049402,42.89486504212782],[21.304546589478083,42.906120076198874],[21.330934444264503,42.90258556105801],[21.342058366534125,42.89951972464146],[21.34405306600538,42.89092423159814],[21.35126405442829,42.88747277379647],[21.350024756198824,42.880958641824186],[21.365188238739012,42.87091064368004],[21.376914769631604,42.873041406283825],[21.38544381402192,42.86653351283664],[21.40246755837632,42.87467442430189],[21.435059933339822,42.872307629202226],[21.43712303979549,42.85155702427138],[21.42360749789405,42.8471199006907],[21.42423069892227,42.832582985289974],[21.41725814522715,42.82617414009541],[21.417911654738315,42.81724528662583],[21.424729729747387,42.81063778254254],[21.42273374421064,42.80581499374327],[21.41002956521287,42.80524771572591],[21.406417469210687,42.79464298804462],[21.413307041258072,42.790318719216714],[21.408356658762017,42.78771679569402],[21.411296546973908,42.77613722570789],[21.407554545941636,42.766832143572444],[21.389183177119506,42.758252502591354],[21.392977197839002,42.74514770972251],[21.417905335170914,42.7441679141399],[21.44910621912271,42.75015460118854],[21.46746959814724,42.736297103166116],[21.479347384336467,42.74766406001202],[21.501500923608614,42.73354907058112],[21.540558071431075,42.723070509355104],[21.542221538518408,42.72906828360514],[21.559483691595325,42.737715747396784],[21.571433921585243,42.727827620233214],[21.592314875545227,42.72617975319628],[21.587248973115646,42.70358430212825],[21.618651221512692,42.69518640066641],[21.63138686691853,42.70045978294544],[21.638310421620268,42.69809582856481],[21.644209087225576,42.6800982087184],[21.660374702110555,42.665469923439886],[21.673067369161316,42.67686322772865],[21.674280632713316,42.687210134686744],[21.703306961077473,42.6927367774452],[21.71533530179645,42.68991669272498],[21.752385721202316,42.701288192514774],[21.759713515170542,42.683780954055074],[21.771734209377275,42.67689534502372],[21.77134474671242,42.66730424087886],[21.789936613109916,42.65126327131465],[21.779256382928683,42.64671786924949],[21.770990664029995,42.63437276875814],[21.759459754517376,42.63783181981833],[21.752129850602138,42.62852055275792],[21.75762845289224,42.619496743201],[21.750909250923417,42.607388764093635],[21.742816072314568,42.608888699766304],[21.733859200156743,42.601169410358516],[21.747656043359672,42.58072789044907],[21.747644059117004,42.558905290093676],[21.72842982050159,42.54710480520039],[21.706937433320753,42.54987121746907],[21.70130339567101,42.54084527154832],[21.693350583567668,42.53939417819384],[21.71061171920421,42.51656719569478],[21.70754448924761,42.51314980045482],[21.692018702223443,42.515640596204605],[21.691060002727145,42.50269380990334],[21.667120695756086,42.492817531757325],[21.671229597935177,42.484343722159],[21.657841062459774,42.483707758346455],[21.657957638296935,42.47607417857604],[21.622403736040116,42.45312973793372],[21.637763839431727,42.429293200799655],[21.6366320918835,42.42172879813037],[21.646498818767544,42.41330240676424],[21.620674430892105,42.377992947554056],[21.605919393483298,42.37530000806923],[21.59439823484282,42.383898204655246],[21.574299069800087,42.375588217586014],[21.579478406617767,42.367876554739354],[21.571377446392866,42.362703305248154],[21.56132382010229,42.36783791883634],[21.552254434753717,42.36239112101796],[21.540430213471016,42.373372045935234],[21.53179943911473,42.36642614230886],[21.53536358832484,42.35971752744262],[21.52525966677694,42.34193793484122],[21.524836445147727,42.32544881708665],[21.53688417876833,42.32093513375627],[21.53288539968697,42.31980935198809],[21.538497583434857,42.31896066832772],[21.541841337044332,42.308906705417655],[21.559146818383297,42.31537430830169],[21.56579680178239,42.30978877860354],[21.565681039643337,42.299841200211624],[21.561828170492245,42.29883395021192],[21.58445734154343,42.28302211173396],[21.583361422169524,42.2755598335424],[21.58929536057808,42.26949078836818],[21.583345643336987,42.25914540695261],[21.569072520130835,42.25073740108244],[21.544918148980496,42.25360868074846],[21.53600538117222,42.247694672448674],[21.52062244645281,42.24724388823739],[21.520234624301867,42.26055249821387],[21.511121794600328,42.2659248565198],[21.511139468572253,42.27032375771026],[21.470804696224647,42.28001011786779],[21.44486626070723,42.277882398133066],[21.43999303483558,42.274191598830996],[21.440390489433998,42.2623117941008],[21.432458761770246,42.25925074723676],[21.443557419490404,42.24126844960944],[21.442925983765992,42.23339222228144],[21.431294241810075,42.23536651225039],[21.416782184143234,42.24595633020489],[21.38510928621621,42.246462858222955],[21.382161774409138,42.24459060014721],[21.3856737544288,42.24143593489153],[21.375344493265555,42.23594009169345],[21.37129670948338,42.22423815946801],[21.358385392315157,42.2207504721492],[21.345807915713568,42.204774834424796],[21.335048152500452,42.20743056001958],[21.331064221705194,42.199059942167075],[21.335212079507528,42.19030681124562],[21.326933917857616,42.17614165080927],[21.31728778769899,42.170141774644634],[21.32100162198058,42.16072392212511],[21.302395501489624,42.141299354775555],[21.30659296900723,42.13399077982649],[21.303386014248083,42.13237004271265],[21.321509315565194,42.108053197304294],[21.30352954133225,42.104450601182734],[21.294689030472444,42.11198932838373],[21.291363535130902,42.10507085185977],[21.268360148077267,42.09465525929549],[21.248939873526325,42.090752439698],[21.233045573341,42.098307699198],[21.222759517051507,42.093600226582275],[21.212572340254876,42.11093584822759],[21.21683801470827,42.12394600949662],[21.214530298643695,42.13273553482428],[21.180605799642297,42.166733505264894],[21.167958708860358,42.19100821370098],[21.160606977496442,42.19749570018227],[21.125365482481424,42.20217849097918],[21.119108706242738,42.2068028130656],[21.103773745349034,42.20586856012868],[21.091313619879227,42.19418552542169],[21.06797441509139,42.18582360281828],[21.049341343237007,42.166223501397404],[21.043253781320573,42.16607414327068],[21.02643854669237,42.15222989935029],[20.96936567378172,42.13642308444687],[20.94482486339835,42.13807083382175],[20.927940628479668,42.12730203163102],[20.920008692443506,42.12856482982217],[20.91450115283072,42.1153555434551],[20.89154808536437,42.097421070826776],[20.848173002568156,42.09938219183823],[20.841737927009323,42.09743913167769],[20.834150183859624,42.08594853383267],[20.790832351739205,42.08311778579812],[20.77861899475908,42.06474497537871],[20.758185329993545,42.05340341406949],[20.765065951688133,42.04528750792539],[20.763550351082095,42.04080657305762],[20.74815524332621,42.02567731718634],[20.751907456862543,42.01525180335295],[20.748768660547352,41.982359665386014],[20.767137756732833,41.96216680512601],[20.766037276201416,41.95360825924573],[20.754815875967214,41.946709135376636],[20.776507210108342,41.918437990550856],[20.755678746771313,41.90603286566973],[20.749724504557463,41.894744161679995],[20.740479788398606,41.89270569612526],[20.727973799406303,41.86424873959904],[20.70593266354982,41.864633986689995],[20.6835111171527,41.8577063656004],[20.682230003296944,41.86546962894652],[20.67342085764916,41.87243780708928],[20.654189159463456,41.87554843998109],[20.622380043662766,41.85244549692615],[20.594383583455485,41.876076409311096],[20.575768568521735,41.91748870326427],[20.58553379942356,41.91756009563007],[20.590133232901703,41.92669052093477],[20.61943385282009,41.9393753905348],[20.62658079559529,41.9609543581298],[20.624254437496983,41.974298308692745],[20.61182010322009,41.985386019749726],[20.59729662519288,42.019675075362024],[20.59455120515992,42.042758845808635],[20.56981319356434,42.05903130371543],[20.554580831470563,42.08256173504127],[20.567519740959604,42.097827931861545],[20.560937555267707,42.10860922842815],[20.568117520249128,42.12118928999603],[20.55539561619143,42.14000955351064],[20.558745531598596,42.14619833925294],[20.543072263324373,42.16063632825996],[20.547084500019253,42.16470039502817],[20.531481644804625,42.185917767042206],[20.52415301474491,42.21042876193885],[20.51398284261421,42.224273748587734],[20.5021442057529,42.2281051096086],[20.496386360789575,42.24117659104349],[20.45639190443436,42.27222806260962],[20.404689017639317,42.28466469100459],[20.394757255261897,42.29861032278671],[20.35337500205955,42.309613923916245],[20.353904307616624,42.31718877695537],[20.339127916387167,42.32768387087046],[20.32721261256823,42.32770485366235],[20.305508337571965,42.314900177258224],[20.292688907373364,42.32343995876506],[20.25724628539894,42.318771954875395],[20.242589741672464,42.326933745953575],[20.247838644515074,42.33314234946668],[20.236049068227548,42.34731453441713],[20.244794467077046,42.3529562609038],[20.245180374031783,42.369983822973666],[20.240070128435264,42.38009320540935],[20.207991823797137,42.401595520911556],[20.213994692831378,42.40968922729646],[20.226080790133423,42.41438565109134],[20.220615008301632,42.43368424541607],[20.192974084232635,42.4524493964686],[20.19678930196779,42.46244281121697],[20.18243382867421,42.47298819198377],[20.180260928328288,42.486565648773656],[20.16733271266815,42.49574051792652],[20.165033892177085,42.506666925645206],[20.100200046975928,42.532567737113915],[20.088294927454918,42.55065673838389],[20.07625968119506,42.55581168029051],[20.088474799707548,42.576036822897585],[20.086156157470032,42.58743933710512],[20.072801354541607,42.6068882631299],[20.075724057945283,42.6208923271964],[20.089925677777327,42.63090071650925],[20.09700816442771,42.64260869046784],[20.108691302055238,42.647819151938215],[20.111933299955666,42.65539773470506],[20.08856493657802,42.66870524768326],[20.083379667160496,42.68002733132157],[20.054474479003872,42.68468625784763],[20.045060056086133,42.69546949438982],[20.03321683903573,42.69742847777062],[20.03378031698088,42.7114563339122],[20.015891602785278,42.709720883822094],[20.03218165770749,42.72011399416152],[20.014933402621775,42.72835172654698],[20.01427642258906,42.740793080013724],[20.023278264792395,42.75180682873429],[20.024643713339046,42.76513837310619],[20.06037093483406,42.779059332478006],[20.069942023440024,42.774891439964605],[20.09817518250095,42.77670712682251],[20.11497521046691,42.76386083450744],[20.146739202813766,42.754608341434164],[20.154970773664548,42.768410149685714],[20.19115930489982,42.7452818460275],[20.195728991501536,42.750406875293116],[20.212810604866192,42.74619199468107],[20.221690556872794,42.75260104816174],[20.250427005867202,42.7591651783149],[20.266048704209805,42.77828269536509],[20.26276880314079,42.804169130423546],[20.252352005926106,42.81073771309781],[20.273751351450244,42.819934978241825],[20.281124990385067,42.83067877250022],[20.292386838301486,42.82528143361151],[20.297996089761313,42.8361999407317],[20.315554500603646,42.83604393797526],[20.32007749644886,42.82619456555758],[20.335082228411647,42.83585555825342],[20.36364679027449,42.832268483361666],[20.380115426377575,42.841765113037425],[20.40864299458329,42.847148546789846],[20.4381860230839,42.8331847543696],[20.485837088700105,42.8675941161996],[20.538295365411336,42.88317549051632],[20.535293982823394,42.88909932494985],[20.520452231629893,42.893562187516494],[20.52061239772041,42.898157422792394],[20.505506641248655,42.90531384134308],[20.49986852859226,42.91770024855252],[20.48627020286308,42.92906324909718],[20.48456653877957,42.933788818219384],[20.495712900973775,42.944768351399496],[20.496185640688537,42.952326114597874],[20.51459152207713,42.97063256054206],[20.529954413499166,42.975113598040494],[20.53628185436155,42.97428704099116],[20.539749537363647,42.96384849885186],[20.546405872216436,42.96103553961625],[20.554448583122635,42.96873420558956],[20.551905820833625,42.97563532063146],[20.56482990759951,42.98455788589215],[20.567850370526944,42.99649499794533],[20.581220319426347,43.00195499990284],[20.5799895650474,43.011833710990196],[20.590823867197486,43.017034739690274],[20.617728760825084,43.017519380478355],[20.617337454470793,43.00306471369253],[20.629864142761193,43.009123073299165],[20.64050281642796,43.00682963317446],[20.636862533585838,43.01636882549703],[20.641023401714133,43.02237316810156],[20.650997651118562,43.02209714291964],[20.652157048738893,43.033479915581076],[20.66925078643181,43.03512139279396],[20.671383469446386,43.039083743027824],[20.670462762528985,43.04746062750462],[20.665458968002138,43.04963694805001],[20.670522619446082,43.05556568785771],[20.66910369365415,43.065270553394825],[20.656253845398354,43.073695863260255],[20.68357302261021,43.08174388265],[20.692646014507904,43.09070933740206],[20.687351961421555,43.1025375741499],[20.692758933588458,43.109137242355395],[20.68513996435985,43.12295438595776],[20.657626360874787,43.137996014081274],[20.66203149186192,43.14427799207276],[20.658208042893346,43.15407729379759],[20.611360167517788,43.16959883604638],[20.60780622655485,43.17518965850746],[20.613914792919267,43.18015040151592],[20.611476420017706,43.18771269637771],[20.59483864967993,43.20670789850921],[20.600529583591232,43.21081302355807],[20.615291034128735,43.20431050163268],[20.633248008079903,43.20967865762012],[20.671571422826887,43.20861817112703],[20.709470774771567,43.22721768660351],[20.728185885282993,43.24865132150737],[20.76126469193834,43.24399855531939],[20.769288646097348,43.247577647582645],[20.778185756932725,43.241972275580814],[20.792182360102576,43.2442707915315],[20.792234983383402,43.25938346584628],[20.803255693471222,43.26766468987062]]]}},{"type":"Feature","properties":{"kod":"CS","ime":"CENTRALNA SRBIJA"},"geometry":{"type":"Polygon","coordinates":[[[21.357005126921692,44.82202662770408],[21.380069660983118,44.81150994021313],[21.391457934839586,44.78388601499287],[21.403361981537355,44.77652703083032],[21.536961324630838,44.77255408867639],[21.587204900394944,44.758780325291774],[21.61198264505798,44.72499357613234],[21.615455766792156,44.71385503459898],[21.61143171463055,44.687766237051065],[21.618171165822883,44.67147562610073],[21.636062111971185,44.65999876708687],[21.689070289854257,44.66526717943255],[21.72877949906881,44.65348652287748],[21.792624544844635,44.66400754638113],[21.81346929030218,44.65075078327222],[21.841975084664522,44.654320369219036],[21.893023255839587,44.64498577599902],[21.917419520151398,44.647470056771766],[21.950718099096438,44.63515211592783],[21.992886591481746,44.63273608346683],[21.999239835979445,44.62764976352803],[22.004128152865093,44.60825201315537],[22.025314484210124,44.590951872561405],[22.025623639321797,44.564241449441134],[22.037188364976902,44.541879523049346],[22.07070411529561,44.523401529187296],[22.084045456761217,44.49990271669994],[22.13663789434798,44.470818664902495],[22.15863645368771,44.47156475918795],[22.18100147420545,44.48047484983466],[22.193693826618976,44.50791820791636],[22.230244147630856,44.56137447192235],[22.264258825788403,44.59577042889746],[22.274640541417927,44.62589501551368],[22.300274305785095,44.6390142691794],[22.30843223864166,44.65869223241041],[22.333998968287982,44.67612800944054],[22.36623381840126,44.67224459392479],[22.379474477078954,44.67497394570856],[22.395160168391442,44.68204526544293],[22.428731819811556,44.70943991613951],[22.46143044959765,44.71522991185586],[22.48340999932269,44.70821476804694],[22.505380128758333,44.69280744549358],[22.516138463951478,44.68025569720699],[22.56286785163621,44.64750336230043],[22.570657776430807,44.636427522014536],[22.62148586382713,44.61464067097123],[22.676323195288465,44.61827816748926],[22.685658894379735,44.60707123740877],[22.71281943671744,44.598819285514026],[22.754385260170764,44.5650346831186],[22.762201455203215,44.553328576751284],[22.763846326357807,44.54112942876182],[22.758309983158323,44.536790388790614],[22.695569691146773,44.51663494704297],[22.627409257520746,44.55044386092317],[22.590080167712888,44.55091422062166],[22.5642845033423,44.53555708192717],[22.560694957696253,44.5043084757545],[22.548236542740483,44.48125421857712],[22.5214165918714,44.471846800559874],[22.470394637901137,44.480432181606965],[22.458173713225378,44.4718400014188],[22.4691171373307,44.440183345148],[22.500771706472783,44.41864796522925],[22.503293122944466,44.38119471202423],[22.52720900133408,44.336402051728875],[22.570341595238737,44.30259941612635],[22.61505166025832,44.29347844737899],[22.65420027808323,44.291222014917125],[22.670293154717314,44.285171193656595],[22.68348481441287,44.27289338857207],[22.68621583291298,44.252753763102454],[22.67284013771071,44.230368699387256],[22.67517811664227,44.21565932306776],[22.667615614484355,44.207345681868404],[22.665371336651848,44.2135504728556],[22.652953972069845,44.2050001768724],[22.644803251227405,44.208836962956795],[22.645540245675473,44.19812791149714],[22.63672341393817,44.19050395559203],[22.643112596300757,44.1858536176846],[22.637098527084934,44.181727075462206],[22.628876175350978,44.18336205237252],[22.636158236329724,44.1760282942184],[22.625249013828956,44.1708125301548],[22.61868450760018,44.17293882200997],[22.61302626182314,44.16558635883488],[22.628489121023215,44.15796559433696],[22.62621257486722,44.14732670290385],[22.620372489455647,44.15068167411036],[22.609977572168365,44.10687614218277],[22.61965354165216,44.097754766045824],[22.619782897436842,44.08241038817687],[22.615535672133216,44.07907778763975],[22.624602164294213,44.07283933634108],[22.618917444977747,44.06886176565967],[22.62121032413989,44.063371641178044],[22.58202989856071,44.06204927361253],[22.580650816926624,44.05406582482942],[22.55971414120334,44.057555893866414],[22.534878342478603,44.05221853150336],[22.530580174150057,44.048294421971754],[22.54194624838258,44.04211758111456],[22.537901484097056,44.03818776986912],[22.54347041489344,44.033652453906925],[22.527347841749023,44.01972711929071],[22.442243746311465,44.01659097653041],[22.44119884922247,44.01022324892727],[22.409466446173777,44.004226420097645],[22.40912022620065,43.99724106643838],[22.417235723289433,43.992369025855425],[22.408663927304925,43.98709777640695],[22.413201544958152,43.9721653850576],[22.411422871605712,43.95476212114806],[22.40617470334188,43.947929873791075],[22.408788584500524,43.93972393434176],[22.38835977086401,43.92672424272031],[22.394574149786187,43.90908778395941],[22.388672288688525,43.87888961866739],[22.37956480231427,43.84752806405088],[22.360608286833227,43.823237988755174],[22.357124180297948,43.80947517557031],[22.384036464521408,43.767859502288225],[22.40269625349018,43.758913056198324],[22.398494871273666,43.75051713208457],[22.399953410809445,43.73796523125827],[22.39397968501571,43.729924982624226],[22.402302431847826,43.72287819481635],[22.407834580832517,43.69597893385933],[22.424631893492194,43.67842202032566],[22.439625561521915,43.67383500853656],[22.45220779806974,43.66284765283773],[22.478020770535707,43.656525724639984],[22.491853351428208,43.639179242723195],[22.481836596320818,43.62533042422181],[22.49364514692924,43.600435979953495],[22.48727056535347,43.59109901506407],[22.496643197224714,43.58355444256382],[22.487791302738678,43.56864059576111],[22.490062348143823,43.55592988745451],[22.502785255352588,43.541466248237796],[22.501497008171143,43.5295343517144],[22.50666121090487,43.516287028414354],[22.524046744287514,43.49669848708734],[22.52447955196197,43.48602912721701],[22.532727153812147,43.479204120304395],[22.53330131770107,43.47143171633375],[22.553935635640936,43.46162709805335],[22.57585627155265,43.4638842079379],[22.59777619363632,43.43565715416064],[22.627576684441078,43.42808687834909],[22.638669654269517,43.43341681028597],[22.66113875589507,43.425939682331126],[22.66692312188067,43.40273815392581],[22.678285434044902,43.394726374005245],[22.723122361861062,43.3954725191146],[22.766670449115104,43.37740630432736],[22.76994585989622,43.363613706817084],[22.7853760052115,43.35490277629317],[22.795077164542562,43.342632372797816],[22.827710737427456,43.328876396410756],[22.831022908914033,43.31231044963653],[22.845466811775747,43.296719133220655],[22.842309673730757,43.28640120630791],[22.848569658840923,43.27545593429197],[22.868975096088768,43.2674026657042],[22.870505096788452,43.25463319893414],[22.896331757202358,43.22691287471635],[22.920051685204424,43.21871310113601],[22.941218725335155,43.20248499478614],[22.95787693993328,43.206902088993],[22.983009552659254,43.202634389054474],[23.00620223564267,43.192902381680845],[23.006374642127685,43.18713861261894],[22.98639897183642,43.16667304889349],[22.99740821085465,43.15584417135514],[22.993697012453268,43.15063118409018],[22.99507266004813,43.13614888479544],[22.983237089929684,43.111484725764605],[22.95272888659352,43.09241189286424],[22.918435158844005,43.080069393771474],[22.909186524560976,43.05577776124936],[22.899781585301476,43.048277700572584],[22.898395136888904,43.03621986896321],[22.86253446867055,43.02141560861416],[22.84927331788171,43.00473177171515],[22.783836634210978,42.98163137729431],[22.786654059616765,42.96835907499353],[22.782329003729,42.95045085848927],[22.778824881968017,42.953120198074295],[22.768511089741008,42.947861105184565],[22.772250641386186,42.93588107485816],[22.779935972728236,42.931825172842686],[22.77779983319827,42.92559947853828],[22.76027158225386,42.911140932689065],[22.759670012649533,42.90260433321012],[22.744474012996502,42.88612373485748],[22.71379695501161,42.88695423286958],[22.705243981722344,42.879414924879185],[22.697649866569392,42.884477061854554],[22.678344720776078,42.865346730476105],[22.67364810162349,42.87597388791914],[22.656399113177336,42.88303484941842],[22.64013774018986,42.878045428085635],[22.619540906204737,42.89606030748479],[22.584101780648382,42.89219936430906],[22.572724242549317,42.875621449848865],[22.575427383067357,42.862908887092374],[22.53559779285193,42.88214332576819],[22.52040818475727,42.875722481144024],[22.515487896082977,42.868545500380655],[22.515748122779236,42.85681053810676],[22.50720289567572,42.850604669639665],[22.47449291530579,42.83152881108657],[22.46538190416879,42.833541665606646],[22.439657681772765,42.8232861093604],[22.44089073799089,42.80574980810991],[22.455905392185464,42.79309610136956],[22.46002092921214,42.777706210404475],[22.476296565757277,42.76734142499873],[22.487106873180178,42.748799262592485],[22.501336588629542,42.73976919285601],[22.495912147120833,42.73211806080145],[22.496621773783772,42.72260269604084],[22.48650928430483,42.72153083680754],[22.47565846753054,42.71018484593712],[22.4721580122212,42.695098311841306],[22.45855241050619,42.68963054191708],[22.46054901617273,42.683662370421516],[22.47595381285302,42.6757391804967],[22.472699713516132,42.66692761283058],[22.458729186794457,42.65509602781224],[22.461454877162723,42.64852043587164],[22.453913931471593,42.646524811487204],[22.467616389702044,42.640791162039065],[22.464889638459514,42.63253833691129],[22.458352882463227,42.63124095746775],[22.449789815579674,42.59518807272476],[22.440569020514765,42.58854058945109],[22.439076700281966,42.56550937320509],[22.47102347461762,42.56194249015475],[22.492171984190023,42.5462485250266],[22.498943143313106,42.53547949849456],[22.52447535729909,42.525107158885106],[22.547592192510262,42.507077458073695],[22.559238954748444,42.48030942603268],[22.543608758942636,42.463131247747256],[22.54047698193384,42.454048415107586],[22.54391587987559,42.44870442499618],[22.535313292813466,42.421189989362134],[22.522964314648178,42.41279998629616],[22.521142172572965,42.39780886910864],[22.477966401896477,42.39414610635965],[22.48059026749245,42.38025396046912],[22.469270908701187,42.37601550624743],[22.459533577946527,42.36201299975783],[22.46325604945158,42.344892885055216],[22.452259998478567,42.33148285409732],[22.432276579278877,42.322943488650104],[22.423856925502847,42.33365220469482],[22.415735741035395,42.32929168981649],[22.40376908833906,42.33259808804426],[22.401272438916255,42.32632728351213],[22.36582715995442,42.32396124243337],[22.360219413578413,42.31109610730762],[22.356533106886214,42.31140361827893],[22.350783354465182,42.317986881656864],[22.333303217815423,42.32123488657437],[22.322581678540434,42.33409416090553],[22.31434487596056,42.33272970479978],[22.292174955784635,42.349655814588985],[22.299055640173652,42.36493896641297],[22.293982696894737,42.37390438498298],[22.272945365602684,42.36128835153721],[22.259916412908904,42.36601716069226],[22.251794212719084,42.36073239683148],[22.24930746017988,42.3495747279337],[22.236170733520172,42.34950673502092],[22.244152530169114,42.346342225195386],[22.229541391320407,42.335656438972265],[22.194769215856798,42.339865519116394],[22.1815258305344,42.33255586160201],[22.181515419050353,42.32530038316162],[22.16649495498371,42.31228759421356],[22.145471796569698,42.321422559109386],[22.132791567295467,42.307251955071074],[22.118954420448983,42.31503264460643],[22.101352960600295,42.3054174129817],[22.074169281243886,42.30336468523502],[22.065584894067854,42.2985014882636],[22.045114729625617,42.3074227572615],[22.031897246560373,42.298126499001626],[21.996988588724403,42.32069330383767],[21.94599340478019,42.34458861364016],[21.933037523851116,42.34064351020436],[21.92830353306299,42.310012471792376],[21.899165702453615,42.30119076083476],[21.892622169378935,42.30070194044576],[21.883171781116822,42.3133480634855],[21.86887713240608,42.309366223130425],[21.865635854082054,42.31756526162884],[21.851643586337783,42.32580507314473],[21.83809811361366,42.32361598184788],[21.833779512575802,42.320566012556135],[21.835747534885495,42.31151263378961],[21.815313276294702,42.29380692426348],[21.795084571441862,42.2986279954711],[21.78952266422674,42.28457918876587],[21.777863291156983,42.275928639060275],[21.78104218244903,42.27254085946947],[21.775087526436963,42.27147129569458],[21.77969848215618,42.26823496296277],[21.77713166681478,42.265008521341265],[21.77252246815514,42.26825534632587],[21.773201822142198,42.264341849641944],[21.769070493357027,42.26616606221185],[21.756925015535533,42.25693029773681],[21.727328679173418,42.26452961605972],[21.725497379056883,42.25789244453565],[21.71486691518749,42.25443597498494],[21.712272781398163,42.24127683158031],[21.699270822945785,42.23144655647953],[21.684278017472295,42.24213838553472],[21.666171615587615,42.24213342508821],[21.65779293864873,42.2489238331144],[21.62812189524034,42.25105161836208],[21.61283203390721,42.25714020093008],[21.600692587732134,42.25435560687216],[21.587756265949476,42.26131063969389],[21.590006299912275,42.26716373022995],[21.583361422169524,42.2755598335424],[21.58445734154343,42.28302211173396],[21.561828170492245,42.29883395021192],[21.565681039643337,42.299841200211624],[21.56579680178239,42.30978877860354],[21.559146818383297,42.31537430830169],[21.541841337044332,42.308906705417655],[21.538497583434857,42.31896066832772],[21.53288539968697,42.31980935198809],[21.53688417876833,42.32093513375627],[21.524836445147727,42.32544881708665],[21.52525966677694,42.34193793484122],[21.53536358832484,42.35971752744262],[21.53179943911473,42.36642614230886],[21.540430213471016,42.373372045935234],[21.552254434753717,42.36239112101796],[21.56132382010229,42.36783791883634],[21.571377446392866,42.362703305248154],[21.579478406617767,42.367876554739354],[21.574299069800087,42.375588217586014],[21.59439823484282,42.383898204655246],[21.605919393483298,42.37530000806923],[21.620674430892105,42.377992947554056],[21.646498818767544,42.41330240676424],[21.6366320918835,42.42172879813037],[21.637763839431727,42.429293200799655],[21.622403736040116,42.45312973793372],[21.657957638296935,42.47607417857604],[21.657841062459774,42.483707758346455],[21.671229597935177,42.484343722159],[21.667120695756086,42.492817531757325],[21.691060002727145,42.50269380990334],[21.692018702223443,42.515640596204605],[21.70754448924761,42.51314980045482],[21.71061171920421,42.51656719569478],[21.693350583567668,42.53939417819384],[21.70130339567101,42.54084527154832],[21.706937433320753,42.54987121746907],[21.72842982050159,42.54710480520039],[21.747644059117004,42.558905290093676],[21.747656043359672,42.58072789044907],[21.733859200156743,42.601169410358516],[21.742816072314568,42.608888699766304],[21.750909250923417,42.607388764093635],[21.75762845289224,42.619496743201],[21.752129850602138,42.62852055275792],[21.759459754517376,42.63783181981833],[21.770990664029995,42.63437276875814],[21.779256382928683,42.64671786924949],[21.789936613109916,42.65126327131465],[21.77134474671242,42.66730424087886],[21.771734209377275,42.67689534502372],[21.759713515170542,42.683780954055074],[21.752385721202316,42.701288192514774],[21.71533530179645,42.68991669272498],[21.703306961077473,42.6927367774452],[21.674280632713316,42.687210134686744],[21.673067369161316,42.67686322772865],[21.660374702110555,42.665469923439886],[21.644209087225576,42.6800982087184],[21.638310421620268,42.69809582856481],[21.63138686691853,42.70045978294544],[21.618651221512692,42.69518640066641],[21.587248973115646,42.70358430212825],[21.592314875545227,42.72617975319628],[21.571433921585243,42.727827620233214],[21.559483691595325,42.737715747396784],[21.542221538518408,42.72906828360514],[21.540558071431075,42.723070509355104],[21.501500923608614,42.73354907058112],[21.479347384336467,42.74766406001202],[21.46746959814724,42.736297103166116],[21.44910621912271,42.75015460118854],[21.417905335170914,42.7441679141399],[21.392977197839002,42.74514770972251],[21.389183177119506,42.758252502591354],[21.407554545941636,42.766832143572444],[21.411296546973908,42.77613722570789],[21.408356658762017,42.78771679569402],[21.413307041258072,42.790318719216714],[21.406417469210687,42.79464298804462],[21.41002956521287,42.80524771572591],[21.42273374421064,42.80581499374327],[21.424729729747387,42.81063778254254],[21.417911654738315,42.81724528662583],[21.41725814522715,42.82617414009541],[21.42423069892227,42.832582985289974],[21.42360749789405,42.8471199006907],[21.43712303979549,42.85155702427138],[21.435102427087664,42.8722589437106],[21.40246755837632,42.87467442430189],[21.38544381402192,42.86653351283664],[21.376914769631604,42.873041406283825],[21.365188238739012,42.87091064368004],[21.350024756198824,42.880958641824186],[21.35126405442829,42.88747277379647],[21.34405306600538,42.89092423159814],[21.342058366534125,42.89951972464146],[21.330934444264503,42.90258556105801],[21.304546589478083,42.906120076198874],[21.299801959003606,42.90118699635506],[21.287066986905828,42.90094750611191],[21.282285945638485,42.89515841579854],[21.27115351421566,42.89719619419581],[21.270349265869406,42.91006061777542],[21.24525800773822,42.933893760733206],[21.235689017286077,42.950391299410796],[21.234382275985155,42.95923790970679],[21.24384318444323,42.980900133768614],[21.237693487269407,42.98974458884325],[21.23781372541041,43.00551994626841],[21.225175929070666,43.02036214046961],[21.197257752094377,43.02336383962387],[21.193008148024614,43.00795351507139],[21.171167519474164,43.000432292139585],[21.163371300486933,43.014686469576056],[21.16770631021651,43.02626198623176],[21.155715097105922,43.02956093876849],[21.1529594543783,43.06012355381181],[21.139603131667073,43.08216329351517],[21.149874988393556,43.0910300414821],[21.137241411466636,43.113481176930144],[21.113377593022914,43.111180222591436],[21.10267192309551,43.11735307093862],[21.08856260233053,43.13574926948731],[21.07898513749532,43.1291197635262],[21.075820932482305,43.11502709020561],[21.050283234565573,43.10752405090917],[21.025401165661624,43.12945722914389],[20.995534571204825,43.13830985309249],[20.972541318865606,43.13399704988257],[20.96694718923319,43.124416405704864],[20.957049747763357,43.12598285883356],[20.93355205194515,43.134221067814195],[20.9262206881718,43.14591920138901],[20.889321475772746,43.155981933964135],[20.881715602657138,43.166946674953614],[20.863274353993933,43.164786147659186],[20.855977392115808,43.1744000043971],[20.83873785130809,43.17285403047873],[20.831076590687942,43.17912098260451],[20.834178385565345,43.183641744261784],[20.855063632520515,43.18914720369701],[20.8434800658136,43.19813916694547],[20.843552239245124,43.20707470367993],[20.889366071044808,43.203717918607985],[20.879864645887753,43.2108573200765],[20.87973566257231,43.22222636870507],[20.873165803590343,43.23083934267825],[20.8519814138108,43.251219882040864],[20.836964142120216,43.25683772941203],[20.82840798587855,43.26578679231384],[20.800759938740203,43.26682705955399],[20.792234983383402,43.25938346584628],[20.791414597975983,43.24405086182586],[20.778185756932725,43.241972275580814],[20.769288646097348,43.247577647582645],[20.76126469193834,43.24399855531939],[20.728185885282993,43.24865132150737],[20.709470774771567,43.22721768660351],[20.671571422826887,43.20861817112703],[20.633248008079903,43.20967865762012],[20.615291034128735,43.20431050163268],[20.600529583591232,43.21081302355807],[20.593760863471257,43.2050414365879],[20.60945741581552,43.192115449841445],[20.614040523474458,43.18064752647211],[20.60780622655485,43.17518965850746],[20.611225423049326,43.169729883599075],[20.658296673476308,43.15401688573347],[20.66203149186192,43.14427799207276],[20.657626360874787,43.137996014081274],[20.685071883216523,43.123024870758066],[20.692722257398092,43.10927218419708],[20.687351961421555,43.1025375741499],[20.69324543678006,43.09466824931201],[20.687698254303257,43.08395474345798],[20.656253845398354,43.073695863260255],[20.66910369365415,43.065270553394825],[20.670522619446082,43.05556568785771],[20.665458968002138,43.04963694805001],[20.670983899357175,43.04615909347902],[20.669479738865352,43.03534892861195],[20.652157048738893,43.033479915581076],[20.650997651118562,43.02209714291964],[20.64137676218583,43.02267360978959],[20.636862533585838,43.01636882549703],[20.64050281642796,43.00682963317446],[20.629864142761193,43.009123073299165],[20.617337454470793,43.00306471369253],[20.61765408805064,43.017552085923114],[20.590823867197486,43.017034739690274],[20.58137728042564,43.01275171575693],[20.581220319426347,43.00195499990284],[20.567850370526944,42.99649499794533],[20.56482990759951,42.98455788589215],[20.551905820833625,42.97563532063146],[20.554448583122635,42.96873420558956],[20.546405872216436,42.96103553961625],[20.539749537363647,42.96384849885186],[20.53628185436155,42.97428704099116],[20.530026179684864,42.97512307073431],[20.51459152207713,42.97063256054206],[20.513674498193833,42.96558121597779],[20.499587858442574,42.95677177026633],[20.492897710658287,42.94041434660323],[20.48456653877957,42.933788818219384],[20.48627020286308,42.92906324909718],[20.49986852859226,42.91770024855252],[20.505506641248655,42.90531384134308],[20.52061239772041,42.898157422792394],[20.520452231629893,42.893562187516494],[20.535293982823394,42.88909932494985],[20.538295365411336,42.88317549051632],[20.485837088700105,42.8675941161996],[20.441307007266182,42.8338750469903],[20.428734104457043,42.83525429554689],[20.40864299458329,42.847148546789846],[20.35599950989401,42.83223836069776],[20.342079918335475,42.86920072996373],[20.350029309779032,42.89595888507015],[20.3455660766909,42.91121748146042],[20.336306353886126,42.9077030143579],[20.32947172298531,42.91374067173664],[20.31022348479854,42.917428694283764],[20.311285632212154,42.923404594443255],[20.29879054638754,42.92186854075021],[20.284043434659278,42.92727850483696],[20.277666495444436,42.935294768558606],[20.269938340111743,42.93169632500293],[20.229101256240472,42.94440974647626],[20.21020712670334,42.95836610346477],[20.188533862972424,42.96022974471676],[20.173913803683348,42.97230211687438],[20.15337049215618,42.97437291929775],[20.14882662762244,42.98888717415972],[20.13127284333891,42.96911761398302],[20.117516962761876,42.96540864188606],[20.102846815195342,42.9744641655964],[20.10223793034224,42.981765019668444],[20.08671925242429,42.99556732655558],[20.07380200288503,42.996469097697755],[20.063941072271792,43.006825957650754],[20.054129442289593,43.009458033880534],[20.056357514322055,43.017651538717395],[20.04466468227182,43.02861646215817],[19.992147605589384,43.05180640093005],[19.96744908314225,43.08719135972943],[19.97352223210073,43.103673166622876],[19.96986398329079,43.112848144735345],[19.94995216823959,43.10247800736212],[19.921984182332515,43.09591123930438],[19.916638493778297,43.08595981722222],[19.906866875676542,43.090948672282224],[19.90296310543027,43.09925100223728],[19.8875268246692,43.097363080047906],[19.869920940068493,43.11311666212594],[19.83868642930212,43.09404193771992],[19.8338309007172,43.09611895274634],[19.833183230339895,43.107286470996485],[19.84034570207827,43.11195095289104],[19.837099331585602,43.11565319250494],[19.81145007037596,43.11548104463566],[19.805002552897054,43.12232538174527],[19.78783679412796,43.126049169513536],[19.7870832919371,43.13373750498747],[19.776870600079917,43.13790132907404],[19.781054765543857,43.143443687718054],[19.779662664148546,43.15632216558047],[19.770257570228893,43.16552870834467],[19.74084855520453,43.1590373802651],[19.733593338007324,43.17121172950935],[19.68492647481947,43.167996465925256],[19.670898072933188,43.1838304551704],[19.640658282911296,43.188984626177394],[19.636912826900975,43.200375712055454],[19.639850119560187,43.2071465949558],[19.61811993718817,43.23054097303024],[19.5448468945566,43.24756228876845],[19.542841440186894,43.26094418441411],[19.527245128289245,43.27933820872296],[19.53766039197408,43.3042212887968],[19.53556375472066,43.30909600141193],[19.52137265223527,43.32094127424782],[19.485244691802826,43.32758719659231],[19.461128567906,43.34481232094339],[19.461879793442623,43.35906453565325],[19.450472455847354,43.36721929113691],[19.448546942332957,43.38810750732018],[19.410359440853174,43.393091810519074],[19.393496978159412,43.40104146290085],[19.382394484296903,43.41268853998109],[19.360435704468596,43.4113310411521],[19.34934452230927,43.41572052994897],[19.334274519640136,43.43660324016228],[19.288165897436738,43.44579719042688],[19.276484924297257,43.45434544768494],[19.25342235410722,43.461386990489345],[19.221431667476725,43.483172718502374],[19.225870068664122,43.48550577319797],[19.22246213868783,43.50311773262855],[19.227497711692596,43.512215249118285],[19.22263235622793,43.527148885900765],[19.250827712984165,43.529392611766546],[19.246209709200897,43.5480694105598],[19.25384632427783,43.57548792385345],[19.245875342603178,43.592700595244516],[19.262689875593633,43.589392917488716],[19.27269542539825,43.59655298320348],[19.26853135619638,43.60194430136555],[19.255512581496816,43.59791850629431],[19.263555729479123,43.60682512097775],[19.26656344375338,43.60520400679935],[19.27302923433192,43.59669995049153],[19.28873204339296,43.59548440018997],[19.291127407022262,43.600139485053745],[19.303949094104667,43.58984055115009],[19.33679355633506,43.58851581647276],[19.356631218314547,43.60565685500282],[19.369362635302775,43.61068553669844],[19.370872735784427,43.6052681404136],[19.381874510566675,43.6016149805624],[19.384804077993852,43.59147567850883],[19.401934781772255,43.58758593354595],[19.399532304641316,43.58128683417115],[19.387862138652846,43.577250654883194],[19.39241334319995,43.57369733770747],[19.40521438637398,43.577263634352725],[19.402518280007687,43.57031875727861],[19.408419671998274,43.56977932635728],[19.422269267761138,43.575319287582666],[19.41811244157327,43.57830024334239],[19.446067745870167,43.581872533286514],[19.480731615340485,43.571719711632035],[19.511010602742015,43.5861587623579],[19.49703325868406,43.59810101339596],[19.491797886332286,43.59647472642901],[19.499514524470317,43.61586272555343],[19.49179790044693,43.61985954135313],[19.488079575098286,43.63245611230426],[19.49869218591319,43.638971007504146],[19.510637231103985,43.628223631473894],[19.51500846138667,43.64046992765779],[19.512343534024662,43.64424991519171],[19.526480550010998,43.64973464264284],[19.53178397085044,43.66777330731965],[19.51706171514561,43.68952327411955],[19.51454041080636,43.70083362938301],[19.5189444944964,43.71435087091299],[19.480942725537314,43.733654955425244],[19.4769415626863,43.74740475961928],[19.467296444535645,43.75382756481237],[19.465360698135086,43.764486551699804],[19.447434048132152,43.77517952119505],[19.431216264823362,43.77685207348203],[19.431388006325516,43.783939404056255],[19.421100275952416,43.796747689218],[19.41141892498682,43.79394532263579],[19.394520732721272,43.798281402320676],[19.391910039317132,43.80878583789795],[19.37204017322283,43.82459768964461],[19.374672183195642,43.834474974025355],[19.346058967125003,43.852998595052185],[19.335781309143478,43.86965870259881],[19.315634189119457,43.88308770950409],[19.31046874973413,43.897629712656226],[19.283972695514628,43.93099695313618],[19.267130079414127,43.94676076642924],[19.25159259961097,43.95373136521625],[19.255080646816623,43.96294122166217],[19.236457121152164,43.988059789971324],[19.235646957883596,44.01179900814944],[19.247479529449766,44.01421088920008],[19.267004795405363,44.00040338096765],[19.304498937057637,43.99750303135701],[19.334178910390417,43.98263052662431],[19.356542143091808,43.981344830900476],[19.36174440528753,43.97218631435261],[19.38841650602006,43.960319585921766],[19.403430184057736,43.96866984369102],[19.43267685337676,43.95788733880389],[19.52372256693421,43.955815938930776],[19.529036891368797,43.95733796537321],[19.539599536979406,43.97398660117804],[19.566518645694355,43.98424301196533],[19.563894777925128,43.99907743757413],[19.617579849187045,44.013452085583815],[19.622502348314885,44.02022685769594],[19.613829734255994,44.03501039962144],[19.623298746564302,44.05167106414189],[19.604445043670953,44.05071611405572],[19.59897812337095,44.07073181570827],[19.58311059223109,44.06922962400037],[19.582429348918474,44.05049267523604],[19.57597581831731,44.04593657317367],[19.55308851265378,44.07255981309619],[19.510571206025098,44.081772501834266],[19.49604615308054,44.10044367036499],[19.49308519597743,44.1152453275276],[19.469737925141523,44.121387575566786],[19.47105894982112,44.12940380017819],[19.482067327002518,44.1383973135741],[19.48172947034966,44.14592305654639],[19.466527090667288,44.1487977034008],[19.4487883295712,44.131641393739926],[19.443883738350667,44.13171634456285],[19.419939774793928,44.14408278739768],[19.40828889453432,44.169094742767996],[19.35904825852068,44.184330554247374],[19.355358235878278,44.19849678141721],[19.359818818825033,44.207421468548546],[19.34351597782157,44.219116300156124],[19.34877520136836,44.23174991966305],[19.342348993401956,44.24290311212849],[19.32988011926075,44.25072186308092],[19.325067452982374,44.271329746199235],[19.298060276117795,44.26942369323395],[19.279516955065112,44.2767424504006],[19.252822260609623,44.26320049240626],[19.2392011558283,44.261578686738844],[19.222800344342716,44.26903748936964],[19.217238930124637,44.287112326037125],[19.209619751311447,44.29117283554017],[19.19848391880178,44.29120697268909],[19.181141661431635,44.28006190924816],[19.16909113242963,44.28267837611356],[19.162045440174637,44.28760753184849],[19.155131197227885,44.304228346787944],[19.13150166481512,44.318130297623526],[19.129542669766817,44.32880844913236],[19.136429372139464,44.33904594626723],[19.114104838950677,44.344604534916414],[19.10894518684041,44.356813332987436],[19.11974332932111,44.367387538111814],[19.10651737416853,44.36681049703029],[19.10275806587855,44.37125115172448],[19.109685962867818,44.39700422250097],[19.147071921257158,44.415283651466694],[19.149239806219214,44.43695331328757],[19.14482739046629,44.450672506928555],[19.13627584156287,44.45668491078563],[19.14070689467365,44.47116000453831],[19.13261828534602,44.49086494951412],[19.12304981570141,44.50053574719207],[19.128443193088717,44.51993759752193],[19.14399559677976,44.52692060843529],[19.16758116200253,44.523844490666235],[19.19015348719036,44.54682232261953],[19.192196917104617,44.55472753771395],[19.182196179341855,44.56175223386968],[19.183639203866786,44.57315202370627],[19.20631304735246,44.576907631859584],[19.206702897004153,44.58345033093963],[19.219545864785932,44.59374699719384],[19.2272137610716,44.61081165685274],[19.214939032136684,44.61937723663679],[19.23640804986582,44.62300498085849],[19.257159665049294,44.63479054530869],[19.26634399494173,44.648078323120835],[19.259885593528637,44.65837400423946],[19.277035023458332,44.657305618743884],[19.28260458951867,44.661770532322535],[19.276243813881187,44.66766182527068],[19.28028240350301,44.67724426934107],[19.291272921449394,44.682504904571324],[19.287214127123573,44.68739696766676],[19.289952314765046,44.69191513255803],[19.303800396433413,44.68908071148041],[19.2999598544987,44.695208239504396],[19.308987822525065,44.70573011031276],[19.301124737106104,44.71261976305176],[19.31402523423492,44.720495603676525],[19.3017470935588,44.730950958603195],[19.31205999073796,44.74111881645592],[19.326400698747033,44.74198624826818],[19.3306310600867,44.74796591259382],[19.314993256619243,44.75291826761467],[19.324260577439524,44.75777155349103],[19.32384006766324,44.7637743956102],[19.307423547287108,44.76406071236324],[19.301221363700886,44.76918055141119],[19.305028549197985,44.773345029571416],[19.32199176023628,44.77454992153974],[19.324320099212162,44.784142052010615],[19.31797143561327,44.785549004144336],[19.31075333929886,44.78045358091069],[19.294570390276924,44.785802483216514],[19.304651871780898,44.794315102393846],[19.31732619148645,44.795610874628515],[19.310121214490053,44.80548443106022],[19.312951236436025,44.812533534245816],[19.324098507619865,44.81279317219134],[19.31787500327582,44.821643690454025],[19.32680516957696,44.822843367432135],[19.33336620389534,44.81776758130539],[19.335682300661464,44.828053231686596],[19.35319153097349,44.82639894984344],[19.355490957681877,44.834608037935055],[19.345483889788024,44.83970711035306],[19.345964523072727,44.85249761163216],[19.35194298831628,44.85861936983066],[19.367472457265364,44.85612303059295],[19.35969419043313,44.86657836041706],[19.371468258528587,44.87781504018842],[19.352085515221656,44.8862503929076],[19.354338809617875,44.898725095188524],[19.322757362233936,44.911526132128245],[19.322649996201942,44.92011132670619],[19.383853284940074,44.91212988459429],[19.401288694354925,44.92405755321774],[19.419236664334555,44.92392875318193],[19.42723402074288,44.91603081013546],[19.42820790757092,44.922233232790866],[19.444643108525536,44.92441962120428],[19.430372883079016,44.935623371115355],[19.44020157326326,44.94168922557847],[19.477863904322408,44.93000555926877],[19.473347000690925,44.92757109495119],[19.480514220163528,44.92410578870368],[19.47868417124341,44.91236048126123],[19.494095984231667,44.90038444738175],[19.512494890755523,44.907446837223596],[19.51081592349672,44.91265158474636],[19.518772819048312,44.911386081050495],[19.524537523013112,44.92451186427428],[19.545388827416847,44.910038594451784],[19.56454249187771,44.91141706686039],[19.57783329427346,44.90425408165157],[19.610290611381163,44.908771904431525],[19.607617655574558,44.91322758953344],[19.618943126606066,44.92116491058016],[19.63926833936346,44.92312428970198],[19.66040398154603,44.917259294273066],[19.67313445056952,44.92039015094598],[19.67383693359568,44.92486908101896],[19.699015661924708,44.92671796662033],[19.720700300702667,44.910366591287854],[19.7516263536,44.91246530101184],[19.758627709027255,44.90580963903735],[19.75689543740245,44.89687939368398],[19.741073697200815,44.88304743038138],[19.722037590414175,44.853955469279974],[19.715513845472454,44.85687634189957],[19.702057665277266,44.83249077923262],[19.69490714179843,44.795128099186186],[19.704823917571613,44.76823866288761],[19.73006385229312,44.748848694659195],[19.801181657767792,44.74557582962618],[19.81975163219032,44.73821932602645],[19.87208075842203,44.70408529002235],[19.899975392956392,44.69554486654518],[19.996152423371072,44.69160333756764],[20.000442254784826,44.68386190985833],[19.990625823238947,44.67291681391811],[19.967444937283254,44.66177924800984],[19.93101150032743,44.6573212874986],[19.920447284869407,44.649811779548216],[19.92520943465097,44.63737365576402],[19.95302888623459,44.62974923543914],[19.97916510597582,44.637488393116236],[20.003883146649663,44.66280139530926],[20.035486138115107,44.68200304999749],[20.10313296059975,44.697741146304494],[20.128510553682354,44.71168444363275],[20.10211226038466,44.72390281907884],[20.10467514220128,44.72747514001661],[20.121736347619976,44.72767275621156],[20.121277583839333,44.73623877127814],[20.132445903285323,44.73879740348687],[20.112002736397006,44.75203215523573],[20.113736795333978,44.75840405831443],[20.134938533936616,44.76081666238646],[20.13578769621166,44.76670306852677],[20.087887029439667,44.787345654547075],[20.096643746812898,44.807271375277594],[20.13930951256479,44.803447529513036],[20.145782177269552,44.83011481260433],[20.146090618104612,44.856785125094945],[20.165910447535186,44.86925869593285],[20.163485682519454,44.885338037298865],[20.170949180884232,44.89370810631955],[20.169250854111894,44.90708791461411],[20.2252449621069,44.90700617125906],[20.221376379674215,44.91546206651872],[20.270390518894466,44.93456824921681],[20.274647579070358,44.93041944252159],[20.30112876984784,44.94268756712853],[20.28904077657913,44.95809209088741],[20.290640144489082,44.98675618058867],[20.320007987613174,45.00303381411564],[20.357618262746332,45.01337469537818],[20.362918699730976,45.03078151090184],[20.357815108572634,45.04914737249381],[20.33411442554145,45.07440764182124],[20.374827652077297,45.09689537854409],[20.419420166463837,45.08187089975374],[20.41598540241703,45.052497277967284],[20.42268384654047,45.04839972396638],[20.42806789472824,45.03469481336036],[20.45835344895047,45.0190719022064],[20.48098538385137,44.99317247656444],[20.521054409643277,44.97998239106178],[20.517761265584305,44.972084169661116],[20.534608694273334,44.9497204648667],[20.554627926127598,44.94091097857138],[20.57177702724385,44.94305570027209],[20.576068710162733,44.93558602987126],[20.592685920791638,44.93484911862979],[20.6219480267592,44.908922132743264],[20.614269823227104,44.887814081086916],[20.62321085048347,44.869370972168774],[20.591187554871173,44.86269942507903],[20.620668865903365,44.8543410180727],[20.595393302309137,44.855249284426904],[20.57622900032176,44.84864888279914],[20.596883328144372,44.828292130065186],[20.61741862832629,44.829080255576756],[20.613603434479444,44.81942895052954],[20.630120394224445,44.80196774303038],[20.626817771860416,44.76884279351538],[20.63191991860381,44.75831693859163],[20.67810839397157,44.73199182096429],[20.69150533921305,44.711539720826046],[20.724116826837303,44.682883684412595],[20.772789952190127,44.65920192118323],[20.84003564848665,44.65753957995578],[20.914740256109035,44.667449579314734],[20.960037837085434,44.69951404356561],[21.000691193314328,44.72018967937645],[21.07574273651786,44.7187997761015],[21.10819518115031,44.731337824855196],[21.14330958083341,44.73672926199188],[21.16039016461793,44.74601669848127],[21.165058177636283,44.75583726101658],[21.178257738760706,44.76486927268971],[21.196680316734305,44.76806194440595],[21.21730323495303,44.783374348108325],[21.258389674644445,44.79144389444532],[21.279164583513843,44.80200614790843],[21.287229745709578,44.793113249051004],[21.30318461980735,44.794743045475904],[21.323246268306708,44.80822484688913],[21.326586313838977,44.813917357307986],[21.320835777498726,44.8164050990642],[21.328877612942296,44.82190320072755],[21.357005126921692,44.82202662770408]],[[20.7836130513586,44.32663448282632],[20.783613051358508,44.32663448282637],[20.783546915457144,44.326616447873214],[20.7836130513586,44.32663448282632]],[[20.78357612482498,44.32665277356981],[20.78401364055397,44.326877607795865],[20.784139233556274,44.32694066357008],[20.78401364055399,44.32687760779595],[20.783578952683477,44.326654228409204],[20.78357612482498,44.32665277356981]],[[20.784139233556274,44.32694066357008],[20.784394848282226,44.32706900680018],[20.78441901483756,44.32708113892664],[20.784139233556274,44.32694066357008]],[[20.784674333461634,44.32721533111262],[20.78467593576187,44.32721617141112],[20.78441901483756,44.32708113892664],[20.784674333461634,44.32721533111262]],[[20.784586523809857,44.32742867777009],[20.7846353442954,44.32747530135371],[20.78456365554461,44.32740686038402],[20.784586523809857,44.32742867777009]],[[20.784680723669172,44.32751859548248],[20.784731330296378,44.32757786471132],[20.78474936809806,44.32761015551513],[20.784680723669172,44.32751859548248]],[[20.784770575926277,44.32764809252096],[20.784908367971237,44.32789459657476],[20.784909327490546,44.327896299946524],[20.784770575926277,44.32764809252096]],[[20.784884602626757,44.32832026265941],[20.784902748319844,44.3283622328113],[20.784622039233017,44.32804490034492],[20.784884602626757,44.32832026265941]],[[20.78497632152162,44.32847906184258],[20.785130939022377,44.32868109881469],[20.785445086082955,44.32904818113539],[20.78497632152162,44.32847906184258]],[[20.78567202077905,44.32929638467719],[20.785717856392626,44.32934687209251],[20.785580974279775,44.32919613120177],[20.78567202077905,44.32929638467719]],[[20.785840875934987,44.32948246721009],[20.785876908725598,44.32950431568586],[20.78580846984084,44.32944675781217],[20.785840875934987,44.32948246721009]],[[20.78644340070768,44.32929592618831],[20.785949403963503,44.32956853301558],[20.78599762177562,44.32961938489967],[20.78644340070768,44.32929592618831]],[[20.78646513821096,44.3293179908332],[20.78646693868543,44.32931982195489],[20.78644340070768,44.32929592618831],[20.78646513821096,44.3293179908332]],[[20.78649091212258,44.32934413957106],[20.78649223389227,44.329345476298215],[20.78647914187401,44.3293322018474],[20.78649091212258,44.32934413957106]],[[20.786514023203225,44.329360977838945],[20.78661626483868,44.32942900272115],[20.786495122197454,44.32934840495282],[20.786514023203225,44.329360977838945]],[[20.786900303951096,44.32975384941695],[20.786917146245038,44.32977967863546],[20.78687024961171,44.329707766476865],[20.786900303951096,44.32975384941695]],[[20.787078248576034,44.33006447726625],[20.787087211409013,44.33009304438943],[20.787057166653,44.33001938669353],[20.787078248576034,44.33006447726625]],[[20.787229569750775,44.33049299704312],[20.787306594525624,44.33070813267408],[20.787215259742993,44.33045559270215],[20.787229569750775,44.33049299704312]],[[20.78736985090155,44.330923476694245],[20.78745113638513,44.33090381690632],[20.787391424509526,44.33091826000763],[20.78736985090155,44.330923476694245]],[[20.78745113638513,44.33090381690632],[20.787561549565307,44.33088772059847],[20.787744502264573,44.33124485257403],[20.78745113638513,44.33090381690632]],[[20.787478596747768,44.33158376795678],[20.787515412706874,44.33168968408117],[20.78745846062835,44.331525686960155],[20.787478596747768,44.33158376795678]],[[20.785438712135868,44.33541952406176],[20.785425685210928,44.33541890629563],[20.78542568521092,44.335418906295544],[20.785438712135868,44.33541952406176]],[[20.785676262819333,44.33544605974871],[20.785844435201085,44.33551266048462],[20.785632308996306,44.335428651940774],[20.785676262819333,44.33544605974871]],[[20.785883632923426,44.33563234932223],[20.785883632923422,44.3356323493223],[20.785865555298475,44.33557715145825],[20.785883632923426,44.33563234932223]],[[20.786317737136013,44.33609649770944],[20.78631773713597,44.33609649770941],[20.78698686575948,44.33610052938482],[20.786317737136013,44.33609649770944]],[[20.787422423340857,44.33616019864364],[20.787744198797743,44.336161527735165],[20.787258137948463,44.336162774644066],[20.787422423340857,44.33616019864364]],[[20.787857560766234,44.336161991628344],[20.787917775593563,44.33615562310019],[20.787918255366037,44.33615718924401],[20.787857560766234,44.336161991628344]],[[20.78792385076044,44.33617541661939],[20.787924475404132,44.33617745374959],[20.78792256557884,44.336171231346],[20.78792385076044,44.33617541661939]],[[20.788528252531584,44.336958499612805],[20.788528252531584,44.33695849961272],[20.788532261119027,44.33697050439838],[20.788528252531584,44.336958499612805]],[[20.788611427136587,44.33719210430505],[20.788685525045533,44.3373409444373],[20.788595875553206,44.33716086221101],[20.788611427136587,44.33719210430505]],[[20.788447910542732,44.33856365670175],[20.788539083662684,44.33861970242705],[20.788345469876337,44.3385233861945],[20.788447910542732,44.33856365670175]],[[20.7866541200426,44.34039126263476],[20.786637401175902,44.34037947010524],[20.78663740117593,44.34037947010522],[20.7866541200426,44.34039126263476]],[[20.7837793509407,44.34297840320856],[20.783976007979945,44.343080565518584],[20.783986741535664,44.34309288807437],[20.7837793509407,44.34297840320856]],[[20.78346244085878,44.34448537267127],[20.783510472244767,44.34455858307799],[20.783354406388007,44.344448075639974],[20.78346244085878,44.34448537267127]],[[20.783510472244767,44.34455858307799],[20.783829175460614,44.34465446141181],[20.783920943462675,44.34404620397693],[20.784004784476604,44.34389137471994],[20.78423951534853,44.343836640970615],[20.784309090213462,44.34384523155231],[20.784366355241893,44.34385339756945],[20.784004784476604,44.34389137472002],[20.783829175460614,44.34465446141184],[20.78363455975712,44.344747703049244],[20.783510472244767,44.34455858307799]],[[20.784502243807957,44.34401506970817],[20.784608074119067,44.344124802073644],[20.784437456123165,44.34393115507742],[20.784502243807957,44.34401506970817]],[[20.784658257342816,44.34418933900376],[20.78465825734283,44.3441893390038],[20.784608074119067,44.344124802073644],[20.784658257342816,44.34418933900376]],[[20.784696132179217,44.3442936341067],[20.78470075628013,44.344318223367516],[20.78467469211858,44.344234595083854],[20.784696132179217,44.3442936341067]],[[20.785017879461996,44.3444183495568],[20.78533356887036,44.34420778776169],[20.784754207146655,44.34460254699386],[20.785017879461996,44.3444183495568]],[[20.785435276402985,44.34417503611039],[20.78544076781425,44.34417584867957],[20.78533356887036,44.34420778776169],[20.785435276402985,44.34417503611039]],[[20.78575916037473,44.34443808852177],[20.78577596470332,44.3444730416321],[20.785698376106513,44.34435367427585],[20.78575916037473,44.34443808852177]],[[20.784965329786658,44.34507376176087],[20.785100090095423,44.34510259522258],[20.784817671177592,44.34501570268397],[20.784965329786658,44.34507376176087]],[[20.78513677207272,44.34511044373818],[20.78566942913052,44.34490352011735],[20.78579498194904,44.344762984406174],[20.78513677207272,44.34511044373818]],[[20.785814477623934,44.34475482106541],[20.785969830906637,44.34468977415787],[20.78579498194904,44.344762984406174],[20.785814477623934,44.34475482106541]],[[20.785190563260542,44.345770106377884],[20.785158026633088,44.345755085147566],[20.78519795375574,44.3457719224027],[20.785190563260542,44.345770106377884]],[[20.78437351120032,44.346324901304904],[20.784430968086713,44.34664129814017],[20.78437335006489,44.3463240113069],[20.78437351120032,44.346324901304904]],[[20.78008515197159,44.34977818544954],[20.780085151971534,44.34977818544954],[20.780083480940995,44.3497763962346],[20.78008515197159,44.34977818544954]],[[20.780007559345037,44.349695055587084],[20.77996859143654,44.34965330426966],[20.779768510427825,44.34935581216296],[20.780007559345037,44.349695055587084]],[[20.77780434677465,44.35025052417315],[20.777799312056224,44.350245882998514],[20.77779931205625,44.3502458829985],[20.77780434677465,44.35025052417315]],[[20.777491072865867,44.35107948312252],[20.777380557120807,44.35099129266754],[20.777493874945925,44.351081720412736],[20.777491072865867,44.35107948312252]],[[20.776971889139034,44.350659185971],[20.77677630744724,44.350487742365054],[20.776987421512985,44.350672801025844],[20.776971889139034,44.350659185971]],[[20.776246553996263,44.35002704301683],[20.776246553996288,44.350027043016816],[20.776541755931895,44.35028312154284],[20.776246553996263,44.35002704301683]],[[20.77445576385262,44.35098715761217],[20.774455763852576,44.35098715761217],[20.774454893064,44.35098607809042],[20.77445576385262,44.35098715761217]],[[20.77431731308583,44.350812634701576],[20.774202146050047,44.350686940148435],[20.774345999834768,44.3508488013196],[20.77431731308583,44.350812634701576]],[[20.774177233485418,44.35066420075685],[20.774073150937078,44.35056922985523],[20.774202146050047,44.350686940148435],[20.774177233485418,44.35066420075685]],[[20.7737331883277,44.35139823845474],[20.773765740694945,44.35144465667302],[20.77369774207833,44.351352085724734],[20.7737331883277,44.35139823845474]],[[20.774222866084443,44.352107019353056],[20.774404377747643,44.352384041435855],[20.774526768039447,44.35259030570413],[20.774222866084443,44.352107019353056]],[[20.77476577408179,44.353004208893154],[20.774806748795584,44.35308021941846],[20.774690628476296,44.35286480052228],[20.77476577408179,44.353004208893154]],[[20.775087311526377,44.35317071009319],[20.774874885014732,44.35320663113118],[20.77487488501469,44.3532066311311],[20.775087311526377,44.35317071009319]],[[20.775768375647303,44.353107925574875],[20.77512793031053,44.35316383258533],[20.775768375647246,44.35310792557479],[20.776487280001454,44.35300230388776],[20.775768375647303,44.353107925574875]],[[20.77704285306179,44.35296575732413],[20.777773611884417,44.35307598649017],[20.778664148942028,44.35316643991692],[20.777773611884452,44.353075986490204],[20.77704285306179,44.35296575732413]],[[20.778905582484498,44.35318002357876],[20.77891106334042,44.35318033128456],[20.77869233476898,44.35316802582705],[20.778905582484498,44.35318002357876]],[[20.778905843544706,44.353246286404],[20.77890558950721,44.3532352242755],[20.77890558950721,44.35323522427549],[20.778905843544706,44.353246286404]],[[20.77843404987411,44.356315850482474],[20.778423189638463,44.35630576456937],[20.778423189638463,44.356305764569356],[20.77843404987411,44.356315850482474]],[[20.77876984855591,44.3563921139136],[20.77876984855585,44.35639211391353],[20.779555204988952,44.355094014805886],[20.77876984855591,44.3563921139136]],[[20.77998993699649,44.35534416074742],[20.780266961100676,44.35552085642443],[20.779720502611664,44.35518912749313],[20.77998993699649,44.35534416074742]],[[20.780266961100676,44.35552085642443],[20.780818670260206,44.355870559054104],[20.78088522941957,44.355918297925136],[20.780266961100676,44.35552085642443]],[[20.781112677787426,44.35615085242646],[20.781112910097846,44.356161678740975],[20.7811043796891,44.35612176017305],[20.781112677787426,44.35615085242646]],[[20.781581306021383,44.35653399018716],[20.781599532966514,44.35656845258387],[20.78116084596587,44.35646260440974],[20.781581306021383,44.35653399018716]],[[20.781822144039506,44.356606447896695],[20.781822144039506,44.35660644789665],[20.781987772206467,44.35662980086731],[20.781822144039506,44.356606447896695]],[[20.7820569593222,44.35664577177592],[20.782278580335664,44.356656988941914],[20.781987772206467,44.35662980086731],[20.7820569593222,44.35664577177592]],[[20.782493062203535,44.35676773763315],[20.782646164671302,44.35671762158254],[20.782278580335664,44.356656988941914],[20.782493062203535,44.35676773763315]],[[20.78280592202133,44.356734211787845],[20.78283423376299,44.3568132898558],[20.782673638891254,44.35672047467787],[20.78280592202133,44.356734211787845]],[[20.78306941743883,44.356779698412744],[20.783110921771417,44.356757013284174],[20.782943367736124,44.35684859616376],[20.78306941743883,44.356779698412744]],[[20.783146961681755,44.35679512634924],[20.783235817626434,44.35688907425766],[20.783110921771417,44.356757013284174],[20.783146961681755,44.35679512634924]],[[20.783444003082526,44.35697381131824],[20.783718816887298,44.35700170274178],[20.783312547859683,44.35696046790208],[20.783444003082526,44.35697381131824]],[[20.783775135103003,44.35765650876684],[20.783962852106335,44.35771198943292],[20.783754253773512,44.35756559083641],[20.783775135103003,44.35765650876684]],[[20.784132444385506,44.35777130947399],[20.784211724758546,44.35780700211048],[20.78408680245739,44.35775076078908],[20.784132444385506,44.35777130947399]],[[20.784479207147722,44.3579161328802],[20.784479207147715,44.3579161328803],[20.784301537173185,44.35792579348279],[20.784479207147722,44.3579161328802]],[[20.78450717792969,44.357970235675666],[20.78481660191627,44.3577948016177],[20.785571075221192,44.3576136659683],[20.785254175017048,44.3578960574147],[20.78481660191629,44.357794801617786],[20.784673814325597,44.35800946967619],[20.78450717792969,44.357970235675666]],[[20.785755113104187,44.3578548598118],[20.785755113104187,44.357854859811766],[20.786113443342927,44.35773662318192],[20.785755113104187,44.3578548598118]],[[20.78652024912746,44.35781234629118],[20.786850891631623,44.35761386188836],[20.786889627937413,44.357656325419185],[20.78652024912746,44.35781234629118]],[[20.787374258906187,44.35803352542953],[20.78737425890618,44.35803352542961],[20.787370210480372,44.35802635576516],[20.787374258906187,44.35803352542953]],[[20.7871192248653,44.358381738838304],[20.787290808249807,44.35853029101006],[20.78712238974203,44.358384480730436],[20.7871192248653,44.358381738838304]],[[20.78738381762628,44.3586559282556],[20.787383817626242,44.358655928255615],[20.787290808249807,44.35853029101006],[20.78738381762628,44.3586559282556]],[[20.785647519655726,44.35940338344462],[20.78525532028572,44.35913714378888],[20.78564751965575,44.35940338344461],[20.785647519655726,44.35940338344462]],[[20.78486142700566,44.359407151600905],[20.784855443056838,44.35940290406318],[20.78486142700567,44.359407151600905],[20.78486142700566,44.359407151600905]],[[20.784765953719425,44.359339380372724],[20.784765953719464,44.35933938037271],[20.784772381395232,44.3593439435849],[20.784765953719425,44.359339380372724]],[[20.78375335038525,44.35960310768697],[20.783753350385293,44.35960310768697],[20.78375394713185,44.359603129627615],[20.78375335038525,44.35960310768697]],[[20.779841490031476,44.36125418680704],[20.77999269697945,44.361451074364375],[20.77984133855758,44.36125398368846],[20.779841490031476,44.36125418680704]],[[20.780108290601255,44.36160316207517],[20.780447062110692,44.36203526681602],[20.7807499643442,44.36242772747644],[20.780884753094877,44.36258405288763],[20.781192565692088,44.36297274052412],[20.78122477389864,44.3630160045952],[20.7807499643442,44.362427727476515],[20.780447062110728,44.36203526681607],[20.78013751719156,44.36164162305876],[20.780108290601255,44.36160316207517]],[[20.781423517346987,44.36328261712401],[20.78144880002433,44.36332889119536],[20.78122477389864,44.3630160045952],[20.781423517346987,44.36328261712401]],[[20.781703410688387,44.3637593670127],[20.7818037524495,44.36392267386248],[20.78162886608537,44.363652992621354],[20.781703410688387,44.3637593670127]],[[20.78186989837135,44.36403032851888],[20.78186989837135,44.364030328518844],[20.781921860432107,44.36416037695805],[20.78186989837135,44.36403032851888]],[[20.78218335859508,44.36469100453024],[20.782233777510676,44.36490290181677],[20.782182654217138,44.36468804097497],[20.78218335859508,44.36469100453024]],[[20.78231761030867,44.36513473582434],[20.78235688006018,44.365271878676516],[20.782233777510676,44.36490290181677],[20.78231761030867,44.36513473582434]],[[20.78220023907424,44.366102536797705],[20.782378605317955,44.36619700688099],[20.7825414689446,44.36628327521367],[20.78220023907424,44.366102536797705]],[[20.782840349969096,44.36642022753629],[20.78329683600663,44.36660879277089],[20.783783129468016,44.36674055386096],[20.782840349969096,44.36642022753629]],[[20.78389591999287,44.3667692489685],[20.784112291475164,44.36680282580468],[20.78414560556315,44.36671630130395],[20.784180835686918,44.36663088687227],[20.784195356434886,44.36659569395178],[20.784257446934888,44.36639738129921],[20.78428866409798,44.36629767610366],[20.784409054437877,44.365970185077224],[20.78389591999287,44.3667692489685]],[[20.784409054437877,44.365970185077224],[20.78456298891038,44.36559541346966],[20.78477713971498,44.365153337560535],[20.784409054437877,44.365970185077224]],[[20.78486577075575,44.365001120920724],[20.784865770755726,44.36500112092065],[20.785092837730353,44.36428052609686],[20.78486577075575,44.365001120920724]],[[20.785155755986583,44.36416360724058],[20.785155755986583,44.36416360724051],[20.78524824323816,44.364123140123915],[20.785155755986583,44.36416360724058]],[[20.78562255772988,44.36410596252216],[20.785622557729834,44.36410596252208],[20.785792527562432,44.364111233905696],[20.78562255772988,44.36410596252216]],[[20.786265258592334,44.36412075055028],[20.78633977016083,44.36412059915434],[20.786110299277937,44.36412107899295],[20.786265258592334,44.36412075055028]],[[20.78658631655039,44.364128951993976],[20.78695865181644,44.36416133379067],[20.787064867186796,44.36418204728129],[20.78658631655039,44.364128951993976]],[[20.787111581471713,44.36418967767787],[20.787377957208736,44.364227803156],[20.78743389379238,44.36423321539242],[20.787515921425022,44.36426471351868],[20.787111581471713,44.36418967767787]],[[20.787515921425022,44.36426471351868],[20.787817453106918,44.36433201996946],[20.788001014710684,44.36432911344319],[20.787515921425022,44.36426471351868]],[[20.78977014662469,44.36363402842398],[20.788547014268495,44.364052526386416],[20.78882062283444,44.36391855305682],[20.789357685119473,44.36371808968616],[20.789743639252485,44.363601687014494],[20.78977014662469,44.36363402842398]],[[20.789894822469524,44.36377720008411],[20.789895741043573,44.36377853509765],[20.78986644132979,44.36374589869726],[20.789894822469524,44.36377720008411]],[[20.790015195126564,44.36393771594606],[20.79002285181525,44.36394708455029],[20.78998786698716,44.36390486604083],[20.790015195126564,44.36393771594606]],[[20.79040143000463,44.36444937052429],[20.79020845431211,44.36417099762161],[20.790401430004607,44.364449370524234],[20.79050574847919,44.364567069058836],[20.79040143000463,44.36444937052429]],[[20.790518644415332,44.36458161893962],[20.790598958938812,44.36464719680659],[20.79050574847919,44.364567069058836],[20.790518644415332,44.36458161893962]],[[20.790985492711407,44.36496740707511],[20.790996444601067,44.36496049665862],[20.790982360729235,44.364969381988885],[20.790985492711407,44.36496740707511]],[[20.791720099456054,44.364912823023744],[20.79135597354821,44.36475422426886],[20.79153425892175,44.364795935358806],[20.791720099456054,44.364912823023744]],[[20.79211905171695,44.365301470184825],[20.792152044354395,44.365361260428024],[20.792156858908932,44.365368739268426],[20.79211905171695,44.365301470184825]],[[20.792449463477798,44.365723439025125],[20.792449714957034,44.365723304438106],[20.792401497284203,44.365748833751574],[20.792449463477798,44.365723439025125]],[[20.792449714957034,44.365723304438106],[20.792843108844423,44.36551631377106],[20.792844214058448,44.365515730584995],[20.792963485807046,44.3654533512577],[20.792449714957034,44.365723304438106]],[[20.792963485807046,44.3654533512577],[20.79340011652973,44.36519805797412],[20.793400890107826,44.365198732272],[20.792963485807046,44.3654533512577]],[[20.794511351436054,44.36666172495263],[20.794511388866706,44.36666178804048],[20.794505059835572,44.366649890003345],[20.794511351436054,44.36666172495263]],[[20.794573228610087,44.36677809286261],[20.7946808184115,44.36698683282671],[20.79469207639523,44.36700869954434],[20.794573228610087,44.36677809286261]],[[20.795933742476443,44.36712005896384],[20.79481909197289,44.36718313263961],[20.794929557605215,44.367174919578034],[20.79526790656457,44.36714977004324],[20.795933742476443,44.36712005896384]],[[20.79592665017318,44.36708463867936],[20.7959037989187,44.36697056216181],[20.795933742476443,44.36712005896384],[20.79592665017318,44.36708463867936]],[[20.796787083390903,44.36667286625817],[20.795968873389235,44.366909400095516],[20.795968948753984,44.36690938222428],[20.796170619565984,44.36686737719504],[20.79645776478933,44.366772470796356],[20.796787083390903,44.36667286625817]],[[20.798539299428455,44.365362982887575],[20.797099078264583,44.36656433870547],[20.79711963007618,44.36654599483146],[20.79746519557611,44.36595129930925],[20.797582129067607,44.36580470301643],[20.797621442780613,44.36575544832623],[20.79795644892913,44.36549411013698],[20.79825958421357,44.365379603780156],[20.798539299428455,44.365362982887575]],[[20.79865041093215,44.36541420651015],[20.798843378992416,44.36548654023025],[20.798872637296718,44.36551584227162],[20.79865041093215,44.36541420651015]],[[20.79911839400898,44.3658560308995],[20.799247928413862,44.366050501333326],[20.799248340479444,44.366051114256685],[20.799247928413912,44.36605050133341],[20.79911839400898,44.365856030899565],[20.799075852085043,44.36579228302732],[20.79911839400898,44.3658560308995]],[[20.79925061463074,44.36605367418514],[20.799358329939636,44.36617460892695],[20.79947116026864,44.3662575834747],[20.79925061463074,44.36605367418514]],[[20.799520701919917,44.366295111980136],[20.799601329222078,44.366356698405795],[20.799616384304016,44.36636819905028],[20.79960125410469,44.36635664425649],[20.799520701919917,44.366295111980136]],[[20.799953015569493,44.36662564715201],[20.80009426465646,44.36673462998949],[20.799616384304016,44.36636819905028],[20.799953015569493,44.36662564715201]],[[20.800214410880862,44.36682998855555],[20.800269871580543,44.366880266334924],[20.800200317230424,44.3668172055696],[20.800214410880862,44.36682998855555]],[[20.80042844431375,44.36723619362306],[20.80042836072493,44.36723398811986],[20.80042836072493,44.367233988119835],[20.80042844431375,44.36723619362306]],[[20.798809667644655,44.37000788201874],[20.79912008398597,44.37012402407649],[20.79912016714975,44.370124057408866],[20.799120083986004,44.37012402407657],[20.798857149207635,44.37002564918164],[20.798809667644655,44.37000788201874]],[[20.798931313770176,44.3712806709405],[20.79886799357245,44.37108291203205],[20.798867993572447,44.37108291203203],[20.798931313770176,44.3712806709405]],[[20.799109088866842,44.37165746607269],[20.799109088866857,44.37165746607275],[20.798931313770176,44.3712806709405],[20.799109088866842,44.37165746607269]],[[20.799784694363154,44.372128623610095],[20.8002043513539,44.37214145114017],[20.799230536168796,44.3721418998522],[20.799784694363154,44.372128623610095]],[[20.800328013842726,44.372144217002734],[20.800410562966665,44.37231977685747],[20.80041769501767,44.37231823181428],[20.800661515901794,44.37226543411593],[20.800661591271997,44.3722654162416],[20.800328013842726,44.372144217002734]],[[20.800983791112426,44.37219564095993],[20.80116224816786,44.37244903641587],[20.800910810355013,44.37221144804857],[20.800983791112426,44.37219564095993]],[[20.80148506367264,44.37339616204218],[20.80153045324732,44.37359361907974],[20.801471113113468,44.37333560689954],[20.80148506367264,44.37339616204218]],[[20.80157169155579,44.37371915447963],[20.801665904538403,44.373773948392895],[20.80156517152252,44.373699302604116],[20.80157169155579,44.37371915447963]],[[20.802410637384508,44.37489125708677],[20.802581575027574,44.37507101316093],[20.802289458628305,44.37475153094701],[20.802410637384508,44.37489125708677]],[[20.800413111516384,44.37546752155013],[20.799932474355405,44.37536437069514],[20.799817446627983,44.375332985974694],[20.800413111516384,44.37546752155013]],[[20.79895980250992,44.3750605232788],[20.79892050484998,44.375045455831845],[20.798982540725035,44.37506924155105],[20.79895980250992,44.3750605232788]],[[20.79739213714496,44.37421880529073],[20.79710181386341,44.373999462954075],[20.796894856840822,44.37382737621475],[20.79739213714496,44.37421880529073]],[[20.796634968604042,44.37357617266358],[20.796562157921226,44.37349904357634],[20.796689077576804,44.373628320310004],[20.796634968604042,44.37357617266358]],[[20.796168007294877,44.37304280424873],[20.796041558216494,44.37288732590874],[20.796270209695194,44.37316842227356],[20.796168007294877,44.37304280424873]],[[20.795883370646667,44.37269308986691],[20.795711965691282,44.37248247465866],[20.795983705656226,44.372816211174055],[20.795883370646667,44.37269308986691]],[[20.795218010658086,44.37198782205169],[20.79521228501934,44.37198436969459],[20.795301841376396,44.372052731522714],[20.795218010658086,44.37198782205169]],[[20.794002382841125,44.37157962362175],[20.79464712582261,44.371687017916585],[20.794292728518542,44.371628614797814],[20.794002382841125,44.37157962362175]],[[20.783631770136562,44.37398304435563],[20.78314030186306,44.373928251497205],[20.78364576523207,44.37398460497263],[20.783631770136562,44.37398304435563]],[[20.781142834872913,44.373764992024064],[20.781142834872917,44.373764992024064],[20.781143180817747,44.373764993165096],[20.781142834872913,44.373764992024064]],[[20.77356844160155,44.37549666955724],[20.77356712898005,44.37549665088851],[20.77356876792382,44.375496679207046],[20.77356844160155,44.37549666955724]],[[20.772644350924526,44.375448349219745],[20.772624863107225,44.37544631083616],[20.772657349856882,44.375449546384296],[20.772644350924526,44.375448349219745]],[[20.77174095303784,44.37535379228165],[20.77172827971875,44.37535244726008],[20.77176103535087,44.37535589368335],[20.77174095303784,44.37535379228165]],[[20.76948717096265,44.38447969394077],[20.76931530776173,44.38445856378494],[20.769521254853757,44.384481594042356],[20.76948717096265,44.38447969394077]],[[20.761558014476833,44.38685457774137],[20.761389966676685,44.38680091166949],[20.76155801447685,44.38685457774136],[20.761558014476833,44.38685457774137]],[[20.759732907691692,44.38943577845624],[20.759738738981262,44.38943855527488],[20.759732769842767,44.38943571514608],[20.759732907691692,44.38943577845624]],[[20.759822017389983,44.38947815791358],[20.75982201738996,44.38947815791362],[20.75982004040235,44.389477215389405],[20.759822017389983,44.38947815791358]],[[20.759608455735847,44.39001684409943],[20.75960845573584,44.39001684409944],[20.75959990037739,44.38999095236873],[20.759608455735847,44.39001684409943]],[[20.757587871066328,44.392559319224766],[20.757586044746365,44.39255671334094],[20.75758604474637,44.39255671334094],[20.757587871066328,44.392559319224766]],[[20.7577609986095,44.39280156329397],[20.75779975131447,44.392840552345646],[20.757750872514404,44.392791380944544],[20.7577609986095,44.39280156329397]],[[20.75824193262259,44.39318320533747],[20.758241932622585,44.39318320533748],[20.75809454430001,44.39307119535102],[20.75824193262259,44.39318320533747]],[[20.74933420796237,44.39939473621118],[20.749326463085847,44.39938843700782],[20.749326463085854,44.39938843700782],[20.74933420796237,44.39939473621118]],[[20.749501885601887,44.39963460306104],[20.749405617968044,44.39961424166383],[20.749405617968115,44.39961424166377],[20.749501885601887,44.39963460306104]],[[20.749575196754215,44.39965973869013],[20.74984460481685,44.399783992176616],[20.74955237091837,44.39964811502806],[20.749575196754215,44.39965973869013]],[[20.750384952768712,44.400081231774834],[20.750839475763318,44.40021222267229],[20.75150570869725,44.40009744330451],[20.750384952768712,44.400081231774834]],[[20.752143146785922,44.40002498580476],[20.752143146785947,44.40002498580477],[20.75154765502121,44.40010299749621],[20.752143146785922,44.40002498580476]],[[20.752858847236364,44.400393015704324],[20.753224391938627,44.40056473820886],[20.7527291677189,44.40031818354192],[20.752858847236364,44.400393015704324]],[[20.753599728257402,44.40067494151726],[20.753670077003573,44.40070051736673],[20.753224391938627,44.40056473820886],[20.753599728257402,44.40067494151726]],[[20.753883519736828,44.40077811499453],[20.753883519736835,44.40077811499459],[20.753670077003573,44.40070051736673],[20.753883519736828,44.40077811499453]],[[20.75376947888145,44.40158877329673],[20.753769478881427,44.40158877329677],[20.753695354603746,44.40152297804099],[20.75376947888145,44.40158877329673]],[[20.753754153259152,44.402056412453646],[20.75375415325914,44.40205641245366],[20.7537405265936,44.402032705082355],[20.753754153259152,44.402056412453646]],[[20.75358896999095,44.40232407711202],[20.753588969990933,44.40232407711207],[20.753546901371806,44.4022549385489],[20.75358896999095,44.40232407711202]],[[20.75360977310292,44.40251838234025],[20.753609773102898,44.402518382340304],[20.753515238367903,44.40237664784506],[20.75360977310292,44.40251838234025]],[[20.753300939973432,44.403064990335],[20.753454001095932,44.40328099446705],[20.753300190984287,44.40306393643032],[20.753300939973432,44.403064990335]],[[20.753454001095932,44.40328099446705],[20.75353937943513,44.4034664505758],[20.75353970559891,44.40347251651275],[20.753454001095932,44.40328099446705]],[[20.753847847959456,44.40352758712121],[20.753847847959427,44.40352758712121],[20.754131640479113,44.40348188758639],[20.753847847959456,44.40352758712121]],[[20.754310243923047,44.40350205480195],[20.754348697727465,44.40350640105281],[20.754146912048103,44.40348361199336],[20.754310243923047,44.40350205480195]],[[20.75505761483767,44.4035263363567],[20.754625054186157,44.40352411783178],[20.754700414318158,44.40352942843757],[20.7547883426826,44.403534765075364],[20.75487032758537,44.403532196975256],[20.75505476497638,44.403526429276795],[20.75505761483767,44.4035263363567]],[[20.755215299212878,44.40402202034578],[20.75525591274031,44.40418293551828],[20.755061234355534,44.403537720144115],[20.755215299212878,44.40402202034578]],[[20.755379573631753,44.404506441195664],[20.755391081027817,44.40453186597763],[20.755343431105395,44.40442657790385],[20.755379573631753,44.404506441195664]],[[20.755607093668242,44.40520011029863],[20.755611434353877,44.405210476853775],[20.755569913582825,44.405076515909506],[20.755607093668242,44.40520011029863]],[[20.755801545141136,44.405684965923605],[20.755812413556193,44.405713289045615],[20.75577328548227,44.40561131247504],[20.755801545141136,44.405684965923605]],[[20.75555057273725,44.406276878861114],[20.755552851994025,44.406286438578675],[20.7554875627372,44.40610240913611],[20.75555057273725,44.406276878861114]],[[20.75562332181489,44.40648354846156],[20.75574725579279,44.40683312657475],[20.75574928870682,44.40683955716636],[20.75562332181489,44.40648354846156]],[[20.75596564350606,44.407473028960105],[20.75601643133608,44.407610197943754],[20.755929367776673,44.40736284228586],[20.75596564350606,44.407473028960105]],[[20.75608266586247,44.408136191314846],[20.75609255630075,44.408169568828164],[20.75611796640348,44.40823482931459],[20.75608266586247,44.408136191314846]],[[20.75744417066284,44.40848489675252],[20.75779464072622,44.408517055036874],[20.758047081050115,44.40854021874271],[20.757500766696072,44.40849009363612],[20.75744417066284,44.40848489675252]],[[20.758013558585354,44.40883607357955],[20.758013659792006,44.408839369415674],[20.75801035917885,44.40874085704359],[20.758013558585354,44.40883607357955]],[[20.758993241973,44.41113604368862],[20.75900267121345,44.41115151608823],[20.75896985787336,44.41109691912243],[20.758993241973,44.41113604368862]],[[20.759297357455075,44.41158008917733],[20.759305339643436,44.4115931544862],[20.759278782917782,44.411549665391796],[20.759297357455075,44.41158008917733]],[[20.75957067484126,44.41195001780631],[20.759605481788686,44.41199682039176],[20.759305528148957,44.41159346303352],[20.75957067484126,44.41195001780631]],[[20.759664565128634,44.41203683367886],[20.759664565128542,44.412036833678876],[20.759640471339633,44.41202051932102],[20.759664565128634,44.41203683367886]],[[20.76009390052017,44.41285475706782],[20.75970770459671,44.412911838126824],[20.759743539433607,44.41290654060428],[20.75995519645271,44.41287525414886],[20.76008174991523,44.41285655012332],[20.76009390052017,44.41285475706782]],[[20.760298392215326,44.4133389736729],[20.76031792774791,44.4134047955876],[20.76018812293051,44.41308398304709],[20.760298392215326,44.4133389736729]],[[20.760337355798132,44.41347028733358],[20.760355022178018,44.41352069259865],[20.76033335070632,44.413456781279756],[20.760337355798132,44.41347028733358]],[[20.760390603231112,44.41362222316965],[20.760738909035407,44.41361395764569],[20.760989766774944,44.41360577438172],[20.760390603231112,44.41362222316965]],[[20.761027972952945,44.41360427071995],[20.76108041317105,44.41360506694754],[20.760989766774944,44.41360577438172],[20.761027972952945,44.41360427071995]],[[20.7611267069663,44.41360576555391],[20.761600637129686,44.41359777985818],[20.7618071398695,44.41359303853547],[20.7611267069663,44.41360576555391]],[[20.761817292853756,44.41464167238518],[20.761817292853756,44.4146416723852],[20.76180959951879,44.414323861962025],[20.761817292853756,44.41464167238518]],[[20.761821572326227,44.4149183092328],[20.761821572326227,44.414918309232846],[20.76181683952718,44.414754902108115],[20.761821572326227,44.4149183092328]],[[20.761725997782122,44.41547510819107],[20.761725989973897,44.415473937804286],[20.761725989973897,44.41547393780428],[20.761725997782122,44.41547510819107]],[[20.761757252664857,44.41573905683505],[20.76184100539614,44.415894915980594],[20.761871392995285,44.415948343783676],[20.761757252664857,44.41573905683505]],[[20.76220025775337,44.41661308533942],[20.762209358243055,44.416632472180346],[20.762159299780446,44.41652584923193],[20.76220025775337,44.41661308533942]],[[20.76230467400102,44.416831124799614],[20.762347044252024,44.41691931403442],[20.762268179893134,44.41675517172131],[20.76230467400102,44.416831124799614]],[[20.762623890852666,44.41751737531996],[20.762656494985226,44.4175859790493],[20.76255857082527,44.41737990561568],[20.762623890852666,44.41751737531996]],[[20.76327402611052,44.41940399884326],[20.763289397024128,44.41960346080478],[20.76325469112824,44.419333674986895],[20.76327402611052,44.41940399884326]],[[20.763667426503172,44.42071340108952],[20.763417113170515,44.419941792099344],[20.763536147580208,44.420312957532886],[20.763667426503172,44.42071340108952]],[[20.764222540655528,44.422133731134885],[20.764214869013163,44.42211836171845],[20.764214869013145,44.422118361718404],[20.764222540655528,44.422133731134885]],[[20.764516372896864,44.4226066594366],[20.764532985947437,44.42263375733489],[20.76443778106688,44.42256955779361],[20.764516372896864,44.4226066594366]],[[20.764860533298236,44.4232069863341],[20.764716176435382,44.422932614748184],[20.764826338705305,44.423141993765746],[20.764860533298236,44.4232069863341]],[[20.765049477560513,44.4235578133203],[20.765078016520352,44.42360503698788],[20.76495192890105,44.42339635904311],[20.765049477560513,44.4235578133203]],[[20.765222393772493,44.423871694495226],[20.76523643607511,44.423894144505404],[20.765186055512206,44.42379281796129],[20.765222393772493,44.423871694495226]],[[20.76536506566604,44.42411904262086],[20.76545416871591,44.42429035784798],[20.765530663881297,44.42448723498193],[20.76536506566604,44.42411904262086]],[[20.76561156705345,44.424901875397524],[20.765621646265956,44.424946783057116],[20.765609952839824,44.42488277960068],[20.76561156705345,44.424901875397524]],[[20.76577797174711,44.42550698400987],[20.7657779717471,44.42550698400989],[20.765747891023956,44.42539497207029],[20.76577797174711,44.42550698400987]],[[20.765730798393818,44.42563169896613],[20.765766363842207,44.425719267753905],[20.765808897014335,44.425862178634155],[20.76588892092253,44.426063068070036],[20.765808897014335,44.42586217863424],[20.765730798393818,44.42563169896613]],[[20.765929856401588,44.42632802226436],[20.765918462877174,44.42631275378891],[20.765918462877153,44.42631275378885],[20.765929856401588,44.42632802226436]],[[20.766049272163546,44.42648052760879],[20.7661811054803,44.42664656582357],[20.7660019888747,44.42642097620496],[20.766049272163546,44.42648052760879]],[[20.7664322696285,44.42670112550491],[20.766929065223625,44.42684754866159],[20.7661811054803,44.42664656582357],[20.7664322696285,44.42670112550491]],[[20.767093042748396,44.42689774173125],[20.767206645799092,44.42693251148859],[20.766929065223625,44.42684754866159],[20.767093042748396,44.42689774173125]],[[20.76722846211528,44.42881556499669],[20.76710318868929,44.429170449643514],[20.7672182666097,44.42898936634901],[20.767222424756763,44.42898283156683],[20.76722846211528,44.42881556499669]],[[20.76722846211528,44.42881556499669],[20.767437751715356,44.42809414529225],[20.76748468237032,44.42803119131164],[20.76722846211528,44.42881556499669]],[[20.76757129845267,44.427920705701794],[20.767661528949862,44.42780508765996],[20.76766152894989,44.42780508765997],[20.76757129845267,44.427920705701794]],[[20.76849642548558,44.42801146406524],[20.769019434973714,44.42815786638413],[20.769584317329404,44.42834944868048],[20.76989146208816,44.42843685064626],[20.770167265016486,44.42851534074251],[20.769584317329404,44.42834944868054],[20.76901943497374,44.42815786638421],[20.76849642548558,44.42801146406524]],[[20.769277073313575,44.430091310720876],[20.76927707331355,44.430091310720876],[20.769114348549273,44.43005136757041],[20.769277073313575,44.430091310720876]],[[20.76744360350917,44.43075639807396],[20.766826303678652,44.430648331835684],[20.76763093857695,44.43078514454406],[20.76744360350917,44.43075639807396]],[[20.765433224434844,44.43121213716348],[20.76559541951271,44.43118134016464],[20.765951271688188,44.43122318399611],[20.76656851815041,44.431300633532956],[20.76779797487853,44.43144704250092],[20.768138469378393,44.431492181390105],[20.765433224434844,44.43121213716348]],[[20.768174237152678,44.43149692360558],[20.768559041690487,44.43154299438118],[20.768674624476752,44.431554242927646],[20.768174237152678,44.43149692360558]],[[20.768934541679663,44.43158699087723],[20.769182514096638,44.43161666211712],[20.769287941227113,44.43162588694341],[20.768934541679663,44.43158699087723]],[[20.769573903983716,44.431652581390296],[20.7695739039837,44.43165258139034],[20.769536804562254,44.431647672023864],[20.769573903983716,44.431652581390296]],[[20.76837829317006,44.43409966118668],[20.76844473946417,44.434113730476724],[20.76870706129638,44.43416925300268],[20.768444739464215,44.4341137304768],[20.76837829317006,44.43409966118668]],[[20.767952761847667,44.43632120560307],[20.76795276184762,44.43632120560307],[20.76794994601077,44.436320310809506],[20.767952761847667,44.43632120560307]],[[20.767900314747198,44.436399493777074],[20.767854267405063,44.436394853775354],[20.7679003147472,44.43639949377707],[20.767900314747198,44.436399493777074]],[[20.76448820068878,44.440751025512895],[20.76423373071018,44.44066344155503],[20.76423373071023,44.44066344155496],[20.76448820068878,44.440751025512895]],[[20.764525269451667,44.440768024522555],[20.764813420480152,44.440875020624496],[20.76448820068878,44.440751025512895],[20.764525269451667,44.440768024522555]],[[20.76549415218734,44.44070408936206],[20.765114769819693,44.4409703790985],[20.765451845339765,44.440734892038115],[20.76549415218734,44.44070408936206]],[[20.765710293805807,44.44066893040223],[20.765710293805842,44.44066893040223],[20.765528003716284,44.44067943443825],[20.765710293805807,44.44066893040223]],[[20.765938081650802,44.44067906823481],[20.76606929182678,44.4406873733155],[20.76571811176999,44.44066927834535],[20.765938081650802,44.44067906823481]],[[20.766262017632688,44.44069424772172],[20.76635530519684,44.44057232805884],[20.766164196442787,44.44069404570115],[20.766262017632688,44.44069424772172]],[[20.766574935769658,44.440398851806364],[20.766599052573437,44.44038059477329],[20.766517821201987,44.440442090809114],[20.766574935769658,44.440398851806364]],[[20.766689910176893,44.44045090599592],[20.766793310816176,44.44057827196253],[20.766633660525198,44.440407379972704],[20.766689910176893,44.44045090599592]],[[20.766870827708868,44.44067410037562],[20.766886569251838,44.44069358089766],[20.766859122126377,44.440659614842865],[20.766870827708868,44.44067410037562]],[[20.767007620177058,44.44076953740328],[20.76701098162895,44.44076764556729],[20.7669904513796,44.440769164311234],[20.767007620177058,44.44076953740328]],[[20.768702245578247,44.439365694474155],[20.767576042226136,44.44040437020372],[20.76779932303469,44.440267001193774],[20.76803154874874,44.43999906772547],[20.768702245578247,44.439365694474155]],[[20.768712539534523,44.439318570288194],[20.768858311352098,44.439234594539535],[20.768702245578247,44.439365694474155],[20.768712539534523,44.439318570288194]],[[20.769225560054785,44.438875901603105],[20.769623747021882,44.438451124390056],[20.769876117168977,44.43820378564079],[20.769623747021882,44.438451124390134],[20.769477980016724,44.43861646767185],[20.769225560054785,44.438875901603105]],[[20.769876117168977,44.43820378564079],[20.770213148135355,44.4378828674113],[20.770539470983923,44.43756222285026],[20.769876117168977,44.43820378564079]],[[20.770665400580324,44.437438862599606],[20.77066672038961,44.43743200690426],[20.770592569890507,44.437510045656374],[20.770665400580324,44.437438862599606]],[[20.770674000670194,44.43739414667423],[20.770674000670223,44.43739414667425],[20.770671590483225,44.437406706165255],[20.770674000670194,44.43739414667423]],[[20.77068507977399,44.43740408732019],[20.77106256551177,44.43774275624493],[20.770678950318764,44.4373985877107],[20.77068507977399,44.43740408732019]],[[20.771360141045566,44.4380097249013],[20.77151988650992,44.43815755118137],[20.77106256551177,44.43774275624493],[20.771360141045566,44.4380097249013]],[[20.77188470933775,44.438514949377954],[20.771888640719293,44.43851919975293],[20.77151988650992,44.43815755118137],[20.77188470933775,44.438514949377954]],[[20.77212030209965,44.43875549792097],[20.772614298884438,44.4392466745886],[20.772689972377744,44.43931694992357],[20.772614298884438,44.43924667458865],[20.77212030209965,44.43875549792097]],[[20.77058571026912,44.44083491520433],[20.77009567756155,44.440638911594355],[20.770095677561617,44.44063891159433],[20.77058571026912,44.44083491520433]],[[20.77254307716792,44.44169056377027],[20.772628441946143,44.44174023658001],[20.77215002541027,44.44150203766445],[20.77254307716792,44.44169056377027]],[[20.773125254383658,44.440880754804816],[20.77284648061457,44.44129839298128],[20.7728539128844,44.441283339758755],[20.773125254383658,44.440880754804816]],[[20.773352433483314,44.44083859461919],[20.773401839264235,44.44082943055272],[20.773125254383658,44.440880754804816],[20.773352433483314,44.44083859461919]],[[20.773858221047426,44.4408468678987],[20.774523295112356,44.44082860781784],[20.774543614803918,44.4408269644025],[20.773858221047426,44.4408468678987]],[[20.77483645033992,44.44082989808243],[20.774912162528107,44.44082062316706],[20.774618523208567,44.440827714525554],[20.77483645033992,44.44082989808243]],[[20.77815756972456,44.440527550814146],[20.775297234358526,44.44079308912467],[20.77656866294661,44.440741443092435],[20.776570812102253,44.44074135726834],[20.777212818975727,44.44064123245463],[20.77815756972456,44.440527550814146]],[[20.779159441456457,44.44039250460811],[20.779411802192843,44.44036731173868],[20.77878639718802,44.44042975028984],[20.779159441456457,44.44039250460811]],[[20.779313049663433,44.44152266325025],[20.779312131494848,44.44151989579519],[20.779312131494873,44.44151989579518],[20.779313049663433,44.44152266325025]],[[20.77963385367266,44.442485878249066],[20.779633853672653,44.44248587824909],[20.779615518113946,44.44243122387874],[20.77963385367266,44.442485878249066]],[[20.777867600740276,44.442625901388446],[20.77785361773654,44.44262039173649],[20.777867600740333,44.442625901388446],[20.777867600740276,44.442625901388446]],[[20.77659886062089,44.44235109198569],[20.776562280049983,44.4423406198667],[20.776598860620908,44.44235109198569],[20.77659886062089,44.44235109198569]],[[20.775341375089592,44.44332807071826],[20.77534523235411,44.443373083963074],[20.775316421972676,44.44303671600804],[20.775341375089592,44.44332807071826]],[[20.776033314152375,44.44351270962855],[20.775357360253498,44.44351461330365],[20.77535736025349,44.443514613303556],[20.776033314152375,44.44351270962855]],[[20.776578756391554,44.443822374239886],[20.776578756391554,44.4438223742398],[20.7775988291133,44.44388554627411],[20.776578756391554,44.443822374239886]],[[20.77760874165807,44.4438856105887],[20.777909464755755,44.44382845261521],[20.77824949503358,44.44375873292923],[20.77760874165807,44.4438856105887]],[[20.778600171700777,44.443782368560036],[20.778722997174473,44.443790264360764],[20.778573865462228,44.44378100681858],[20.778600171700777,44.443782368560036]],[[20.77880489154953,44.443791691479454],[20.779115882858576,44.443814804296274],[20.778722997174473,44.443790264360764],[20.77880489154953,44.443791691479454]],[[20.779719261278263,44.4440115740387],[20.77981336105861,44.44404399057616],[20.77961682050518,44.44397614864857],[20.779719261278263,44.4440115740387]],[[20.7809950677326,44.444234681649114],[20.78113028690672,44.4442617322859],[20.78089360147923,44.44422938606392],[20.7809950677326,44.444234681649114]],[[20.7813509215284,44.444302967272314],[20.781518157221022,44.444338997812764],[20.78113028690672,44.4442617322859],[20.7813509215284,44.444302967272314]],[[20.781518157221022,44.444338997812764],[20.78164102654029,44.44436961543986],[20.781727325514222,44.44439158828498],[20.781518157221022,44.444338997812764]],[[20.781758821062002,44.444399375156294],[20.78195045053253,44.44444058418692],[20.78215760390014,44.444758587613215],[20.781758821062002,44.444399375156294]],[[20.78276392154452,44.4456270707131],[20.782776857864526,44.445642772495475],[20.782755499399034,44.44561685217683],[20.78276392154452,44.4456270707131]],[[20.782808754878815,44.445690967842296],[20.782931599036118,44.44588509203366],[20.78279431066436,44.44566814053676],[20.782808754878815,44.445690967842296]],[[20.783562260917183,44.44656625698233],[20.78328890764884,44.44654012120056],[20.78328890764882,44.44654012120052],[20.783562260917183,44.44656625698233]],[[20.78371075008563,44.446580449390005],[20.783711925879572,44.44658313345648],[20.783562260917183,44.44656625698233],[20.78371075008563,44.446580449390005]],[[20.784000629749677,44.44767438370469],[20.78400060307976,44.447674151289156],[20.78400060307976,44.4476741512891],[20.784000629749677,44.44767438370469]],[[20.784491364583886,44.447888671723696],[20.784067637948656,44.447846470090205],[20.784067637948638,44.44784647009019],[20.784491364583886,44.447888671723696]],[[20.78503327994642,44.44791164965332],[20.785050302699442,44.44791207781275],[20.784624289555065,44.447901285261835],[20.78503327994642,44.44791164965332]],[[20.785050302699442,44.44791207781275],[20.78521566943643,44.44797489173206],[20.78532541073467,44.44830018006625],[20.785050302699442,44.44791207781275]],[[20.785660068602652,44.44833628684674],[20.785824251520875,44.44834765296482],[20.785339203281453,44.448341056245134],[20.785660068602652,44.44833628684674]],[[20.786031501181647,44.44850420934504],[20.786031501181697,44.448504209345124],[20.78598651413462,44.44851665515711],[20.786031501181647,44.44850420934504]],[[20.786527627149262,44.448712610756054],[20.786386098469833,44.44884113478824],[20.786467595032477,44.44874469435036],[20.786527627149262,44.448712610756054]],[[20.786702425107716,44.448711151157255],[20.786787277994783,44.448719354483124],[20.786702425107716,44.44871115115728],[20.786527627149262,44.448712610756054],[20.786702425107716,44.448711151157255]],[[20.78684658987547,44.44854417349418],[20.78706508686722,44.448538320490606],[20.787245921213277,44.44859141296834],[20.787306404803815,44.44843233632516],[20.787335541492038,44.448428726438934],[20.787245921213334,44.448591412968376],[20.78684658987547,44.44854417349424],[20.786787277994783,44.448719354483124],[20.78684658987547,44.44854417349418]],[[20.787398829216052,44.448420877679105],[20.78746360004275,44.44844151155259],[20.787335541492038,44.448428726438934],[20.787398829216052,44.448420877679105]],[[20.787555414077357,44.44890229716664],[20.787789648052797,44.448951255293544],[20.78779389056386,44.4489489494566],[20.787555414077357,44.44890229716664]],[[20.78803654162957,44.448839339005616],[20.78797698852991,44.448856627282346],[20.788004507380535,44.4488486406632],[20.78803654162957,44.448839339005616]],[[20.788040973104504,44.44884385583055],[20.788185747190823,44.44899124084105],[20.788038334546968,44.44884116645452],[20.788040973104504,44.44884385583055]],[[20.788308321079004,44.449079280553356],[20.78828400386449,44.44909126952188],[20.788284003864472,44.44909126952186],[20.788308321079004,44.449079280553356]],[[20.78831150599025,44.44912342447305],[20.78832433252837,44.44930135703026],[20.788310874388763,44.449114670268244],[20.78831150599025,44.44912342447305]],[[20.78833121355248,44.44930622949226],[20.789793147940586,44.449159512615815],[20.789760886406505,44.44889795886862],[20.790227126977484,44.448840926310254],[20.79023300093549,44.448398562981176],[20.78833121355248,44.44930622949226]],[[20.790222535906693,44.448090544496246],[20.790225088652203,44.44736291047607],[20.790231555029305,44.44835588975928],[20.790222535906693,44.448090544496246]],[[20.790474777956057,44.44713442305352],[20.790474777956057,44.44713442305344],[20.790600325306336,44.44714222978168],[20.790474777956057,44.44713442305352]],[[20.790603164116582,44.44714240630329],[20.790759252529337,44.4470646569707],[20.790885293005815,44.44712173148158],[20.790603164116582,44.44714240630329]],[[20.790910021625514,44.447271649079234],[20.790910021625514,44.44727164907919],[20.79091428775353,44.447273223375994],[20.790994316103863,44.4473028081021],[20.79111889087959,44.44736969902547],[20.791222358032574,44.447430773486374],[20.790910021625514,44.447271649079234]],[[20.79124589062303,44.44744036551733],[20.791242716186208,44.447442790471676],[20.791242716186197,44.44744279047167],[20.79124589062303,44.44744036551733]],[[20.791263690763188,44.44742680742072],[20.791360792915963,44.447510703674915],[20.791263690763188,44.44742680742075],[20.79124589062303,44.44744036551733],[20.791263690763188,44.44742680742072]],[[20.79147380641682,44.44757860841193],[20.791553894740517,44.44757668395328],[20.791360792915963,44.447510703674915],[20.79147380641682,44.44757860841193]],[[20.791721340497887,44.447412280476556],[20.791856785466983,44.44739583888686],[20.791934252331487,44.447526203736736],[20.791721340497887,44.447412280476556]],[[20.791942742075268,44.44757428065107],[20.791991043725464,44.44799847972729],[20.791995029565612,44.44805486346803],[20.791991043725464,44.447998479727325],[20.79195250349947,44.44767197881398],[20.791942742075268,44.44757428065107]],[[20.792098158817616,44.44935094010391],[20.79210065154342,44.44940768935812],[20.792065603769537,44.449029616005625],[20.792098158817616,44.44935094010391]],[[20.79211607936524,44.449729092003736],[20.792116209532328,44.44973003301872],[20.792115452606325,44.44972284003947],[20.79211607936524,44.449729092003736]],[[20.792215895880663,44.45006690911225],[20.792260920120786,44.45016515325981],[20.792185557844213,44.44998726407845],[20.792215895880663,44.45006690911225]],[[20.792390125133753,44.45044706109794],[20.79239672448763,44.45044607468289],[20.792337230474153,44.45033165533672],[20.792390125133753,44.45044706109794]],[[20.792702915368277,44.45040024569285],[20.792702915368285,44.450400245692855],[20.79239672448763,44.45044607468289],[20.792702915368277,44.45040024569285]],[[20.79389123451543,44.45029815911377],[20.794425595826198,44.4501526862333],[20.793418237335327,44.450431678546245],[20.79389123451543,44.45029815911377]],[[20.79659405138452,44.44964145994689],[20.7954833117805,44.44991512144428],[20.796070513197012,44.44978782567856],[20.79659405138452,44.44964145994689]],[[20.7971608581059,44.449498624832714],[20.797215018812064,44.449484931417295],[20.79659405138452,44.44964145994689],[20.7971608581059,44.449498624832714]],[[20.797802217326346,44.4493550438309],[20.798117431027116,44.4492978853676],[20.798532165441518,44.44920714922847],[20.79864861155643,44.449183960793455],[20.79811743102714,44.44929788536769],[20.797802217326346,44.44935504383093],[20.797215018812064,44.449484931417295],[20.797802217326346,44.4493550438309]],[[20.798807359016948,44.44938926214085],[20.798868217553824,44.4493713142134],[20.79876324850845,44.449276592746365],[20.798807359016948,44.44938926214085]],[[20.79887475816704,44.44936906602851],[20.799141355184503,44.449283623260094],[20.79926159681182,44.44924134143948],[20.799355122817218,44.44921176772894],[20.799447125353907,44.44919067820421],[20.79887475816704,44.44936906602851]],[[20.799255854653076,44.448303399095074],[20.79920998464958,44.44808453229517],[20.799404641041534,44.44899360039899],[20.799255854653076,44.448303399095074]],[[20.79918726203398,44.44797611228682],[20.799314480208125,44.44797336315648],[20.799187262033996,44.44797611228691],[20.79918726203398,44.44797611228682]],[[20.799314480208125,44.44797336315648],[20.800091890592704,44.44794050228352],[20.8000978845716,44.44787626879424],[20.799314480208125,44.44797336315648]],[[20.8000978845716,44.44787626879424],[20.800254836666657,44.446657629857796],[20.80028337826881,44.446549334646996],[20.8000978845716,44.44787626879424]],[[20.800501151125108,44.44660707027114],[20.80043478820006,44.446498610120464],[20.80049279124324,44.4465934020199],[20.800501151125108,44.44660707027114]],[[20.800483015438534,44.446729495742225],[20.800634128161718,44.446827580306],[20.800830306053626,44.4469215127576],[20.800483015438534,44.446729495742225]],[[20.801319277639433,44.44716189670188],[20.801285828906316,44.44696320340935],[20.8009543891602,44.44719632372088],[20.801319277639433,44.44716189670188]],[[20.801297904742892,44.44689843215607],[20.80140499421806,44.44680089209208],[20.801285828906316,44.44696320340935],[20.801297904742892,44.44689843215607]],[[20.801411474947066,44.44663519058856],[20.801500511608335,44.44661304181577],[20.80140499421806,44.44680089209208],[20.801411474947066,44.44663519058856]],[[20.802044612513402,44.44663627883316],[20.802231770879906,44.446537813498104],[20.802259958478473,44.44653148921687],[20.802093549942597,44.44663530040552],[20.802044612513402,44.44663627883316]],[[20.80227150663954,44.446534527910124],[20.802597843742173,44.44658836368993],[20.802741577119555,44.44659693963775],[20.80227150663954,44.446534527910124]],[[20.80274460647578,44.44659712038631],[20.802954106206027,44.446466821627745],[20.803064190602946,44.44635547936975],[20.80274460647578,44.44659712038631]],[[20.803039156790536,44.44630445063347],[20.803039156790575,44.44630445063349],[20.803049885233975,44.44632631941243],[20.803039156790536,44.44630445063347]],[[20.802785003928246,44.44603633175965],[20.802785003928246,44.446036331759615],[20.803012232962235,44.44592731280791],[20.802785003928246,44.44603633175965]],[[20.803324083076365,44.44560211129915],[20.80308910873904,44.44554611452417],[20.80324190159364,44.445524063481336],[20.803324083076365,44.44560211129915]],[[20.803380845125687,44.44565601826132],[20.803937232927698,44.44554649677064],[20.804212851488796,44.445599012953416],[20.803937232927755,44.44554649677072],[20.803748597654593,44.44564496238027],[20.803380845125687,44.44565601826132]],[[20.804103676032973,44.44588243387264],[20.804260634618295,44.445946439205144],[20.80413029356789,44.44590691402849],[20.804103676032973,44.44588243387264]],[[20.804519100778194,44.445804539426696],[20.80465119203657,44.44576652150813],[20.804651324883398,44.445763991947636],[20.80465119203657,44.44576652150822],[20.804519100778244,44.445804539426696],[20.8045129521447,44.44587144493904],[20.804519100778194,44.445804539426696]],[[20.804651324883398,44.445763991947636],[20.80479140892024,44.445509703283804],[20.804831881071554,44.44551277087017],[20.804651324883398,44.445763991947636]],[[20.80480333115598,44.44594417284108],[20.805162604007887,44.44580668955742],[20.80513775425545,44.445698302929266],[20.805258341118407,44.445550859010496],[20.80480333115598,44.44594417284108]],[[20.80523497349962,44.445439288833335],[20.80523418637529,44.44543928393303],[20.80525567317559,44.44553812074838],[20.80523497349962,44.445439288833335]],[[20.804986155913372,44.445424098787264],[20.804970552633698,44.4454093683182],[20.804990150140842,44.44542786739661],[20.804986155913372,44.445424098787264]],[[20.80524001198537,44.44525765505131],[20.805025337541885,44.44532112138407],[20.805073838156787,44.445292430302665],[20.80524001198537,44.44525765505131]],[[20.805471444015424,44.445221927486685],[20.805487301159893,44.445225506957236],[20.80524001198537,44.44525765505131],[20.805471444015424,44.445221927486685]],[[20.80580161665796,44.445365884189066],[20.805860844625784,44.445365983075675],[20.805626947609948,44.445277424422365],[20.80580161665796,44.445365884189066]],[[20.80607719064372,44.445433262129015],[20.806182485029932,44.4454291906253],[20.80597172753926,44.44539132182445],[20.80607719064372,44.445433262129015]],[[20.806234625957824,44.44535067921022],[20.806230520106926,44.445307049116515],[20.806182485029932,44.4454291906253],[20.806234625957824,44.44535067921022]],[[20.80619985024409,44.44510312502168],[20.80619985024409,44.44510312502162],[20.806247277841567,44.445110638198535],[20.80619985024409,44.44510312502168]],[[20.80698931675923,44.44536043762986],[20.807108001190628,44.44534151886765],[20.80714365574002,44.445318205094466],[20.80698931675923,44.44536043762986]],[[20.807126288039033,44.44518751987258],[20.807067261328406,44.44509926472432],[20.807137924881957,44.44527508260755],[20.807126288039033,44.44518751987258]],[[20.807150638926153,44.44499212180936],[20.807194173466005,44.444987342793056],[20.807067261328406,44.44509926472432],[20.807150638926153,44.44499212180936]],[[20.807217385865002,44.44498479006623],[20.807217385865012,44.444984790066236],[20.807194173466005,44.444987342793056],[20.807217385865002,44.44498479006623]],[[20.807232464303265,44.44499307402644],[20.807437748644524,44.445194762376246],[20.807511525223475,44.44527526556746],[20.807232464303265,44.44499307402644]],[[20.80739404628661,44.44538022838046],[20.807649027492126,44.44539765445599],[20.807703568248808,44.445217116209605],[20.80739404628661,44.44538022838046]],[[20.807700176536585,44.445166173155165],[20.8077923133806,44.44510472024785],[20.80770281046101,44.44520573201741],[20.807700176536585,44.445166173155165]],[[20.807931301014243,44.44522603996608],[20.807931301014232,44.44522603996616],[20.8077923133806,44.44510472024785],[20.807931301014243,44.44522603996608]],[[20.808164726587957,44.44548879106101],[20.80832943260268,44.44544976943051],[20.807985408093966,44.445457694760485],[20.808164726587957,44.44548879106101]],[[20.808515209500538,44.44531623544109],[20.80864062761665,44.44526590658831],[20.808446736747523,44.44539897793578],[20.808515209500538,44.44531623544109]],[[20.80864437630534,44.44526440129785],[20.808786756253507,44.445252954101456],[20.80882830519339,44.445270274326525],[20.80864437630534,44.44526440129785]],[[20.809162552426987,44.44550850509059],[20.809214482318684,44.44549903266542],[20.808849536933355,44.44555897446071],[20.809162552426987,44.44550850509059]],[[20.809328913241472,44.44541530320923],[20.809432850974357,44.44537192290319],[20.809214482318684,44.44549903266542],[20.809328913241472,44.44541530320923]],[[20.809455003509516,44.44539851903267],[20.809630336930883,44.4455081223807],[20.809438596318405,44.44537882071029],[20.809455003509516,44.44539851903267]],[[20.80982377207253,44.44553826835797],[20.80982901210172,44.44553804300959],[20.809660929541664,44.44552550126287],[20.80982377207253,44.44553826835797]],[[20.80991719415643,44.44553417364351],[20.80995284205078,44.445512991747314],[20.80982901210172,44.44553804300959],[20.80991719415643,44.44553417364351]],[[20.80994972320539,44.44550978245997],[20.809875928356046,44.44543394862337],[20.809950673172533,44.445510759974766],[20.80994972320539,44.44550978245997]],[[20.810142305097898,44.44515095567192],[20.809693894790634,44.44511502828235],[20.809961767558722,44.44509621728108],[20.810142305097898,44.44515095567192]],[[20.8104254665873,44.444990092136685],[20.81054569728798,44.445065314694624],[20.810253608695348,44.44512192382624],[20.8104254665873,44.444990092136685]],[[20.81028097794355,44.44543298489982],[20.81024439752312,44.445395432620444],[20.810244397523135,44.445395432620366],[20.81028097794355,44.44543298489982]],[[20.811026015846597,44.44526924335154],[20.811026015846597,44.44526924335148],[20.81113413661019,44.445074242285635],[20.811158260598006,44.44506565028373],[20.811026015846597,44.44526924335154]],[[20.81124737847056,44.44501600667792],[20.8112678601395,44.44498682552156],[20.811214864570807,44.44503984908714],[20.81124737847056,44.44501600667792]],[[20.811630049098582,44.44489845175257],[20.811222844747007,44.444859949327956],[20.811251600335947,44.444852696475614],[20.81151854122982,44.4448378586219],[20.811630049098582,44.44489845175257]],[[20.811673315852552,44.444831477952],[20.811636105677316,44.44474339042836],[20.81163047793987,44.444898459302635],[20.811673315852552,44.444831477952]],[[20.811389498898745,44.44461657723029],[20.81144161949448,44.444546290156396],[20.81168739770119,44.444481636857184],[20.811389498898745,44.44461657723029]],[[20.81198690567297,44.44442170432689],[20.81198690567291,44.44442170432686],[20.81188717723477,44.44431133137981],[20.81198690567297,44.44442170432689]],[[20.812123337575606,44.444066742023516],[20.8119566255679,44.44403460045099],[20.81203263495841,44.44403007921329],[20.812123337575606,44.444066742023516]],[[20.812161484652265,44.44410437167282],[20.812340428729932,44.444280872328726],[20.812123337575606,44.444066742023516],[20.812161484652265,44.44410437167282]],[[20.812402146834778,44.444292407493094],[20.812871177721526,44.444358739590996],[20.812974683869562,44.44445118877677],[20.81327465817829,44.44424321419703],[20.81331836002317,44.44425503494833],[20.812974683869562,44.444451188776846],[20.812402146834778,44.444292407493094]],[[20.813479042818916,44.44437631881601],[20.813591166926958,44.44437716536557],[20.813378723396156,44.44429800090247],[20.813479042818916,44.44437631881601]],[[20.813656381153546,44.4439742845779],[20.813748288475338,44.44392397645382],[20.813596274989553,44.44422712754019],[20.813656381153546,44.4439742845779]],[[20.814084161237872,44.44408915976302],[20.81419172420261,44.44406742376256],[20.813979501950904,44.44406708643486],[20.814084161237872,44.44408915976302]],[[20.814208495137642,44.44403956665213],[20.81420849513765,44.44403956665215],[20.81419172420261,44.44406742376256],[20.814208495137642,44.44403956665213]],[[20.814175693695184,44.44385892960243],[20.81429994200026,44.4438405408782],[20.814688726219284,44.444000383548115],[20.814175693695184,44.44385892960243]],[[20.81477778551297,44.44394818457204],[20.81477778551297,44.44394818457196],[20.814788424874266,44.443808118156944],[20.81477778551297,44.44394818457204]],[[20.814637367280124,44.443513106815914],[20.814637367280067,44.44351310681584],[20.81479321446679,44.443461564676895],[20.814637367280124,44.443513106815914]],[[20.815007490100257,44.443395515318095],[20.81500749010028,44.443395515318166],[20.81490068587329,44.44346837665936],[20.815007490100257,44.443395515318095]],[[20.815162470604168,44.44318262025597],[20.815031448356926,44.44314193873328],[20.815161067246063,44.44318131347814],[20.815162470604168,44.44318262025597]],[[20.815223902610366,44.44323984246524],[20.815292257932278,44.443312971193514],[20.815304309208404,44.443323683424616],[20.815292257932278,44.443312971193606],[20.81522390261039,44.443239842465324],[20.815162470604168,44.44318262025597],[20.815223902610366,44.44323984246524]],[[20.815436692029724,44.443339686426576],[20.815367104912198,44.44337948520785],[20.81536710491218,44.443379485207835],[20.815436692029724,44.443339686426576]],[[20.815631040445304,44.44314022710276],[20.815631040445247,44.44314022710276],[20.815549764553758,44.44305247155554],[20.815631040445304,44.44314022710276]],[[20.815285813751203,44.44299827933837],[20.81527870189169,44.442981434717204],[20.81532280135902,44.44302622084335],[20.815285813751203,44.44299827933837]],[[20.81536691045552,44.442689922416335],[20.815334376846025,44.4428757423203],[20.81540137985519,44.44278999264775],[20.81536691045552,44.442689922416335]],[[20.815291490494104,44.44266434465842],[20.81529149049412,44.44266434465842],[20.815299269112238,44.442665542081365],[20.815291490494104,44.44266434465842]],[[20.815080998310048,44.44270716173511],[20.815077261131556,44.44270687767644],[20.815080998310076,44.44270716173511],[20.815080998310048,44.44270716173511]],[[20.814948655694508,44.44265118580632],[20.814951784130102,44.44253833436911],[20.81494865569451,44.44265118580632],[20.814948655694508,44.44265118580632]],[[20.814968530378856,44.44251844278453],[20.815081766461823,44.44246085694304],[20.81532379014134,44.44241078146836],[20.81542010243428,44.442330030234324],[20.815323790141363,44.442410781468425],[20.814968530378856,44.44251844278453]],[[20.81541775909782,44.442290764770625],[20.81534292093216,44.44221828372926],[20.815399598934544,44.44217190374487],[20.815556193414835,44.44217746027656],[20.81571919083712,44.44220892170382],[20.81584674439222,44.44231800019395],[20.816019009800936,44.44235079774702],[20.81541775909782,44.442290764770625]],[[20.816019009800936,44.44235079774702],[20.81623413292317,44.44230930980243],[20.81619942321334,44.44216492768682],[20.816019009800936,44.44235079774702]],[[20.81629592611462,44.441804177847466],[20.815779521970725,44.441884505561276],[20.81578323654147,44.441877734237224],[20.815813881201617,44.44185653252528],[20.815848218359708,44.44184397675476],[20.816295926114563,44.44180417784743],[20.816317569915594,44.44169932091904],[20.81633023866793,44.441669477170514],[20.816332503489054,44.441664152049206],[20.81646614211995,44.441601295877184],[20.81629592611462,44.441804177847466]],[[20.816482969473505,44.4415548441074],[20.816482969473526,44.44155484410743],[20.81646614211995,44.441601295877184],[20.816482969473505,44.4415548441074]],[[20.816411047346687,44.44148702021552],[20.816345210964837,44.441451060662814],[20.816321846262312,44.441438075502575],[20.816393337584017,44.4414723855677],[20.816411047346687,44.44148702021552]],[[20.81624903432665,44.44139683510165],[20.816194475774168,44.44135124351349],[20.81625064637734,44.44139818606659],[20.81624903432665,44.44139683510165]],[[20.816412402198768,44.44129979722657],[20.816207582811657,44.44130545200326],[20.81634660586769,44.441301025669205],[20.816412402198708,44.44129979722657],[20.816447039349004,44.441185663045154],[20.816412402198768,44.44129979722657]],[[20.81640909470737,44.44117099590147],[20.816358240257237,44.44113440145049],[20.816413761525816,44.44117279981616],[20.81640909470737,44.44117099590147]],[[20.816337098976383,44.44108095108072],[20.8164344267726,44.44104350819984],[20.816358240257237,44.44113440145049],[20.816337098976383,44.44108095108072]],[[20.8164344267726,44.44104350819984],[20.816800723295678,44.440832059385976],[20.816817415570092,44.44071929173513],[20.8164344267726,44.44104350819984]],[[20.817084686602303,44.44053295133386],[20.817280155167946,44.44047408781215],[20.816817415570092,44.44071929173513],[20.817084686602303,44.44053295133386]],[[20.817280155167946,44.44047408781215],[20.817573492384682,44.44047947762683],[20.817653783508035,44.440489382562944],[20.817280155167946,44.44047408781215]],[[20.817970033970266,44.440500435019466],[20.818030488660057,44.44042595205514],[20.817832210828108,44.44055692310249],[20.817970033970266,44.440500435019466]],[[20.817995469521584,44.440342067476095],[20.817938964643318,44.440251382126476],[20.81801332319698,44.44038483403487],[20.817995469521584,44.440342067476095]],[[20.817903735735975,44.440235918555466],[20.81794366280697,44.44012442025281],[20.817938964643318,44.440251382126476],[20.817903735735975,44.440235918555466]],[[20.817982377072436,44.44012140299112],[20.818250591545397,44.439907943072704],[20.81825059154541,44.43990794307271],[20.817982377072436,44.44012140299112]],[[20.8182760510936,44.43991785606582],[20.818283215181033,44.43992063942961],[20.818254284366333,44.439909380918664],[20.8182760510936,44.43991785606582]],[[20.818484025492562,44.440028379387506],[20.818652506252153,44.4401447942694],[20.818283215181033,44.43992063942961],[20.818484025492562,44.440028379387506]],[[20.818787991040075,44.44023841509737],[20.818794764290967,44.440243095662865],[20.818728285760965,44.44019715774091],[20.818787991040075,44.44023841509737]],[[20.81880308464875,44.44024885169508],[20.818820987111845,44.4402612193481],[20.818798372712052,44.440245590213436],[20.81880308464875,44.44024885169508]],[[20.819274739701765,44.44057458424908],[20.81972754281671,44.4408014882345],[20.819979516077336,44.44092152670085],[20.819274739701765,44.44057458424908]],[[20.820222823197625,44.44088754528208],[20.820231784291856,44.440886289989635],[20.819979516077336,44.44092152670085],[20.820222823197625,44.44088754528208]],[[20.820591640170722,44.44087181119078],[20.820247404584393,44.44088492813995],[20.8205916401707,44.44087181119078],[20.820889329169162,44.44079278446507],[20.820992983620947,44.44078072024169],[20.82105034037535,44.44076159181559],[20.82146759509581,44.44064694215943],[20.821571472087907,44.44062769621581],[20.82157981824854,44.44062615176695],[20.820992983620982,44.44078072024169],[20.820591640170722,44.44087181119078]],[[20.821814279729722,44.44182265955758],[20.821846586484057,44.441913904359396],[20.82317367076162,44.44167136470515],[20.823449334939085,44.44162287166277],[20.823746910866813,44.44158227842402],[20.823831063476543,44.44157173901813],[20.821814279729722,44.44182265955758]],[[20.823831063476543,44.44157173901813],[20.824105449937793,44.4415391467851],[20.82479415546208,44.44150077387579],[20.823831063476543,44.44157173901813]],[[20.82488462723275,44.44105908348119],[20.824862185298585,44.44081712913242],[20.824807750801824,44.441500020487545],[20.82488462723275,44.44105908348119]],[[20.82471921041031,44.440517348462514],[20.82471921041033,44.440517348462514],[20.824862185298585,44.44081712913242],[20.82471921041031,44.440517348462514]],[[20.824019105938024,44.4406420709389],[20.823920562151017,44.440425986628455],[20.824019105938067,44.44064207093889],[20.824019105938024,44.4406420709389]],[[20.823862858843373,44.44029947207071],[20.8241252984176,44.44018370778338],[20.82386647919096,44.44030740643015],[20.823862858843373,44.44029947207071]],[[20.8241252984176,44.44018370778338],[20.824419544858735,44.44002956778474],[20.824500753067696,44.43992636550794],[20.8241252984176,44.44018370778338]],[[20.82522290707956,44.4393822469887],[20.82461527996345,44.4397966713435],[20.824657351139052,44.4395836330471],[20.824733267372572,44.4394684613349],[20.825007807993313,44.43938327902309],[20.825139855487024,44.439348518823735],[20.82522290707956,44.4393822469887]],[[20.825203838388486,44.439702695607046],[20.825428661028173,44.43976639313589],[20.825538325386905,44.439623063952176],[20.825203838388486,44.439702695607046]],[[20.825538325386905,44.439623063952176],[20.825743125921814,44.43941557814509],[20.825745807637254,44.439387627599956],[20.825538325386905,44.439623063952176]],[[20.825591643745923,44.439180534652635],[20.825591643745877,44.4391805346526],[20.825680100142296,44.43917507623777],[20.825591643745923,44.439180534652635]],[[20.825852917688866,44.439258488043905],[20.825891561565832,44.439277133767646],[20.825680100142296,44.43917507623777],[20.825852917688866,44.439258488043905]],[[20.82609796366577,44.43949437229507],[20.826360499387086,44.43955812360389],[20.82639988397143,44.43956233591521],[20.82609796366577,44.43949437229507]],[[20.826404705127974,44.43956285155382],[20.82645156169,44.43955080587142],[20.826929522849113,44.43947555004735],[20.826938207454067,44.43947418577569],[20.82718023538215,44.439431674528514],[20.826938207454127,44.43947418577569],[20.826451561690025,44.43955080587142],[20.82643643704289,44.43955469911367],[20.826404705127974,44.43956285155382]],[[20.82718023538215,44.439431674528514],[20.82791820167101,44.43925199690816],[20.828174043623893,44.43919767736769],[20.8276500558021,44.43932987027764],[20.82718023538215,44.439431674528514]],[[20.828279444226105,44.439175303633824],[20.828373754119784,44.439130593361924],[20.828174043623893,44.43919767736769],[20.828279444226105,44.439175303633824]],[[20.828615822103494,44.4390778366286],[20.82898922791455,44.439029933251405],[20.829288405479613,44.43901172875627],[20.829790546276303,44.438974252190626],[20.830183396626655,44.43894873957447],[20.828615822103494,44.4390778366286]],[[20.830777911646543,44.438896479203486],[20.830896331250884,44.43887243071205],[20.830668616657263,44.43891029859763],[20.830777911646543,44.438896479203486]],[[20.830896331250884,44.43887243071205],[20.83119622084907,44.438810690063896],[20.831247396599316,44.43878488799339],[20.830896331250884,44.43887243071205]],[[20.831713705208106,44.438600775198644],[20.831654180048822,44.438571367114506],[20.83165714137644,44.43857282903484],[20.831713705208106,44.438600775198644]],[[20.831746347591526,44.43861689691309],[20.83201742234922,44.4387228881141],[20.831713705208106,44.438600775198644],[20.831746347591526,44.43861689691309]],[[20.832518029494597,44.43888606193559],[20.83258469527839,44.438936042705556],[20.832441609540496,44.43882876765483],[20.832518029494597,44.43888606193559]],[[20.83332048231973,44.43924584485141],[20.833491083262068,44.43932208642945],[20.833122726977347,44.439156357710885],[20.83332048231973,44.43924584485141]],[[20.833695267127453,44.439211844652796],[20.833695267127453,44.43921184465273],[20.834146678005087,44.439365455218365],[20.833695267127453,44.439211844652796]],[[20.834599481951983,44.439511172346386],[20.834911951035668,44.43959747702801],[20.834146678005087,44.439365455218365],[20.834599481951983,44.439511172346386]],[[20.835422600027375,44.43969667861829],[20.835435122836227,44.439746134742066],[20.83542070493599,44.43968918179453],[20.835422600027375,44.43969667861829]],[[20.835439521224988,44.440020000708664],[20.83539994241689,44.43997813962415],[20.835399942416913,44.4399781396241],[20.835439521224988,44.440020000708664]],[[20.83553729313824,44.440123408796666],[20.835718780464667,44.440249002623666],[20.83552656176731,44.440112058833854],[20.83553729313824,44.440123408796666]],[[20.836680639623342,44.44063919904314],[20.836020158139558,44.44036489045642],[20.83635737774821,44.44046702123487],[20.836680639623342,44.44063919904314]],[[20.837071317573212,44.44084305127786],[20.837126424837116,44.440873542013826],[20.836680639623342,44.44063919904314],[20.837071317573212,44.44084305127786]],[[20.83717053203331,44.44090200999967],[20.83742608733233,44.44108139575191],[20.837867861614008,44.44123991048565],[20.83717053203331,44.44090200999967]],[[20.838957802796813,44.44165592380679],[20.83817475141636,44.441355808540415],[20.838505004022124,44.441492457871],[20.838957802796813,44.44165592380679]],[[20.839495864674028,44.44187280802303],[20.839634166373514,44.441923893168024],[20.838957802796813,44.44165592380679],[20.839495864674028,44.44187280802303]],[[20.83977628287251,44.44197271969293],[20.84060375152646,44.44228192475408],[20.84069490844829,44.44232423334298],[20.83977628287251,44.44197271969293]],[[20.84081702662927,44.442380913677226],[20.841065958405842,44.442536202270894],[20.84081446753589,44.44237972173994],[20.84081702662927,44.442380913677226]],[[20.841543656923044,44.442929420680116],[20.841445406412994,44.44283180208144],[20.8414852567358,44.4428703506999],[20.841543656923044,44.442929420680116]],[[20.841698093214525,44.443132180149696],[20.84169809321452,44.443132180149696],[20.841680225097033,44.44310744747904],[20.841698093214525,44.443132180149696]],[[20.839420535316695,44.44453493087707],[20.839340100974518,44.444477087814946],[20.83934010097457,44.4444770878149],[20.839420535316695,44.44453493087707]],[[20.84018052008349,44.4449776173369],[20.840373065047885,44.445103226336805],[20.840430694324652,44.44515079935667],[20.84053643723784,44.44523810138421],[20.84054461020529,44.44524484419115],[20.840559554265806,44.44525717728797],[20.840610191721332,44.4452989802171],[20.84018052008349,44.4449776173369]],[[20.840696101106566,44.44537407746744],[20.840779077531277,44.44543840656656],[20.840686956518837,44.445365815911266],[20.840696101106566,44.44537407746744]],[[20.840784092621135,44.445442292865714],[20.84078409262113,44.44544229286572],[20.840779077531277,44.44543840656656],[20.840784092621135,44.445442292865714]],[[20.840035798503962,44.44603243355137],[20.840459424075007,44.446294539470784],[20.84003579850396,44.44603243355137],[20.840035798503962,44.44603243355137]],[[20.840702826729267,44.4464646243352],[20.840797109011984,44.44654806690106],[20.840459424075007,44.446294539470784],[20.840702826729267,44.4464646243352]],[[20.84084578384205,44.44659114554312],[20.841067845226725,44.44649571354403],[20.841686981353554,44.44629226195984],[20.84084578384205,44.44659114554312]],[[20.84157568838594,44.44617861921649],[20.841578543255366,44.44617738979215],[20.841575688386012,44.44617861921656],[20.84157568838594,44.44617861921649]],[[20.842514976176297,44.44577526374832],[20.842948060169626,44.44559327059043],[20.841578543255366,44.44617738979215],[20.842514976176297,44.44577526374832]],[[20.84321684333235,44.44606537415271],[20.843242012007497,44.44611344625424],[20.843160293212208,44.445973833749285],[20.84321684333235,44.44606537415271]],[[20.8453133413069,44.445680312642835],[20.843917398231074,44.446330799953614],[20.844436058807716,44.44608476320467],[20.844860912889317,44.44588696697898],[20.84523068445724,44.44571806646509],[20.8453133413069,44.445680312642835]],[[20.84533539101925,44.445675409866034],[20.845335391019255,44.44567540986604],[20.8453133413069,44.445680312642835],[20.84533539101925,44.445675409866034]],[[20.84552046786401,44.44602995395772],[20.84584507429371,44.446538501709234],[20.845863511940625,44.44656531082937],[20.84552046786401,44.44602995395772]],[[20.844081982920827,44.447667294399295],[20.84413136177593,44.447753220603246],[20.843947382488157,44.44750821744925],[20.844081982920827,44.447667294399295]],[[20.844292967306895,44.44797346226019],[20.844338664297762,44.44803575010013],[20.84413136177593,44.447753220603246],[20.844292967306895,44.44797346226019]],[[20.84261635365397,44.44912199670024],[20.842744268278683,44.44920506884811],[20.842426526291153,44.449008249303525],[20.84261635365397,44.44912199670024]],[[20.84366029219925,44.450331376213406],[20.84355199988681,44.450119044623136],[20.843647987252034,44.45029484582816],[20.84366029219925,44.450331376213406]],[[20.844078785244,44.4520471751937],[20.844096344937796,44.452118747679194],[20.843995144891114,44.45179636770765],[20.844078785244,44.4520471751937]],[[20.84624235692059,44.452821724083115],[20.846242356920534,44.452821724083115],[20.846561018545717,44.45281546443161],[20.84691139570343,44.45278922869441],[20.847271052191058,44.452775019417444],[20.8482827810388,44.45280235702934],[20.848679805566167,44.452746815210624],[20.84828278103886,44.45280235702934],[20.84624235692059,44.452821724083115]],[[20.848658390389406,44.45281267737661],[20.84861450206765,44.45280701407742],[20.84861450206765,44.452807014077415],[20.848658390389406,44.45281267737661]],[[20.849080162387533,44.454657144814504],[20.849115006809463,44.45474686076166],[20.849014813606942,44.45445717130755],[20.849080162387533,44.454657144814504]],[[20.84939282131331,44.455634529355244],[20.849405734937246,44.45568697464693],[20.849377976963385,44.45558212626475],[20.84939282131331,44.455634529355244]],[[20.849476372702153,44.456075959751914],[20.849511871942454,44.456299483617364],[20.849469250468957,44.45602076155566],[20.849476372702153,44.456075959751914]],[[20.84958973055018,44.45651294592002],[20.849602945016823,44.456539117998],[20.849511871942454,44.456299483617364],[20.84958973055018,44.45651294592002]],[[20.84970212202347,44.456711853788775],[20.84971255901029,44.45673442155857],[20.849672670175845,44.45666469251647],[20.84970212202347,44.456711853788775]],[[20.85000020175407,44.457264734005925],[20.85013149166148,44.45742997962109],[20.84988304367062,44.45708715948844],[20.85000020175407,44.457264734005925]],[[20.850595466462572,44.45810884466439],[20.850679597134718,44.45824520795614],[20.85030179515569,44.457667148152446],[20.850595466462572,44.45810884466439]],[[20.850887513766036,44.45857300201256],[20.851067253248278,44.45880344038952],[20.850812019188773,44.45845681765595],[20.850887513766036,44.45857300201256]],[[20.85144268986072,44.459156526002],[20.85158804089241,44.45934536736298],[20.851067253248278,44.45880344038952],[20.85144268986072,44.459156526002]],[[20.85176136737721,44.45963531367471],[20.851928148282013,44.460036427469745],[20.851928148282017,44.46003642746979],[20.85176136737721,44.45963531367471]],[[20.85237991826115,44.461860699935606],[20.85241105794344,44.46191830758764],[20.852300232957266,44.461715552063815],[20.85237991826115,44.461860699935606]],[[20.85276559685391,44.462527111611884],[20.852773774224964,44.46254829454881],[20.852709371299895,44.46243495241199],[20.85276559685391,44.462527111611884]],[[20.852883989862026,44.46283944266034],[20.852927612782523,44.4629541594733],[20.852866786289262,44.46279243198621],[20.852883989862026,44.46283944266034]],[[20.85307653563848,44.463278631667464],[20.85308047419387,44.46328663750076],[20.853015653698463,44.46315468429053],[20.85307653563848,44.463278631667464]],[[20.853060872009827,44.46330373622894],[20.853058664238397,44.463299317763465],[20.85305866423843,44.46329931776345],[20.853060872009827,44.46330373622894]],[[20.853101683838034,44.46338551075958],[20.853126919058937,44.46343761777666],[20.853076813192477,44.46333567542044],[20.853101683838034,44.46338551075958]],[[20.85315778873074,44.46350133879366],[20.85329258385656,44.463718218719656],[20.85330794326903,44.46375558675841],[20.85315778873074,44.46350133879366]],[[20.853584518732184,44.46423950288118],[20.853584518732188,44.46423950288119],[20.85358091626485,44.464233930449524],[20.853584518732184,44.46423950288118]],[[20.853618112874326,44.46432282000326],[20.853677344295328,44.46451563069119],[20.853696451558022,44.46458556620935],[20.853618112874326,44.46432282000326]],[[20.850455768381323,44.466179217357244],[20.85045212848606,44.4661320983875],[20.85045212848607,44.4661320983875],[20.850455768381323,44.466179217357244]],[[20.850531194692724,44.46689325159357],[20.850514437455573,44.46677154504761],[20.850514437455576,44.46677154504757],[20.850531194692724,44.46689325159357]],[[20.850847947566646,44.46768261481369],[20.85088480419725,44.467691466986786],[20.850792718491306,44.467669350022],[20.850847947566646,44.46768261481369]],[[20.850899849028337,44.46769482191084],[20.851074795442443,44.467732277500055],[20.850890908348944,44.46769290807891],[20.850899849028337,44.46769482191084]],[[20.851079707183427,44.4677333273251],[20.85107970718339,44.46773332732517],[20.851074795442443,44.467732277500055],[20.851079707183427,44.4677333273251]],[[20.842814680227228,44.47485098594651],[20.842750478206,44.474824556273894],[20.84317704465163,44.47502779765538],[20.842814680227228,44.47485098594651]],[[20.839794604553447,44.475884651968585],[20.839647203462622,44.47585504597776],[20.839833314129482,44.47589146294501],[20.839794604553447,44.475884651968585]],[[20.838722477638044,44.4760837290499],[20.838721247453492,44.476083474330636],[20.838722477638047,44.47608372904989],[20.838722477638044,44.4760837290499]],[[20.83812743589892,44.479902858789],[20.83629842383074,44.47978590900561],[20.83685486690222,44.479808213633206],[20.83812743589892,44.479902858789]],[[20.837443369155388,44.48117657024229],[20.837460116766877,44.48123986178542],[20.83744298936982,44.481170615192056],[20.837443369155388,44.48117657024229]],[[20.83749144711144,44.48147410743697],[20.83749204313396,44.481475570479034],[20.837490412887576,44.481469528024725],[20.83749144711144,44.48147410743697]],[[20.837506255511308,44.48151042720726],[20.83753633445445,44.48155896546754],[20.837573850024423,44.48161118079174],[20.837506255511308,44.48151042720726]],[[20.837613522288606,44.48166639509797],[20.837653583824622,44.481703619968755],[20.837727622290686,44.481762532157155],[20.837613522288606,44.48166639509797]],[[20.837832616158437,44.48184607448451],[20.83790321234363,44.48191402859811],[20.837818370893864,44.481834740103004],[20.837832616158437,44.48184607448451]],[[20.837937638669498,44.481947170443846],[20.837949478767563,44.481955315754014],[20.837921659989455,44.48193178661446],[20.837937638669498,44.481947170443846]],[[20.838144343213482,44.48336749807277],[20.838144343213465,44.48336749807278],[20.837828459855018,44.4830826857195],[20.838144343213482,44.48336749807277]],[[20.836586112348847,44.4829822008314],[20.83658422053738,44.48298151623858],[20.836678142083464,44.483015525046596],[20.836586112348847,44.4829822008314]],[[20.835436437223866,44.485721942022884],[20.835477249654687,44.485748960316656],[20.835407837519348,44.48570301126327],[20.835436437223866,44.485721942022884]],[[20.83535399116027,44.486940586166575],[20.835584426632447,44.487120600162754],[20.835185745245724,44.48680915716292],[20.83535399116027,44.486940586166575]],[[20.83262237620278,44.48730617285657],[20.832583005476756,44.48728569861293],[20.83264269032764,44.48732154331923],[20.83262237620278,44.48730617285657]],[[20.826671144162564,44.49156145902593],[20.826972451826276,44.491688487068615],[20.827400670804003,44.49186852444226],[20.826972451826336,44.491688487068686],[20.826672161627904,44.491561892701014],[20.826671144162564,44.49156145902593]],[[20.828025986264297,44.49214248792142],[20.828025986264247,44.49214248792148],[20.82780289955407,44.492039796166566],[20.828025986264297,44.49214248792142]],[[20.822555653611982,44.49481651563377],[20.82253362827064,44.49481371234839],[20.82256183153405,44.4948168934837],[20.822555653611982,44.49481651563377]],[[20.821125476290412,44.49471514408319],[20.821273331305093,44.49486877630957],[20.821121689795998,44.49471121476511],[20.821125476290412,44.49471514408319]],[[20.820391113967606,44.49654612082934],[20.820385449177834,44.496539829821074],[20.820385449177856,44.49653982982102],[20.820391113967606,44.49654612082934]],[[20.820406102609493,44.49656278413155],[20.820419776282723,44.49657798782339],[20.820391113967606,44.49654612082934],[20.820406102609493,44.49656278413155]],[[20.820101726181953,44.496744282569615],[20.820096128715665,44.496743883305086],[20.82010172618197,44.496744282569615],[20.820101726181953,44.496744282569615]],[[20.817368100258335,44.496829409706436],[20.817394675102253,44.4968565945048],[20.817177879397896,44.49663477801333],[20.817368100258335,44.496829409706436]],[[20.81556455081937,44.49751457886361],[20.81506100899873,44.497186457187894],[20.81571053398803,44.497616907847274],[20.81556455081937,44.49751457886361]],[[20.814849669758356,44.49760860892644],[20.81484966975835,44.497608608926456],[20.814830191703788,44.49747516511925],[20.814849669758356,44.49760860892644]],[[20.811697377046816,44.498597990489635],[20.811678815034973,44.49857483099849],[20.811678815035,44.498574830998464],[20.811697377046816,44.498597990489635]],[[20.806591248204125,44.501893978463876],[20.8070861135644,44.502210542362825],[20.80737394556319,44.50240957493918],[20.807086113564424,44.50221054236285],[20.806888888740996,44.50209103384754],[20.806591248204125,44.501893978463876]],[[20.80744925851519,44.50244600268634],[20.807562419696133,44.50250484513261],[20.808229105644568,44.50272829565986],[20.808279027182554,44.50275403800668],[20.807562419696183,44.5025048451327],[20.80744925851519,44.50244600268634]],[[20.80848906908102,44.50288565993817],[20.808665646449327,44.50302253153097],[20.80866564644934,44.50302253153099],[20.80848906908102,44.50288565993817]],[[20.807894547185704,44.50318493441879],[20.807453076547656,44.502880010981066],[20.808191324276983,44.50342994419429],[20.807894547185704,44.50318493441879]],[[20.80660112059094,44.5038249970079],[20.806768530345938,44.503941795245716],[20.806619916729062,44.50383811337405],[20.80660112059094,44.5038249970079]],[[20.807125717538007,44.50417808365151],[20.807460546021577,44.504410787974564],[20.806768530345938,44.503941795245716],[20.807125717538007,44.50417808365151]],[[20.807484387242827,44.50442729772089],[20.807899554165903,44.5047148158923],[20.807460546021577,44.504410787974564],[20.807484387242827,44.50442729772089]],[[20.80658491420269,44.50755688628809],[20.80637530459424,44.50752122290282],[20.806375304594283,44.507521222902746],[20.80658491420269,44.50755688628809]],[[20.806656676803126,44.50757037807987],[20.80681406662336,44.50760127308342],[20.806618185546345,44.50756282346411],[20.806656676803126,44.50757037807987]],[[20.80725541751729,44.5077512208537],[20.807639431814618,44.50789777692483],[20.807655811499828,44.50790771905609],[20.807341473027524,44.50778876601632],[20.80725541751729,44.5077512208537]],[[20.8078157005154,44.50797100186881],[20.807921218996736,44.508010306925044],[20.807806533811586,44.50796801219314],[20.8078157005154,44.50797100186881]],[[20.80809994433692,44.508094209167076],[20.808099944336913,44.50809420916708],[20.807921218996736,44.508010306925044],[20.80809994433692,44.508094209167076]],[[20.8057740187406,44.510819890731106],[20.805774018740543,44.510819890731106],[20.80576046428904,44.51081477395294],[20.8057740187406,44.510819890731106]],[[20.804921101355212,44.511418043230385],[20.804882277709567,44.51137724044792],[20.804882277709595,44.511377240447906],[20.804921101355212,44.511418043230385]],[[20.8051933254935,44.51166771502862],[20.80525594511081,44.511729826953946],[20.80514791174382,44.511624525408614],[20.8051933254935,44.51166771502862]],[[20.805506408068304,44.51209784567363],[20.805506408068315,44.512097845673644],[20.805351678788085,44.51189745839958],[20.805506408068304,44.51209784567363]],[[20.805610481447854,44.51220386577194],[20.805648554823335,44.51223662393747],[20.805506408068315,44.512097845673644],[20.805610481447854,44.51220386577194]],[[20.806048458033025,44.51269178275039],[20.80597728019183,44.5125531414401],[20.806045243979884,44.512678668951395],[20.806048458033025,44.51269178275039]],[[20.8061313569966,44.51295454346192],[20.806131387096467,44.51297360273911],[20.80609994073131,44.51286818681537],[20.8061313569966,44.51295454346192]],[[20.805992679644792,44.51392917036218],[20.806059858656024,44.514029667207815],[20.80599145016725,44.51391936270556],[20.805992679644792,44.51392917036218]],[[20.806095239356328,44.514118789143396],[20.806095239356324,44.51411878914341],[20.80609227550607,44.5141097648456],[20.806095239356328,44.514118789143396]],[[20.8061881671888,44.514593034183086],[20.806128806117368,44.514497761453015],[20.806128806117368,44.51449776145301],[20.8061881671888,44.514593034183086]],[[20.80627781428012,44.51480470817336],[20.806336173996517,44.51485630533355],[20.806264571256403,44.51479299635421],[20.80627781428012,44.51480470817336]],[[20.80724331756929,44.51505463058231],[20.80700865769619,44.51496440633893],[20.807075803016335,44.51496007064348],[20.807173270700208,44.51501508684935],[20.80724331756929,44.51505463058231]],[[20.806527307099014,44.51585843988484],[20.806183067191846,44.5157733425752],[20.806531352770985,44.51585944031022],[20.806527307099014,44.51585843988484]],[[20.805488627289087,44.515626319324696],[20.805237651894828,44.515582316800746],[20.805504548143464,44.51562953314256],[20.805488627289087,44.515626319324696]],[[20.804486184198083,44.51539071958858],[20.804484116536745,44.515389389863536],[20.804584121958225,44.51544661102887],[20.804486184198083,44.51539071958858]],[[20.800444715607004,44.51650730375836],[20.800364101702566,44.51645024246634],[20.800444715607014,44.51650730375836],[20.800444715607004,44.51650730375836]],[[20.796883876386108,44.51699394848531],[20.796555564421997,44.51666517196415],[20.79706852960299,44.51719750344863],[20.796883876386108,44.51699394848531]],[[20.796219719974783,44.516245564588274],[20.79621239852469,44.516238262045775],[20.796555564421997,44.51666517196415],[20.796219719974783,44.516245564588274]],[[20.79603252358418,44.51611016035827],[20.796032523584184,44.51611016035827],[20.79603863872629,44.51611338433928],[20.79603252358418,44.51611016035827]],[[20.790052081102928,44.51775202793438],[20.790084143511972,44.51782662103078],[20.79004402115275,44.51773329382658],[20.790052081102928,44.51775202793438]],[[20.78680348996152,44.51828808018599],[20.78680348996155,44.51828808018597],[20.78681074944791,44.51829541270758],[20.78680348996152,44.51828808018599]],[[20.783629061513874,44.51951568229464],[20.78389435104582,44.51969104102844],[20.78372036090623,44.5195644058039],[20.783629061513874,44.51951568229464]],[[20.782741673822862,44.519296591896044],[20.782741673822866,44.519296591896044],[20.782741899476793,44.5192965923152],[20.782741673822862,44.519296591896044]],[[20.78201272095445,44.51932056534396],[20.782012720954405,44.51932056534396],[20.78201268535444,44.51932056527782],[20.78201272095445,44.51932056534396]],[[20.78169703748294,44.5193051980017],[20.781697037482964,44.51930519800177],[20.781687505673027,44.519291473085666],[20.78169703748294,44.5193051980017]],[[20.78096477437676,44.520994803784205],[20.780964774376766,44.520994803784205],[20.781029656736848,44.521003367308914],[20.78096477437676,44.520994803784205]],[[20.78091749026981,44.52101371326096],[20.781005563764474,44.52113420663756],[20.781040731739093,44.52121321071796],[20.78091749026981,44.52101371326096]],[[20.779626086167607,44.521511607919265],[20.779626086167614,44.521511607919265],[20.779682133986913,44.52151381997433],[20.779626086167607,44.521511607919265]],[[20.77900626513882,44.521548433153825],[20.779006265138833,44.521548433153825],[20.779124235989034,44.521565540483216],[20.77900626513882,44.521548433153825]],[[20.775403881452537,44.521391663627334],[20.775256492523784,44.521353382379296],[20.77524781873622,44.521352663109894],[20.775256492523845,44.521353382379296],[20.775403881452593,44.521391663627334],[20.77542725824332,44.52139288941109],[20.775403881452537,44.521391663627334]],[[20.77388721671511,44.521373955368894],[20.773872998597266,44.52133754748281],[20.773978051227992,44.521540917068386],[20.77388721671511,44.521373955368894]],[[20.773837251552933,44.52124603394704],[20.77356282912415,44.520543448899254],[20.773532880406815,44.52046677126048],[20.773837251552933,44.52124603394704]],[[20.773398210703665,44.52039768224349],[20.77339693042288,44.520396123449174],[20.77339821070371,44.52039768224348],[20.773398210703665,44.52039768224349]],[[20.773314661484815,44.52029565017118],[20.77322979885968,44.52019199584513],[20.773121456132287,44.52005966715104],[20.77322979885974,44.52019199584513],[20.77331466148486,44.52029565017118],[20.77335052175461,44.52033944759064],[20.773314661484815,44.52029565017118]],[[20.771154048095326,44.521119065601845],[20.771260543782294,44.52129907227748],[20.771263721728964,44.52130849557737],[20.771154048095326,44.521119065601845]],[[20.771386403572603,44.521598077337195],[20.771461086105507,44.52174469152082],[20.77149531609786,44.52185416150889],[20.771386403572603,44.521598077337195]],[[20.771697823486697,44.522361109593675],[20.77170306614529,44.52237508155084],[20.77169162588824,44.52234727727029],[20.771697823486697,44.522361109593675]],[[20.77185895869675,44.522787907062394],[20.771849561234884,44.52277414253239],[20.771849561234873,44.52277414253236],[20.77185895869675,44.522787907062394]],[[20.771940943776837,44.522912587312334],[20.77196660447445,44.522955269842626],[20.771931577209298,44.52289701325202],[20.771940943776837,44.522912587312334]],[[20.771925210345323,44.52295671854704],[20.77192078436134,44.52295621097159],[20.771925210345366,44.52295671854704],[20.771925210345323,44.52295671854704]],[[20.766648537555714,44.53795274019439],[20.76669320077646,44.538056692390775],[20.766764828083076,44.538176809887986],[20.766648537555714,44.53795274019439]],[[20.767169889910676,44.538615259068564],[20.767445984586608,44.53884131288602],[20.767613211779416,44.53896423071581],[20.767169889910676,44.538615259068564]],[[20.767974613239996,44.53932154263987],[20.768030524697345,44.539397796163726],[20.767771470086494,44.539106205118316],[20.767974613239996,44.53932154263987]],[[20.768118079098436,44.53946855116562],[20.7681963389427,44.53951270059633],[20.768099073383457,44.539457826558895],[20.768118079098436,44.53946855116562]],[[20.7681963389427,44.53951270059633],[20.768609286227818,44.53978092128443],[20.76884267982101,44.53992677803829],[20.7681963389427,44.53951270059633]],[[20.76892804143,44.53998378172285],[20.769071624473337,44.54010174651835],[20.7691906105079,44.54020931937023],[20.76892804143,44.53998378172285]],[[20.769353197531878,44.54030459520258],[20.769353197531803,44.54030459520263],[20.7691906105079,44.54020931937023],[20.769353197531878,44.54030459520258]],[[20.76867960025631,44.540848127521386],[20.768824008050604,44.540990708624335],[20.76867960025629,44.5408481275214],[20.76867960025631,44.540848127521386]],[[20.763750781021777,44.543265183090284],[20.764095976341647,44.54337318205914],[20.764105971305074,44.543375713541494],[20.763750781021777,44.543265183090284]],[[20.763879671063343,44.54388745159246],[20.763843542402878,44.54387777467231],[20.763879671063346,44.54388745159245],[20.763879671063343,44.54388745159246]],[[20.762790343550655,44.54361683882831],[20.762200203374377,44.543438843878754],[20.761854032710993,44.54333957691928],[20.762200203374437,44.543438843878754],[20.762790343550655,44.54361683882831]],[[20.761596057893613,44.5432452608401],[20.761401272991943,44.54314729508804],[20.761854032710993,44.54333957691928],[20.761596057893613,44.5432452608401]],[[20.76121883022847,44.543077975127275],[20.760911274574017,44.54298409489006],[20.761401272991943,44.54314729508804],[20.76121883022847,44.543077975127275]],[[20.75980464637813,44.54257570398427],[20.759769610264115,44.54256163677614],[20.759885815146067,44.542613574850705],[20.75980464637813,44.54257570398427]],[[20.754754046944743,44.542356966375124],[20.754754046944758,44.54235696637509],[20.754762969519227,44.542363237597165],[20.754754046944743,44.542356966375124]],[[20.752821956942732,44.54372542895551],[20.752821956942707,44.54372542895551],[20.75280615775615,44.543722545635596],[20.752821956942732,44.54372542895551]],[[20.752516016322584,44.54366959911551],[20.752420325413254,44.54361303982268],[20.75251722597926,44.543669819695324],[20.752516016322584,44.54366959911551]],[[20.752405673713344,44.54360437975464],[20.752381140887497,44.54337004976261],[20.7524056737134,44.543604379754676],[20.752405673713344,44.54360437975464]],[[20.752392317507447,44.543134544891004],[20.752392317507447,44.54313454489092],[20.75239349000103,44.54311897735167],[20.752392317507447,44.543134544891004]],[[20.752018160649524,44.54261641914407],[20.751975590283816,44.542395544985645],[20.751958726737172,44.5423061372566],[20.752018160649524,44.54261641914407]],[[20.751838656056265,44.54210121468423],[20.751767917144967,44.54198419141587],[20.751850862741097,44.54212137146804],[20.751838656056265,44.54210121468423]],[[20.750617756863722,44.54174495381697],[20.750617756863672,44.54174495381697],[20.750589516368166,44.54174361720693],[20.750617756863722,44.54174495381697]],[[20.748891797015865,44.54368800325939],[20.74887759290383,44.54366509702849],[20.748900917135067,44.543690760378524],[20.748891797015865,44.54368800325939]],[[20.74875767270607,44.543386296038705],[20.748733854727018,44.543276172761516],[20.748802472740497,44.543511245912214],[20.74875767270607,44.543386296038705]],[[20.7487272621043,44.54313953676287],[20.748727262104357,44.543139536762865],[20.748733854727018,44.543276172761516],[20.7487272621043,44.54313953676287]],[[20.745182815790432,44.547217325744704],[20.745191721307485,44.54721915479513],[20.74513340094089,44.547177795617344],[20.745182815790432,44.547217325744704]],[[20.74555575657764,44.54729384689873],[20.74564643193304,44.547319045362904],[20.745313193470405,44.54724407864006],[20.74555575657764,44.54729384689873]],[[20.74576707433318,44.54736903580148],[20.7458277269218,44.547408843636696],[20.745762015547115,44.54736571566308],[20.74576707433318,44.54736903580148]],[[20.745849068546228,44.54745011152502],[20.746192926574643,44.54823154920758],[20.74628679008655,44.54842545800638],[20.74619292657464,44.54823154920766],[20.745849068546228,44.54745011152502]],[[20.746043169245695,44.54910666273892],[20.745997531179714,44.54897893893661],[20.745997531179743,44.54897893893659],[20.746043169245695,44.54910666273892]],[[20.745591046276463,44.54966482902718],[20.745624053874568,44.54975371479197],[20.745668577708738,44.54991002262859],[20.745591046276463,44.54966482902718]],[[20.745750800856996,44.550139410745174],[20.745764660835174,44.55016299487967],[20.745718028343337,44.55008362676346],[20.745750800856996,44.550139410745174]],[[20.74500481427903,44.55174637206379],[20.745204950786782,44.55188134418986],[20.74496086576598,44.55171672728694],[20.74500481427903,44.55174637206379]],[[20.74570742131089,44.551521828362155],[20.745398280491536,44.55173336327803],[20.74547882473016,44.551676391367074],[20.74570742131089,44.551521828362155]],[[20.74666503174142,44.550947135936326],[20.74591013297209,44.55135739624017],[20.746188196057698,44.55114309097584],[20.7463475765085,44.55104480316321],[20.74645677950172,44.551010538529944],[20.74662786306627,44.55095686366027],[20.74666503174142,44.550947135936326]],[[20.746805514505525,44.55093832057816],[20.746897679051298,44.55093253090001],[20.74666503174142,44.550947135936326],[20.746805514505525,44.55093832057816]],[[20.74790522546787,44.551302863502876],[20.74722507310222,44.55107032828782],[20.747624253837067,44.551197752098126],[20.74790522546787,44.551302863502876]],[[20.748226783729496,44.55124668964351],[20.74833162259423,44.55129624261202],[20.74790522546787,44.551302863502876],[20.748226783729496,44.55124668964351]],[[20.748419640298216,44.55133784708275],[20.74859762653535,44.55149779960661],[20.748637238037546,44.55153692859854],[20.748419640298216,44.55133784708275]],[[20.748737874132694,44.55163634999583],[20.748737874132654,44.55163634999587],[20.748687357581282,44.55158644076543],[20.748737874132694,44.55163634999583]],[[20.74727542909929,44.552625298362884],[20.74727207902254,44.552611621302184],[20.747272079022547,44.552611621302184],[20.74727542909929,44.552625298362884]],[[20.74574867102191,44.55322312996193],[20.74495697377805,44.55273328436394],[20.744906249571077,44.55269744186402],[20.744956973778077,44.55273328436394],[20.74544742642376,44.55303156443488],[20.74574867102191,44.55322312996193]],[[20.743594711337582,44.55332901379644],[20.74362702742881,44.5533826006888],[20.743561527244683,44.55329009320056],[20.743594711337582,44.55332901379644]],[[20.743843207455832,44.55367985272348],[20.744267602643657,44.554107057952855],[20.74445019353321,44.554232388952315],[20.743843207455832,44.55367985272348]],[[20.744674828941182,44.55441451492585],[20.744674828941182,44.55441451492587],[20.744477557185334,44.55425457437636],[20.744674828941182,44.55441451492585]],[[20.74651743700334,44.55466072786432],[20.74608397170145,44.55509681210843],[20.746216737854095,44.55495553543482],[20.74640532651197,44.55476974121955],[20.74651743700334,44.55466072786432]],[[20.74711800949355,44.55493854615884],[20.74757821781019,44.55516438866139],[20.74695266471509,44.5548615752849],[20.74711800949355,44.55493854615884]],[[20.747860206814163,44.55530100345479],[20.74817135390348,44.555385217884],[20.747828507749166,44.5552908089368],[20.747860206814163,44.55530100345479]],[[20.74934365122699,44.55574832025604],[20.749159843976983,44.555673410483],[20.74924517869822,44.5557040177493],[20.74934365122699,44.55574832025604]],[[20.749525232394095,44.555844171026784],[20.74970332831722,44.55594406769188],[20.749917415019336,44.55609654963888],[20.749525232394095,44.555844171026784]],[[20.749917415019336,44.55609654963888],[20.75007396658153,44.55619256414752],[20.75020072751551,44.55624756421304],[20.749917415019336,44.55609654963888]],[[20.750331257312848,44.55629664470531],[20.7505289133495,44.55638796241918],[20.75060357521753,44.556392096173134],[20.750331257312848,44.55629664470531]],[[20.751081993352376,44.556722305036146],[20.75076378375076,44.55644823643666],[20.750806706034368,44.55647794063609],[20.75101450728333,44.55665929803089],[20.751081993352376,44.556722305036146]],[[20.751392597337546,44.556993488923716],[20.751392597337496,44.55699348892375],[20.75125151824333,44.55686888878257],[20.751392597337546,44.556993488923716]],[[20.75178229836424,44.55759069029619],[20.751886609385394,44.557757155464195],[20.751546292069072,44.557231158713186],[20.75178229836424,44.55759069029619]],[[20.752128586393997,44.558126595322975],[20.752164445227372,44.5582021860934],[20.752070911079382,44.55804358975455],[20.752128586393997,44.558126595322975]],[[20.752920425103554,44.55915478668352],[20.752788658768836,44.559058828874726],[20.75278865876882,44.55905882887471],[20.752920425103554,44.55915478668352]],[[20.753366618526766,44.559493709543446],[20.75361460095437,44.559401542958604],[20.753689354354492,44.5593756037896],[20.753366618526766,44.559493709543446]],[[20.753576586909862,44.55861862159535],[20.753576586909837,44.55861862159526],[20.75508625502942,44.55866417125688],[20.753576586909862,44.55861862159535]],[[20.75517140337319,44.55946825569679],[20.755235494696134,44.559524014870995],[20.755064891361783,44.559425126301534],[20.75517140337319,44.55946825569679]],[[20.754655495206734,44.56036186074503],[20.75429271045603,44.5601853505872],[20.754401453662194,44.560216050247],[20.754655495206734,44.56036186074503]],[[20.7547423014568,44.560617373122895],[20.754786886754236,44.56067049079864],[20.75486431137163,44.56072585865411],[20.7547423014568,44.560617373122895]],[[20.754953289885716,44.5607816731441],[20.755281551897085,44.560981791977426],[20.755309448635547,44.560993462426495],[20.75528155189711,44.56098179197752],[20.754953289885716,44.5607816731441]],[[20.75642811678578,44.56066373969037],[20.7560607840728,44.56078950196892],[20.75620025326674,44.560760368395876],[20.75642811678578,44.56066373969037]],[[20.756540835608885,44.56034518999266],[20.75654083560886,44.56034518999266],[20.75677998384529,44.55996003709152],[20.756540835608885,44.56034518999266]],[[20.75680143935892,44.55984875004947],[20.75726133459735,44.559588536201716],[20.757376816723646,44.55954485958131],[20.75709349561597,44.55972147490289],[20.756912142628618,44.55980443264128],[20.75680143935892,44.55984875004947]],[[20.757953754609208,44.55938065420834],[20.758130134724347,44.55934331497517],[20.75761005457147,44.559455980368455],[20.757953754609208,44.55938065420834]],[[20.75837507744428,44.55928478972197],[20.758421118635813,44.559353378173086],[20.758130134724347,44.55934331497517],[20.75837507744428,44.55928478972197]],[[20.7584000232758,44.56050698719459],[20.758400023275794,44.56050698719463],[20.758386570015606,44.560411030615285],[20.7584000232758,44.56050698719459]],[[20.758025634288913,44.5618303000282],[20.757695215352527,44.561611530868454],[20.757695215352555,44.561611530868404],[20.758025634288913,44.5618303000282]],[[20.75871024593336,44.56217204210197],[20.757875304683633,44.56205111277328],[20.757875304683687,44.562051112773204],[20.75871024593336,44.56217204210197]],[[20.759126787982026,44.562274074662895],[20.75985461766607,44.562556587140485],[20.760097273696434,44.56235198413535],[20.760123398080513,44.56208869620311],[20.76013521093138,44.561970099803126],[20.760143195862742,44.561956886323266],[20.759126787982026,44.562274074662895]],[[20.76067576402688,44.56171066779257],[20.760349512522083,44.56161783423955],[20.76045079068043,44.56163163615762],[20.76067576402688,44.56171066779257]],[[20.763681669638448,44.562439723273236],[20.762922549476187,44.56263912721177],[20.763285949048775,44.562520176743085],[20.763681669638448,44.562439723273236]],[[20.764295955917518,44.562289600101366],[20.763935833356516,44.56237535710436],[20.763992661044693,44.56236179326608],[20.764295955917518,44.562289600101366]],[[20.76438246354025,44.56193849820449],[20.764382463540226,44.56193849820449],[20.764525864355118,44.561808106520196],[20.76438246354025,44.56193849820449]],[[20.764620455825014,44.56176356748409],[20.764766848058706,44.56164712311492],[20.764778117522912,44.56163695806013],[20.764620455825014,44.56176356748409]],[[20.764778117522912,44.56163695806013],[20.765120892530778,44.56134238295522],[20.76518363841221,44.56138264403663],[20.764778117522912,44.56163695806013]],[[20.768106826313854,44.563222712990154],[20.765968346292674,44.56178213515707],[20.766511953502082,44.562120287811766],[20.76724692029047,44.56261569501016],[20.767788629196385,44.56299199796705],[20.768106826313854,44.563222712990154]],[[20.768528038780175,44.56357956656774],[20.768528038780143,44.56357956656777],[20.768417289402855,44.563473555555234],[20.768528038780175,44.56357956656774]],[[20.767641484201786,44.56521338405695],[20.76753937694795,44.56509088026415],[20.767539376947987,44.56509088026413],[20.767641484201786,44.56521338405695]],[[20.76803996489633,44.565685623104926],[20.768039964896307,44.56568562310495],[20.767890076324232,44.56548173979244],[20.76803996489633,44.565685623104926]],[[20.76817404229442,44.56597200647625],[20.76831943644305,44.56606044401178],[20.76790140727384,44.56580009883075],[20.76817404229442,44.56597200647625]],[[20.769087454643763,44.56650231648818],[20.7688689676338,44.56638964978724],[20.768880061066355,44.56639536908925],[20.769087454643763,44.56650231648818]],[[20.768953641553956,44.56701205716735],[20.76887074192642,44.56699455416707],[20.76887074192639,44.56699455416704],[20.768953641553956,44.56701205716735]],[[20.76901699196198,44.567025432119614],[20.769926551840143,44.567303646118624],[20.77012197187428,44.56737663756263],[20.76901699196198,44.567025432119614]],[[20.770321484860045,44.56746573807118],[20.77036943299787,44.56748759347271],[20.7701653025066,44.56739454422919],[20.770321484860045,44.56746573807118]],[[20.77078959771566,44.567735802502376],[20.77091118820943,44.567869815004116],[20.770664167799172,44.56759652970462],[20.77078959771566,44.567735802502376]],[[20.771081188848818,44.56803638038302],[20.771210576683576,44.56816036205864],[20.771032221143276,44.56798838438305],[20.771081188848818,44.56803638038302]],[[20.77149261818389,44.568390689030764],[20.77165321858914,44.568502903659855],[20.77180994194709,44.56861093032282],[20.77149261818389,44.568390689030764]],[[20.77008309902101,44.570317581835575],[20.770314601646174,44.57045248037064],[20.770305942694442,44.57044824300588],[20.77008309902101,44.570317581835575]],[[20.770878463115643,44.57073069288319],[20.771050245705766,44.57058812280262],[20.77062186688566,44.57060203565408],[20.770878463115643,44.57073069288319]],[[20.771277421974325,44.57080374384197],[20.771375170590606,44.570886693777865],[20.77106325365909,44.57060046804291],[20.771277421974325,44.57080374384197]],[[20.771469424208966,44.570966920491806],[20.771515975137394,44.57100840850477],[20.771467205524058,44.57096491510451],[20.771469424208966,44.570966920491806]],[[20.772409737172655,44.57101781368847],[20.77240973717262,44.57101781368838],[20.77269170457786,44.5709041591606],[20.772409737172655,44.57101781368847]],[[20.77269170457786,44.5709041591606],[20.773502096891015,44.57049643597018],[20.773754198907458,44.57035518150669],[20.77269170457786,44.5709041591606]],[[20.773791918345218,44.570401961739094],[20.7738034057272,44.57040790404562],[20.773754198907458,44.57035518150669],[20.773791918345218,44.570401961739094]],[[20.773952132431507,44.5704847950282],[20.773997471689434,44.57051431067084],[20.773833645258748,44.57042353837573],[20.773952132431507,44.5704847950282]],[[20.77413324016499,44.57060258601846],[20.774280856953126,44.57068746543014],[20.773997471689434,44.57051431067084],[20.77413324016499,44.57060258601846]],[[20.774930275124447,44.57102097376949],[20.775086808751507,44.57108009324978],[20.774921792304493,44.571017786526205],[20.774930275124447,44.57102097376949]],[[20.776801763840616,44.57179041514447],[20.776801763840595,44.5717904151445],[20.775605880007724,44.57129108489393],[20.776801763840616,44.57179041514447]],[[20.775958909797,44.57235937151358],[20.7759387920318,44.57235808414798],[20.775991978636487,44.57236195560937],[20.775958909797,44.57235937151358]],[[20.774477756025103,44.57240916761],[20.774809320484323,44.572794983770684],[20.77494002237183,44.572992324560296],[20.774477756025103,44.57240916761]],[[20.775407840464684,44.573531975645906],[20.775120224863535,44.57344984512093],[20.775120224863514,44.57344984512086],[20.775407840464684,44.573531975645906]],[[20.775519010338197,44.57440707938382],[20.775650788480828,44.574455121410246],[20.775891880630635,44.574519423873554],[20.775519010338197,44.57440707938382]],[[20.775919975463573,44.57452691713687],[20.77642547850209,44.574573158454676],[20.776848268221087,44.574616089549295],[20.775919975463573,44.57452691713687]],[[20.77767612163719,44.57402469557464],[20.77767612163713,44.5740246955746],[20.777855697364284,44.57361645746102],[20.77767612163719,44.57402469557464]],[[20.777855697364284,44.57361645746102],[20.777871340486126,44.57358493466975],[20.778056410169235,44.57321203850397],[20.777871340486126,44.57358493466982],[20.777870642395765,44.573586346720475],[20.777855697364284,44.57361645746102]],[[20.778271452223613,44.573249976322494],[20.778836508166904,44.57339585443714],[20.778102961269823,44.57318463320872],[20.778271452223613,44.573249976322494]],[[20.778914750960407,44.57341607181849],[20.77981302684005,44.573582467377314],[20.780259807391133,44.57367393811234],[20.77981302684007,44.573582467377356],[20.779212191957402,44.573474323260406],[20.778914750960407,44.57341607181849]],[[20.780534909353776,44.57374717386782],[20.780774177753063,44.57380648338192],[20.780259807391133,44.57367393811234],[20.780534909353776,44.57374717386782]],[[20.780907088671917,44.57392328158538],[20.78107322206911,44.57398512389379],[20.780777895360124,44.5738653937066],[20.780907088671917,44.57392328158538]],[[20.78079189407342,44.57524503105877],[20.78108828783754,44.5753510685803],[20.7807918940734,44.5752450310588],[20.78079189407342,44.57524503105877]],[[20.781318584894176,44.575420621803545],[20.781461588567915,44.57546177675188],[20.78108828783754,44.5753510685803],[20.781318584894176,44.575420621803545]],[[20.78208969386789,44.5762440210723],[20.781895678588423,44.57620279695563],[20.78189567858846,44.576202796955556],[20.78208969386789,44.5762440210723]],[[20.782304991849756,44.576318674257614],[20.782304991849713,44.576318674257685],[20.78208969386789,44.5762440210723],[20.782304991849756,44.576318674257614]],[[20.782623093933633,44.5771334794196],[20.7832117769915,44.577233318491494],[20.78193925224659,44.57698774540351],[20.782623093933633,44.5771334794196]],[[20.78383042286413,44.57796192191554],[20.7836614891716,44.577981764261324],[20.78372819933911,44.577954800896244],[20.783751451421796,44.57795641947737],[20.78383042286413,44.57796192191554]],[[20.78383042286413,44.57796192191554],[20.783935529132417,44.57796916533059],[20.784049099172503,44.57794118219715],[20.783935529132478,44.57796916533059],[20.783884497427387,44.577981732728134],[20.78383042286413,44.57796192191554]],[[20.787189800611788,44.577957184585905],[20.78455739577258,44.578269090243076],[20.785412090614596,44.57811408835537],[20.787189800611788,44.577957184585905]],[[20.78725523895983,44.57800428383349],[20.787272082320865,44.578041533554135],[20.787209327196425,44.57797123884417],[20.78725523895983,44.57800428383349]],[[20.78805843216268,44.578305721940374],[20.788212680505865,44.578355903408024],[20.787969997907613,44.57828045046795],[20.78805843216268,44.578305721940374]],[[20.788877631749543,44.578461382567795],[20.788603047918915,44.57841264768255],[20.788722987460133,44.57843095672645],[20.788877631749543,44.578461382567795]],[[20.788942301243857,44.57848004503441],[20.78921655084073,44.57855317682384],[20.789253670776116,44.578560894827234],[20.788942301243857,44.57848004503441]],[[20.78941980117104,44.57858585755343],[20.789678472555913,44.578543041615724],[20.789898573147543,44.578415034624555],[20.78941980117104,44.57858585755343]],[[20.79001223472592,44.578346016411984],[20.79001223472592,44.5783460164119],[20.79021148292027,44.57762243626038],[20.79001223472592,44.578346016411984]],[[20.791248114406716,44.5776443889399],[20.79065084010375,44.5776528447667],[20.790818246501434,44.57767231891952],[20.791248114406716,44.5776443889399]],[[20.791248114406716,44.5776443889399],[20.791527593813647,44.57773435369577],[20.791554848668063,44.577754382898696],[20.791248114406716,44.5776443889399]],[[20.792237298621814,44.57863129426707],[20.792237298621824,44.57863129426711],[20.79210243390705,44.57848750520893],[20.792237298621814,44.57863129426707]],[[20.792317417640522,44.57891007203328],[20.79233261230737,44.57895815820229],[20.79231650366147,44.578906907311875],[20.792317417640522,44.57891007203328]],[[20.7924960935353,44.57941771087529],[20.792532925172306,44.579501872925036],[20.792469124484168,44.579355974789195],[20.7924960935353,44.57941771087529]],[[20.792663505297952,44.57981635409108],[20.792705856596562,44.57993089469939],[20.792705856596566,44.579930894699416],[20.792663505297952,44.57981635409108]],[[20.792742952442758,44.58034324106688],[20.792883398423967,44.580220134243945],[20.792742552514646,44.580338880498395],[20.792742952442758,44.58034324106688]],[[20.79289985618252,44.580198987293784],[20.792899856182476,44.5801989872937],[20.79316352547749,44.58013232287439],[20.79289985618252,44.580198987293784]],[[20.793254690713876,44.580134106601655],[20.793396761517986,44.58012653233268],[20.79316352547749,44.58013232287439],[20.793254690713876,44.580134106601655]],[[20.793540390566477,44.58014170214829],[20.793526748022227,44.5801540344423],[20.793526748022202,44.580154034442295],[20.793540390566477,44.58014170214829]],[[20.79359748803388,44.58009008276272],[20.793690815563092,44.58000578727524],[20.793540390566477,44.58014170214829],[20.79359748803388,44.58009008276272]],[[20.793846343417638,44.57986535490871],[20.793837991159585,44.579855804903886],[20.793765244892995,44.579938557108754],[20.793846343417638,44.57986535490871]],[[20.793827027125108,44.57984327089488],[20.793814525135673,44.57982897413619],[20.793829224001758,44.57984578138165],[20.793827027125108,44.57984327089488]],[[20.793576673313687,44.57955734921643],[20.79359152473679,44.579530475413],[20.793652157395453,44.57964358226684],[20.793576673313687,44.57955734921643]],[[20.79360733955533,44.57950187575113],[20.793604505321916,44.57945882473665],[20.793596325670645,44.579440699139695],[20.79360733955533,44.57950187575113]],[[20.794417660449778,44.57950368559744],[20.793632097124508,44.579422127815334],[20.793963061033622,44.57932530739667],[20.79410630647286,44.579341583129434],[20.794417660449778,44.57950368559744]],[[20.795073005960475,44.579199049784556],[20.794762680973456,44.57942398678678],[20.794862864917654,44.579377132728915],[20.795073005960475,44.579199049784556]],[[20.795283934754767,44.57916440706538],[20.79515114518616,44.579168635161246],[20.79526737416284,44.579164935541584],[20.795283934754767,44.57916440706538]],[[20.7953029503137,44.5792080362006],[20.795314058132494,44.579233514757824],[20.795283934754767,44.57916440706538],[20.7953029503137,44.5792080362006]],[[20.795408183009457,44.579378787001964],[20.7959132460225,44.57954756460804],[20.79592069879445,44.57955459741399],[20.795536534274014,44.57949469831579],[20.795408183009457,44.579378787001964]],[[20.79585647910567,44.580052982066555],[20.79579324179281,44.58002290029411],[20.7957932417928,44.58002290029405],[20.79585647910567,44.580052982066555]],[[20.795976683864545,44.58010548390454],[20.796004725448324,44.580117052807935],[20.79590374960506,44.580075474896844],[20.795976683864545,44.58010548390454]],[[20.79609578569658,44.5801492538342],[20.796144832623074,44.580164285389614],[20.796004725448324,44.580117052807935],[20.79609578569658,44.5801492538342]],[[20.79663787113137,44.58030392876501],[20.79687196540699,44.580389642186375],[20.797086855016563,44.58047202696106],[20.79663787113137,44.58030392876501]],[[20.797086855016563,44.58047202696106],[20.797604218940272,44.58030770060237],[20.797793672294453,44.58042214299387],[20.797086855016563,44.58047202696106]],[[20.797862232609074,44.58046362992871],[20.79802080495547,44.58055997494689],[20.798097467098792,44.58061195507658],[20.797862232609074,44.58046362992871]],[[20.798467049096423,44.58071996143425],[20.798546137131332,44.58078892342347],[20.79820839752174,44.580666546528725],[20.798467049096423,44.58071996143425]],[[20.798696876653747,44.58086543897544],[20.798696876653718,44.580865438975486],[20.79862725012713,44.58084975071872],[20.798696876653747,44.58086543897544]],[[20.798994202115964,44.581419623670214],[20.798889481441936,44.58136724231191],[20.79888948144189,44.58136724231185],[20.798994202115964,44.581419623670214]],[[20.799651116433402,44.58158510125028],[20.799571106680425,44.58159837202754],[20.799571106680414,44.581598372027536],[20.799651116433402,44.58158510125028]],[[20.799651116433402,44.58158510125028],[20.799737929433924,44.58157076203538],[20.799741598141683,44.581565818844936],[20.799651116433402,44.58158510125028]],[[20.800144675277505,44.58131366392053],[20.799900657990197,44.58141282855402],[20.80006617570198,44.58132401799626],[20.800111072012108,44.581304566363585],[20.800144675277505,44.58131366392053]],[[20.800922986104148,44.58192623308312],[20.800936135583548,44.58195175676312],[20.800841904842876,44.581821686191454],[20.800922986104148,44.58192623308312]],[[20.80112154566693,44.58223616629663],[20.801290555206823,44.58219149524342],[20.800936176441528,44.58222036711888],[20.80112154566693,44.58223616629663]],[[20.801584723780664,44.58204570921248],[20.801323121920646,44.582179878243586],[20.801557009996767,44.58204864092014],[20.801584723780664,44.58204570921248]],[[20.801584723780664,44.58204570921248],[20.80224193107019,44.58197628766607],[20.80224255368982,44.581976525020686],[20.801584723780664,44.58204570921248]],[[20.802280918835006,44.58199101067402],[20.802610945411658,44.58211560547762],[20.80272709977513,44.58224545422787],[20.802280918835006,44.58199101067402]],[[20.80272709977513,44.58224545422787],[20.80277955484234,44.582296896477565],[20.80289785761649,44.582405887064475],[20.80272709977513,44.58224545422787]],[[20.803048562332997,44.58264355786781],[20.803048562332975,44.58264355786773],[20.803167535206786,44.58297579726587],[20.803048562332997,44.58264355786781]],[[20.803212641646887,44.58310174465254],[20.803381323801,44.58319409020932],[20.803167535206786,44.58297579726587],[20.803212641646887,44.58310174465254]],[[20.803481272205577,44.5832488070959],[20.803906414625903,44.58302156623249],[20.80416198083771,44.58285388503129],[20.80416407670832,44.58285540988521],[20.80390641462595,44.58302156623249],[20.803701910363348,44.58313290551894],[20.803481272205577,44.5832488070959]],[[20.804468731935902,44.583077255220324],[20.804486207518785,44.583089976849244],[20.8042541644953,44.58292100797387],[20.804468731935902,44.583077255220324]],[[20.804421850185303,44.583859117928355],[20.804422740253834,44.583860406822126],[20.80441951467359,44.58385572527514],[20.804421850185303,44.583859117928355]],[[20.805037211859457,44.58400121081363],[20.80489085677153,44.584007173573376],[20.804898060760497,44.58400687979181],[20.805037211859457,44.58400121081363]],[[20.805370884189834,44.58390196555081],[20.805152617030593,44.58397454944218],[20.805370884189788,44.58390196555081],[20.805622212477974,44.58364391673841],[20.806324843627763,44.58332073011577],[20.80655979360808,44.58333335740073],[20.806648697257298,44.583432356211624],[20.806324843627763,44.58332073011585],[20.805370884189834,44.58390196555081]],[[20.80690917865809,44.58361293334031],[20.806936644972225,44.58362439955174],[20.806777681520558,44.58355807966294],[20.80690917865809,44.58361293334031]],[[20.807343848260867,44.583528502017295],[20.80734384826081,44.583528502017224],[20.807400553321855,44.58354077095036],[20.807343848260867,44.583528502017295]],[[20.807426025122556,44.583546275769855],[20.807426025122574,44.58354627576992],[20.807411541933543,44.583543146021576],[20.807426025122556,44.583546275769855]],[[20.807713798848177,44.584046234846895],[20.807463883014513,44.58390992880525],[20.80746388301452,44.58390992880518],[20.807713798848177,44.584046234846895]],[[20.80846729130313,44.58407868397257],[20.808005023891553,44.58394843455528],[20.80832268153198,44.58401051247591],[20.80846729130313,44.58407868397257]],[[20.808530016174593,44.58410825341265],[20.808723077579792,44.58426811029955],[20.80883215681219,44.58430095700385],[20.808723077579838,44.584268110299625],[20.808530016174593,44.58410825341265]],[[20.808859489315214,44.584299652361736],[20.808923221906934,44.5842966062985],[20.80883215681219,44.58430095700385],[20.808859489315214,44.584299652361736]],[[20.809149954490373,44.58408584057855],[20.809124338003617,44.58396587198005],[20.808923221906934,44.5842966062985],[20.809149954490373,44.58408584057855]],[[20.809168114136533,44.583842964977954],[20.809168114136533,44.58384296497792],[20.809315297098074,44.58384942702988],[20.809168114136533,44.583842964977954]],[[20.809357285383754,44.583870923323396],[20.809437980903496,44.58392458197075],[20.809474187176765,44.58402331012582],[20.809357285383754,44.583870923323396]],[[20.809600031346573,44.58432497660813],[20.80963856176291,44.584334768126624],[20.809521056818486,44.58421172115079],[20.809600031346573,44.58432497660813]],[[20.80963856176291,44.584334768126624],[20.810097912012612,44.584353593798795],[20.810215892733805,44.58435216403825],[20.80963856176291,44.584334768126624]],[[20.810151315490558,44.58469756238291],[20.81017138252303,44.58469895549011],[20.810145140641715,44.584688080106424],[20.810151315490558,44.58469756238291]],[[20.81040287957289,44.5847149798439],[20.81049400039236,44.584811515432115],[20.810175693921586,44.58469925400299],[20.81040287957289,44.5847149798439]],[[20.810369043825975,44.58506049953766],[20.81030620353246,44.58505582637382],[20.810306203532527,44.58505582637373],[20.810369043825975,44.58506049953766]],[[20.810464367224334,44.58506759335636],[20.8104831024591,44.58506898203539],[20.810369043825975,44.58506049953766],[20.810464367224334,44.58506759335636]],[[20.81102185192039,44.584913255888374],[20.81091188717048,44.584920457804934],[20.811020491131003,44.58491334366262],[20.81102185192039,44.584913255888374]],[[20.811040823555707,44.584923320656706],[20.81108578962484,44.584947175237616],[20.81102185192039,44.584913255888374],[20.811040823555707,44.584923320656706]],[[20.810752372015692,44.58556535847878],[20.81071012020617,44.585556779943275],[20.810710120206124,44.5855567799432],[20.810752372015692,44.58556535847878]],[[20.81087074574475,44.58558939296312],[20.810887990932915,44.58558930474289],[20.81117353360265,44.585568418557514],[20.81087074574475,44.58558939296312]],[[20.813588021679887,44.584723958049246],[20.811607242616716,44.58577269306572],[20.812305447992745,44.58537368143098],[20.812659183704213,44.58518138096749],[20.81316162607709,44.58491614706682],[20.8132521932448,44.584870391915395],[20.813536664305197,44.58474397338323],[20.81355650162954,44.58473515802865],[20.813588021679887,44.584723958049246]],[[20.813588373255314,44.5847160390502],[20.813598717864565,44.58448628838672],[20.813588021679887,44.584723958049246],[20.813588373255314,44.5847160390502]],[[20.81346764028051,44.58420350127033],[20.81346764028051,44.58420350127027],[20.81346890362915,44.58420365248639],[20.81346764028051,44.58420350127033]],[[20.813559525820615,44.58421424914329],[20.813712090459468,44.58424032811637],[20.81347483064968,44.58420434582854],[20.813559525820615,44.58421424914329]],[[20.81378148651025,44.58429727905488],[20.81389311905088,44.58441754671607],[20.813956418991026,44.584532313424425],[20.81378148651025,44.58429727905488]],[[20.814026753009944,44.58455244214856],[20.814212145040727,44.584540045728254],[20.81396963018974,44.58455626614516],[20.814026753009944,44.58455244214856]],[[20.814212145040727,44.584540045728254],[20.815015548791617,44.58446801023417],[20.81556033146675,44.5844320572179],[20.815015548791678,44.58446801023417],[20.814498795948715,44.58452083381034],[20.814341722089253,44.58453138528921],[20.814212145040727,44.584540045728254]],[[20.81561250497455,44.58443778749292],[20.81650653389815,44.5844567584527],[20.817312001455612,44.58433948473658],[20.81561250497455,44.58443778749292]],[[20.817638032569505,44.584262322470586],[20.817894720106423,44.58421079072007],[20.817312001455612,44.58433948473658],[20.817638032569505,44.584262322470586]],[[20.817894720106423,44.58421079072007],[20.81908775123582,44.58394686468314],[20.819307726234143,44.583916334043565],[20.819087751235877,44.58394686468317],[20.81843214435738,44.584109293260305],[20.817894720106423,44.58421079072007]],[[20.819339468610607,44.58416190095041],[20.819343511157076,44.58418029617784],[20.819338019343604,44.584150614831174],[20.819339468610607,44.58416190095041]],[[20.819493630890403,44.58473543375998],[20.819530527268736,44.58486032009049],[20.819485868824962,44.584709246959875],[20.819493630890403,44.58473543375998]],[[20.819567549646614,44.58498565583432],[20.819576649156968,44.58501644914135],[20.819530527268736,44.58486032009049],[20.819567549646614,44.58498565583432]],[[20.81958301346955,44.585035539269875],[20.81960560013555,44.585104062998724],[20.819576649156968,44.58501644914135],[20.81958301346955,44.585035539269875]],[[20.819662628889493,44.585276589434166],[20.819676400434926,44.58531837392745],[20.81965688092505,44.585259193166884],[20.819662628889493,44.585276589434166]],[[20.81993655739777,44.586080353549455],[20.81995155653699,44.586123593992625],[20.819919300204724,44.58603059569282],[20.81993655739777,44.586080353549455]],[[20.820069823415217,44.58650894420101],[20.820077581421984,44.58654146302165],[20.82003650067793,44.5863960908602],[20.820069823415217,44.58650894420101]],[[20.82019745689288,44.586989283431905],[20.820197456892878,44.586989283431926],[20.82019334448406,44.58697514740819],[20.82019745689288,44.586989283431905]],[[20.81874075575432,44.58842138457436],[20.81873950444004,44.58841081870008],[20.818739504440046,44.58841081870008],[20.81874075575432,44.58842138457436]],[[20.81881928543381,44.588556740234864],[20.818887893262087,44.58859606787924],[20.81877986870478,44.58851020000648],[20.81881928543381,44.588556740234864]],[[20.81767815555738,44.59135806796314],[20.817628961582017,44.59135042632564],[20.817628961582034,44.59135042632558],[20.81767815555738,44.59135806796314]],[[20.818117164774694,44.59142633580486],[20.81812870069409,44.59142814607747],[20.81777136011164,44.59137256089831],[20.818117164774694,44.59142633580486]],[[20.818545206450082,44.59148856004729],[20.818545206450054,44.59148856004737],[20.818161752263705,44.591432972582744],[20.818545206450082,44.59148856004729]],[[20.81819670243211,44.593789730122936],[20.818249511130446,44.593867630528266],[20.81816969646237,44.59371881007769],[20.81819670243211,44.593789730122936]],[[20.81832414360661,44.59396308562904],[20.81825576172765,44.59387685105576],[20.818255761727638,44.59387685105575],[20.81832414360661,44.59396308562904]],[[20.81730535153096,44.59528918853265],[20.81720765347577,44.595232295756254],[20.81720765347582,44.5952322957562],[20.81730535153096,44.59528918853265]],[[20.817555630344973,44.59541103725666],[20.81778316895593,44.595556650615556],[20.817893077456226,44.59565590996075],[20.81808335795773,44.59579354464545],[20.817893077456276,44.59565590996082],[20.81778316895593,44.595556650615585],[20.817555630344973,44.59541103725666]],[[20.81593850092113,44.596968968906225],[20.81571171616608,44.59690507120336],[20.816110301781325,44.59701360938355],[20.81593850092113,44.596968968906225]],[[20.81525202149597,44.59668123777991],[20.815249118083894,44.596680047933134],[20.81527971043311,44.59669465090437],[20.81525202149597,44.59668123777991]],[[20.81425888377018,44.59673833630314],[20.814258883770187,44.59673833630314],[20.81428306272538,44.5967406309924],[20.81425888377018,44.59673833630314]],[[20.812700285250465,44.59827362594747],[20.81295987687986,44.598359812472246],[20.812959876879834,44.59835981247233],[20.81274794994885,44.59828945228641],[20.812700285250465,44.59827362594747]],[[20.812748090550528,44.599362603747],[20.81269104474258,44.59936105359139],[20.812691044742593,44.59936105359131],[20.812748090550528,44.599362603747]],[[20.81295269005845,44.599368240220194],[20.813326516887518,44.599406563951995],[20.81333156672136,44.59940708445125],[20.81295269005845,44.599368240220194]],[[20.813090093608654,44.601158501105395],[20.813090093608654,44.60115850110531],[20.81318965350837,44.601197731004525],[20.813090093608654,44.601158501105395]],[[20.81254743848135,44.602341993520895],[20.812547438481396,44.602341993520895],[20.81256068750118,44.60234297379583],[20.81254743848135,44.602341993520895]],[[20.809708887439267,44.603289041289095],[20.80940664136623,44.6032521374329],[20.809389338954496,44.603249602348086],[20.809708887439267,44.603289041289095]],[[20.808375216180167,44.60311813703223],[20.80833627246233,44.60311460799154],[20.808386327933704,44.603119703440406],[20.808375216180167,44.60311813703223]],[[20.808002049746865,44.60308889930521],[20.808024609910138,44.60320170322602],[20.808038019459204,44.60330063322858],[20.808002049746865,44.60308889930521]],[[20.808022691926908,44.603558720593696],[20.808022691926904,44.60355872059373],[20.808020261490377,44.60353144687241],[20.808022691926908,44.603558720593696]],[[20.808968163111953,44.603589984629735],[20.808968163111953,44.6035899846297],[20.80990533335311,44.60373453496414],[20.808968163111953,44.603589984629735]],[[20.810917734324345,44.60396183537813],[20.811264175417197,44.60406777191674],[20.811383067980397,44.60411620400473],[20.810917734324345,44.60396183537813]],[[20.808928799732946,44.60450285418944],[20.808928799732954,44.604502854189434],[20.80917004888412,44.604541052048624],[20.808928799732946,44.60450285418944]],[[20.806931281901196,44.60624179466949],[20.806709164358182,44.60620740374254],[20.8069312819012,44.60624179466949],[20.806931281901196,44.60624179466949]],[[20.80624244840353,44.60615604380159],[20.80598400157939,44.606136080330444],[20.80625441883523,44.60615708778529],[20.80624244840353,44.60615604380159]],[[20.805120315114255,44.60729415798467],[20.804960642295054,44.60728748911277],[20.80543704003171,44.60730737356127],[20.805120315114255,44.60729415798467]],[[20.805083310286392,44.606688585231566],[20.80510349261043,44.60637569826741],[20.805016284007664,44.60699527227957],[20.805083310286392,44.606688585231566]],[[20.805086283454493,44.60609343806919],[20.805086283454546,44.60609343806918],[20.80510349261043,44.60637569826741],[20.805086283454493,44.60609343806919]],[[20.804107602431873,44.60615351665015],[20.804107602431905,44.60615351665015],[20.80412326588688,44.60615450672782],[20.804107602431873,44.60615351665015]],[[20.795578364777956,44.611947210710106],[20.795574510572507,44.611942972949414],[20.795574510572518,44.611942972949414],[20.795578364777956,44.611947210710106]],[[20.79550822838534,44.611982813869005],[20.79546580531036,44.6119698941716],[20.79550822838538,44.611982813869],[20.79550822838534,44.611982813869005]],[[20.794823419902073,44.611851907694444],[20.79474211256478,44.61183369418635],[20.794862275700144,44.611857009384444],[20.794823419902073,44.611851907694444]],[[20.793567136948933,44.61164536456714],[20.79356713694898,44.61164536456714],[20.793984908522106,44.61168436260302],[20.793567136948933,44.61164536456714]],[[20.792672756514815,44.61357853517019],[20.79271543949741,44.61380207813684],[20.792654948194993,44.613520328264656],[20.792672756514815,44.61357853517019]],[[20.79330167164951,44.615320680143185],[20.79341590447736,44.61558646970615],[20.79312840024847,44.61507575403836],[20.79330167164951,44.615320680143185]],[[20.793570030523288,44.61583037137204],[20.79378415939464,44.6161319154682],[20.79381149679833,44.616140307472456],[20.79382942493611,44.61616625903235],[20.793709420617038,44.61610898518214],[20.793570030523288,44.61583037137204]],[[20.79404256401445,44.618675785144724],[20.79411346319207,44.618718679898606],[20.79396634593647,44.61862122397729],[20.79404256401445,44.618675785144724]],[[20.794384338049294,44.61877044408226],[20.79457592407032,44.61880831498057],[20.794623145146463,44.618817651645074],[20.794386164431973,44.618770807471556],[20.794384338049294,44.61877044408226]],[[20.794734870436077,44.61884939345235],[20.79527891867125,44.6190053129432],[20.795541473194294,44.61912673674622],[20.794734870436077,44.61884939345235]],[[20.795541473194294,44.61912673674622],[20.7960133413393,44.619498995132204],[20.796201173212197,44.61958482566703],[20.796285390142536,44.61964842303218],[20.7960133413393,44.61949899513223],[20.795815285354728,44.61934546769883],[20.795541473194294,44.61912673674622]],[[20.796628071663367,44.619953761220955],[20.796781356152177,44.62008686323661],[20.796384664289242,44.61972338676405],[20.796628071663367,44.619953761220955]],[[20.797191113415867,44.62089415181923],[20.797239520468608,44.62121795960356],[20.79717012176475,44.6208123173259],[20.797191113415867,44.62089415181923]],[[20.79743493945258,44.621408469417425],[20.797500075758503,44.62151314648497],[20.797239520468608,44.62121795960356],[20.79743493945258,44.621408469417425]],[[20.79795178946477,44.622598880409605],[20.79795178946477,44.62259888040957],[20.797967478619537,44.62262370159358],[20.79795178946477,44.622598880409605]],[[20.798372868133157,44.62309532779304],[20.798407444901265,44.62313617829974],[20.79814594379333,44.62301303190639],[20.798372868133157,44.62309532779304]],[[20.798492715210323,44.62321996815493],[20.79844386628446,44.62319076011886],[20.79844386628444,44.62319076011879],[20.798492715210323,44.62321996815493]],[[20.79884519258034,44.62345911715806],[20.79887140400126,44.62349074639967],[20.798675201143535,44.62334249559766],[20.79884519258034,44.62345911715806]],[[20.799504025697217,44.62382350038776],[20.799570672501904,44.62386546558812],[20.79935944592965,44.62376096974334],[20.799504025697217,44.62382350038776]],[[20.799570672501904,44.62386546558812],[20.800070486747217,44.62393086539339],[20.80021947473677,44.62399484325039],[20.799570672501904,44.62386546558812]],[[20.800398435527303,44.624138701355776],[20.80039843552733,44.62413870135584],[20.80021947473677,44.62399484325039],[20.800398435527303,44.624138701355776]],[[20.8004327264388,44.624212634261895],[20.80066676692934,44.62442518008484],[20.800685374001684,44.624437812486484],[20.8004327264388,44.624212634261895]],[[20.800724912215415,44.62455901849776],[20.800797868525027,44.62467609889311],[20.800685374001684,44.624437812486484],[20.800724912215415,44.62455901849776]],[[20.80087985012188,44.624759179729324],[20.800816534167588,44.62470605354434],[20.80081653416755,44.62470605354427],[20.80087985012188,44.624759179729324]],[[20.801115056836792,44.62519294090219],[20.80141168323624,44.62550266690732],[20.801508246035134,44.62553100365063],[20.801115056836792,44.62519294090219]],[[20.80154269414789,44.625555182162934],[20.801604997111067,44.62559887372342],[20.801508246035134,44.62553100365063],[20.80154269414789,44.625555182162934]],[[20.801669352133686,44.62568763378869],[20.80191818436098,44.62587028389056],[20.80207511364658,44.62601068105264],[20.802276539545073,44.62611065630939],[20.802348721418237,44.62618522365715],[20.802276539545073,44.62611065630942],[20.80207511364658,44.626010681052726],[20.801698849247604,44.62573769768885],[20.801669352133686,44.62568763378869]],[[20.802533901213476,44.62640395347542],[20.802669904440226,44.62650215718001],[20.802371786008635,44.626305936335314],[20.802533901213476,44.62640395347542]],[[20.803082278962354,44.627254836917125],[20.803143765771615,44.62736937642817],[20.80295591711505,44.62701675538743],[20.803082278962354,44.627254836917125]],[[20.80334522996906,44.62799039130977],[20.8033461020645,44.62821934747411],[20.803345229141115,44.62799012094448],[20.80334522996906,44.62799039130977]],[[20.80309509615713,44.62877168289189],[20.803107490990257,44.62880236462936],[20.80309348529181,44.62875241034318],[20.80309509615713,44.62877168289189]],[[20.803233558023447,44.62897261546315],[20.803361295812312,44.6295160597138],[20.80344647307982,44.629624671482325],[20.803233558023447,44.62897261546315]],[[20.80359437491003,44.63014185179733],[20.803594374910023,44.63014185179734],[20.80359294832135,44.63012710478274],[20.80359437491003,44.63014185179733]],[[20.803131502369656,44.631409397908556],[20.803131502369652,44.63140939790857],[20.803123996962654,44.63138926133982],[20.803131502369656,44.631409397908556]],[[20.803096414007783,44.63165017165687],[20.80311472716472,44.631730575361686],[20.803083247855888,44.63159246087658],[20.803096414007783,44.63165017165687]],[[20.80313354311679,44.63256785147034],[20.803133543116786,44.632567851470384],[20.80303338419549,44.632430041672144],[20.80313354311679,44.63256785147034]],[[20.802667821084043,44.63347477235546],[20.80266782108403,44.6334747723555],[20.802636222781743,44.633388680800415],[20.802667821084043,44.63347477235546]],[[20.802464504389093,44.63418836822171],[20.802465789614775,44.634193897094434],[20.802455594919152,44.63415011550609],[20.802464504389093,44.63418836822171]],[[20.80211075068833,44.63474242716925],[20.802104628994805,44.63468877873985],[20.802104628994808,44.63468877873984],[20.80211075068833,44.63474242716925]],[[20.80205185985697,44.635349902312434],[20.802148421426306,44.63538458304043],[20.801994142421247,44.635197436688706],[20.80205185985697,44.635349902312434]],[[20.802280482111666,44.6354670202869],[20.802280482111716,44.63546702028694],[20.802276629175974,44.63546437608839],[20.802280482111666,44.6354670202869]],[[20.802507823542733,44.635628594448406],[20.802573475070464,44.635707136990824],[20.80228180745237,44.63546796222174],[20.802507823542733,44.635628594448406]],[[20.802896115962646,44.63672947902555],[20.80312114441459,44.63686782778774],[20.80316888707916,44.63696402771697],[20.80312114441459,44.63686782778777],[20.80298882853679,44.63682116382058],[20.802896115962646,44.63672947902555]],[[20.8028077601715,44.63841462512462],[20.802791346499934,44.638385437690786],[20.80279134649996,44.63838543769075],[20.8028077601715,44.63841462512462]],[[20.80269371930726,44.639977331049685],[20.802789580341805,44.640108799822556],[20.802574677618974,44.63991176603062],[20.80269371930726,44.639977331049685]],[[20.802365385220224,44.640267769942156],[20.802365164759777,44.64026773520048],[20.802380239291583,44.64027012124646],[20.802365385220224,44.640267769942156]],[[20.80153057419485,44.6419339677785],[20.80152298120165,44.641867986113965],[20.801522981201657,44.64186798611395],[20.80153057419485,44.6419339677785]],[[20.800569547354844,44.643198045646905],[20.80056926371141,44.643197149659414],[20.800569263711413,44.643197149659414],[20.800569547354844,44.643198045646905]],[[20.80094061652635,44.64327545478956],[20.80101982296939,44.643305028500905],[20.800721226905818,44.64324511277373],[20.80094061652635,44.64327545478956]],[[20.801144516842292,44.64340513077131],[20.801144516842307,44.64340513077137],[20.80111163468242,44.643370134735584],[20.801144516842292,44.64340513077131]],[[20.801316595620758,44.64392309145701],[20.801339691067113,44.643989549302226],[20.801240023533488,44.643715965768756],[20.801316595620758,44.64392309145701]],[[20.800958887587655,44.6450963274738],[20.80105878353794,44.64512204855494],[20.800941016067416,44.645070563936095],[20.800958887587655,44.6450963274738]],[[20.801069725268157,44.64512486581759],[20.801369053035828,44.64514562708535],[20.80142846556448,44.64520872710864],[20.801069725268157,44.64512486581759]],[[20.8010650623394,44.64582843447238],[20.801062678583353,44.64582702326471],[20.801062678583342,44.64582702326467],[20.8010650623394,44.64582843447238]],[[20.80144345979936,44.64617857761916],[20.80148181338816,44.646233491171465],[20.801293415755534,44.645963674879646],[20.80144345979936,44.64617857761916]],[[20.80105544654639,44.647103191375464],[20.800807517845737,44.64705326987461],[20.801055446546396,44.647103191375464],[20.80105544654639,44.647103191375464]],[[20.800780699661512,44.647297430441476],[20.800707563201428,44.64723399593412],[20.800707563201424,44.64723399593407],[20.800780699661512,44.647297430441476]],[[20.801456526873945,44.647679865577636],[20.801465731708035,44.647704952590665],[20.801434328425838,44.64768306787988],[20.801456526873945,44.647679865577636]],[[20.80179944414858,44.647955573496894],[20.801789790694027,44.6479618116695],[20.801798495580147,44.64795638117403],[20.80179944414858,44.647955573496894]],[[20.80179944414858,44.647955573496894],[20.80206932084655,44.64772320488242],[20.802347990592615,44.64763070893237],[20.80179944414858,44.647955573496894]],[[20.802350999621755,44.6476342229842],[20.802468666360916,44.647771489697504],[20.802468666360916,44.64777148969754],[20.802351594349517,44.647634917528556],[20.802350999621755,44.6476342229842]],[[20.801631086620855,44.64900100240574],[20.801553844742983,44.64891040047602],[20.801553844742983,44.64891040047596],[20.801631086620855,44.64900100240574]],[[20.802676146145842,44.64867848393617],[20.80268412253264,44.64908024968811],[20.802666878627328,44.64892200307504],[20.802676146145842,44.64867848393617]],[[20.802676146145842,44.64867848393617],[20.802778998106778,44.64864724742718],[20.802896807442224,44.64866679623728],[20.802676146145842,44.64867848393617]],[[20.802994213791152,44.64875515801847],[20.80303122501718,44.6488836476657],[20.802927951167998,44.648695048143985],[20.802994213791152,44.64875515801847]],[[20.803224121295152,44.64925647496722],[20.803224121295152,44.64925647496715],[20.803487448333293,44.64926681758324],[20.803224121295152,44.64925647496722]],[[20.804329851574828,44.649116491996274],[20.804329851574828,44.649116491996246],[20.804375460580378,44.64914446604625],[20.804329851574828,44.649116491996274]],[[20.804256475182203,44.64979693403912],[20.804819807545275,44.64970841618088],[20.80497826911627,44.64967394089971],[20.804256475182203,44.64979693403912]],[[20.80554738314173,44.64974193565395],[20.805882227190374,44.649857152756546],[20.806003139809775,44.64995412864289],[20.80554738314173,44.64974193565395]],[[20.806187739078403,44.65079814178302],[20.807041320014953,44.65051238910548],[20.80735468231563,44.650146171475605],[20.806187739078403,44.65079814178302]],[[20.80738501387144,44.65013514418156],[20.80788246188702,44.65001869682895],[20.807979934825575,44.650013027143316],[20.80738501387144,44.65013514418156]],[[20.808067837671246,44.65004233213292],[20.808067837671235,44.650042332133],[20.808017978719572,44.650025713909],[20.808067837671246,44.65004233213292]],[[20.807779438767643,44.65110184496174],[20.807779438767625,44.65110184496181],[20.807647780695063,44.650997497929325],[20.807779438767643,44.65110184496174]],[[20.80785077907619,44.651299598220135],[20.80775041740899,44.65122464303659],[20.807750417409,44.65122464303655],[20.80785077907619,44.651299598220135]],[[20.80801573217523,44.651323902335754],[20.80804097595687,44.65129589124406],[20.80801573217523,44.65132390233578],[20.80785077907619,44.651299598220135],[20.80801573217523,44.651323902335754]],[[20.80828812700255,44.65118611784069],[20.808306252490485,44.65117996536223],[20.80809317220177,44.651237993097304],[20.80828812700255,44.65118611784069]],[[20.808794718448468,44.6508315573138],[20.80854213506329,44.65104191371212],[20.808789055510825,44.650836273234276],[20.808794718448468,44.6508315573138]],[[20.808977606470787,44.651039214747264],[20.808977606470783,44.65103921474732],[20.80893931552141,44.6508735554988],[20.808977606470787,44.651039214747264]],[[20.80902498284271,44.651628057860485],[20.809405668587996,44.651415031672165],[20.809669768742655,44.65134616922027],[20.809405668587996,44.65141503167223],[20.80924218049131,44.651560288285054],[20.80902498284271,44.651628057860485]],[[20.810124609515977,44.651319288694765],[20.810198968639533,44.65137518122008],[20.809925294349313,44.651277471936446],[20.810124609515977,44.651319288694765]],[[20.810467970713667,44.65176808067225],[20.81057999610376,44.651786763939434],[20.81115217456616,44.65173379293764],[20.810467970713667,44.65176808067225]],[[20.8114668699826,44.65184860381177],[20.81146686998259,44.651848603811814],[20.81137012917202,44.65174350849525],[20.8114668699826,44.65184860381177]],[[20.811282901668875,44.652678350851104],[20.8114564284272,44.652704282803455],[20.811157085574003,44.652596966658315],[20.811282901668875,44.652678350851104]],[[20.811570169513967,44.65274156611945],[20.811730904469453,44.65267934230759],[20.811537588573685,44.652754184246376],[20.811570169513967,44.65274156611945]],[[20.811732495573757,44.65267872375954],[20.81173249557377,44.65267872375955],[20.811730904469453,44.65267934230759],[20.811732495573757,44.65267872375954]],[[20.811916282524944,44.652728792260405],[20.812179276489463,44.65278324749562],[20.81175167635961,44.652683949120686],[20.811916282524944,44.652728792260405]],[[20.812645401138433,44.65272655711789],[20.812231269694554,44.65279401315032],[20.81223126969453,44.65279401315031],[20.812645401138433,44.65272655711789]],[[20.813226546810697,44.65263183065585],[20.813350121020918,44.652784756083705],[20.813226546810697,44.65263183065593],[20.812645401138433,44.65272655711789],[20.813226546810697,44.65263183065585]],[[20.813350121020918,44.652784756083705],[20.813767887251856,44.65300179006395],[20.813819221045716,44.65297958002691],[20.813350121020918,44.652784756083705]],[[20.814381091538113,44.652736475271375],[20.814381091538127,44.65273647527139],[20.813923757673784,44.65293435180541],[20.814381091538113,44.652736475271375]],[[20.81460600567943,44.65365258278533],[20.816204163112623,44.65374985608577],[20.816446501632647,44.65382674614666],[20.81524038394787,44.65387637203148],[20.814812650493757,44.653818078746404],[20.81460600567943,44.65365258278533]],[[20.816651214899018,44.65428427551875],[20.816516191994868,44.654159768723865],[20.81651619199486,44.65415976872384],[20.816651214899018,44.65428427551875]],[[20.816739847721568,44.6543659576776],[20.81701039937928,44.65461533147685],[20.817173789929587,44.65480098496357],[20.816739847721568,44.6543659576776]],[[19.987256861882404,44.6403971419838],[19.985149646644008,44.63801852564085],[19.988414429244184,44.63593347080419],[19.986536240537166,44.63610220993628],[19.98453450527422,44.63540531838191],[19.982534605001288,44.63247090838068],[19.98270456960101,44.631896346107055],[19.983050346722425,44.63173975584291],[19.984732426041422,44.63249018889656],[19.984042156966034,44.631935281784095],[19.984249842229804,44.63156714312543],[19.984774942768034,44.63136740641371],[19.985743326054198,44.63147532395347],[19.986121898283187,44.631200758924],[19.984362936583636,44.63056009151038],[19.983773270304813,44.6296721838273],[19.985573786070947,44.62840377012108],[19.98454119089688,44.6280422110099],[19.98387435875164,44.62894167577665],[19.983576444891682,44.628949027272476],[19.982984077444456,44.62867180966954],[19.98234570059136,44.62903027811883],[19.98077036362389,44.628869513641185],[19.980266807482195,44.628587936824445],[19.980964182794786,44.62837958199936],[19.980737503341455,44.628118737318424],[19.980627608134846,44.62774472272428],[19.980907993656523,44.62738470007048],[19.979535998978058,44.627582466740876],[19.978719044196154,44.62746710669925],[19.97864022645715,44.62736983653434],[19.97965979713649,44.62622720183632],[19.978199641916362,44.62679001274863],[19.97730036923168,44.626426054621575],[19.977242778533622,44.62623240557896],[19.977486048254057,44.62570475459781],[19.97899269904416,44.625011418050505],[19.97915813398211,44.62420704360542],[19.97734705949907,44.624556308040354],[19.977082779347636,44.624357665895474],[19.975224800805467,44.61889206500653],[19.977617150897096,44.61767512527046],[19.97732818186887,44.61734145163194],[19.976685295339536,44.61760382438183],[19.97550717897384,44.617293085358504],[19.975406413461926,44.61656068943904],[19.97641975362447,44.61638163487579],[19.975714807953853,44.615989078498146],[19.975623375923025,44.61384425903296],[19.975965800596576,44.61365075923141],[19.97687097766381,44.613895882568464],[19.976213029420194,44.61317471894617],[19.97667938178199,44.613040550794935],[19.976467460175783,44.612869466390855],[19.976420870352158,44.612710295705384],[19.97696507039362,44.61249024327925],[19.978794570591763,44.612059153007465],[19.979722389984342,44.61233424290798],[19.979516048189865,44.611383476930754],[19.97966817399363,44.6112284138199],[19.982990162901263,44.60914461669836],[19.98352935400937,44.60933901665462],[19.9837181661618,44.60951411449053],[19.984186000870054,44.609205325721824],[19.984875793530072,44.60916471286313],[19.98523461760738,44.60932871127155],[19.985104610454677,44.6091693447151],[19.98522147389548,44.60903411831156],[19.98575535927978,44.60883831371302],[19.98544061001673,44.6085956870354],[19.985843826435087,44.60841600861272],[19.985509958914644,44.6078021462112],[19.985674494737367,44.60767085018043],[19.986002190000402,44.607683012194734],[19.986328263646204,44.60699802388826],[19.98676849146215,44.60677546753316],[19.986289037628353,44.60617409471454],[19.986811621269023,44.60549569688356],[19.987490677515446,44.60533086135436],[19.986999825592914,44.60503808889919],[19.987063046491706,44.60440747952096],[19.988238930169135,44.604458693817755],[19.987738707645754,44.60427780146471],[19.98800987453298,44.60399659977519],[19.987496402157216,44.603468912199915],[19.98745275549378,44.60335638876666],[19.987576614630925,44.60318000014008],[19.98960314610536,44.602755840774165],[19.991049637036756,44.60324060448687],[19.9906690169646,44.60188158544383],[19.990872552290387,44.60180957326566],[19.991099738864317,44.60192911046559],[19.991035321524823,44.601654672514556],[19.991709669907515,44.60133569266598],[19.991208052373878,44.60114858685258],[19.99111976489369,44.60107500071436],[19.991155322848556,44.60099251220417],[19.99417366111366,44.59795365902238],[19.994821540152873,44.59765423033644],[19.996025979038137,44.59800838838557],[19.995370784624672,44.59758991665607],[19.995322319733482,44.597471051949384],[19.99546264462735,44.59734546844833],[19.995470002236342,44.59709308205765],[19.99556889713996,44.59701096646789],[19.996756158309097,44.59726461622168],[19.996368592821383,44.59693524855533],[19.996263508985354,44.59662940884552],[19.996499975381493,44.59610461305068],[19.995915615273738,44.595977643459285],[19.99574382754777,44.59588200141714],[19.99570756840856,44.595727152969665],[19.996310887733078,44.59452867255115],[19.996447541973875,44.59445498670729],[19.996607232693624,44.594484732612976],[19.997007395619292,44.59476165067421],[19.997885421877143,44.59479505920701],[19.9978219286314,44.594479863918124],[19.9973851925396,44.59441106719682],[19.997319912739567,44.59424426472352],[19.99743518442444,44.59402899773804],[19.99792843042409,44.593695170437286],[19.998070199153588,44.59333703167115],[19.99838824538403,44.59331271849559],[19.99896819534712,44.59357923394909],[19.99921424933444,44.59351531986957],[19.99851288781651,44.59302796177107],[19.99845452046283,44.592795518116134],[19.998574258350136,44.59255445897705],[19.999243373936626,44.592267882017694],[20.00010762191941,44.592177225410815],[20.000132875022572,44.5920554034302],[19.999355841737575,44.59216455137246],[19.999147749740764,44.59206355395424],[19.999186694960013,44.59162702665143],[19.999784998361104,44.5913121988452],[19.999662497286497,44.59109611701308],[20.000016892918335,44.59023294108316],[19.999742307067248,44.59078108664512],[19.999193470152967,44.590766220559324],[19.999065222095027,44.59059184874743],[19.999458981248747,44.59031456810655],[19.999333966927324,44.58995095161572],[19.99853137546028,44.5902527434581],[19.9983089006575,44.59022002065637],[19.998178831630312,44.59013023336265],[19.998343497168765,44.5893899680963],[19.997603419990206,44.58959338707061],[19.99747277658908,44.58950791424818],[19.99746936037461,44.58939115172954],[19.99781431253692,44.58916943152588],[19.996807662261965,44.58902608233505],[19.996805908151455,44.58848146630411],[19.995822712181486,44.58898398587221],[19.995317711579588,44.58892592413676],[19.99521715410221,44.58854055558013],[19.996007507498938,44.58820942734749],[19.99494289685808,44.5880549336131],[19.99383345277965,44.58738036411961],[19.993178064281043,44.585734866325716],[19.99177871192288,44.58701230666017],[19.990931843230502,44.5863764645626],[19.991152376635196,44.5866668612537],[19.991109138229774,44.58680112425036],[19.990530134901658,44.587311923588125],[19.98985043923918,44.58705249415254],[19.990164125308137,44.58571323796084],[19.992308177106157,44.5833391931472],[19.99430837367336,44.57879139966673],[19.994999350598015,44.57807294923736],[19.992482836751293,44.583258105943415],[19.989899673417792,44.5869358351593],[19.99090206441826,44.58630690063456],[19.991735868643282,44.58694073797975],[19.99322473727962,44.58567884434414],[20.000080289766778,44.59017832223676],[20.000192206725316,44.59222431379732],[19.998631069800638,44.592590595536116],[19.99926601657467,44.593537191476806],[19.99793458642973,44.59482185907513],[19.997019746207744,44.59479793857999],[19.996376958722134,44.594531590277704],[19.99679257520704,44.59727834452237],[19.991096651083627,44.60328259714252],[19.98753713857041,44.6032989922489],[19.988371884857354,44.604353394213135],[19.988310569875537,44.604489743541755],[19.988071362702595,44.60457682846245],[19.987132901370277,44.604468754556365],[19.987619499796608,44.60534054593137],[19.98637171076346,44.60616474390895],[19.98681965640823,44.60681056860708],[19.98601080076023,44.60773843798349],[19.985610898473706,44.60775668794866],[19.985920454571453,44.60844296475502],[19.985516036612726,44.608604723150485],[19.985854033945614,44.60879274510345],[19.98526883365787,44.60938949336054],[19.983663182281333,44.609560877613845],[19.982988978955664,44.60919086562475],[19.97977301249373,44.61240741121253],[19.976515638820164,44.61270142056118],[19.976750636957515,44.61306503514507],[19.97630652036889,44.6131741121391],[19.97691296898865,44.61392235526112],[19.97575439565698,44.613808618419355],[19.977685508130662,44.61767123416887],[19.97533195061186,44.61893208025447],[19.979270312583306,44.62416934277651],[19.979070125536456,44.625051345855496],[19.977365471693815,44.62636408646887],[19.97975443117739,44.62618412504035],[19.978780430380535,44.62735119576943],[19.98093071460706,44.62731047288832],[19.981072599917326,44.62829801721831],[19.980542397664873,44.628725382550414],[19.98449718288926,44.62794264549415],[19.985777939732653,44.62833852654112],[19.986288223080475,44.63123849659044],[19.984821792212568,44.63267016258035],[19.982666520207097,44.632458488054716],[19.988551440767793,44.63590371944016],[19.987256861882404,44.6403971419838]],[[20.056559316437824,44.52385415380688],[20.059655385053027,44.522225560089105],[20.060940297336913,44.52191069261831],[20.062111264579528,44.52111336936998],[20.060977318888206,44.52194771707888],[20.056559316437824,44.52385415380688]],[[20.14903519756869,44.511597511347475],[20.14911854473205,44.51153144137022],[20.152727801532716,44.512232945962815],[20.154070962887708,44.51327050081914],[20.154317310261522,44.51383095134531],[20.15425876193674,44.51481691867439],[20.15400033991038,44.51585468864577],[20.1536560032636,44.51631861284373],[20.15450475334284,44.517054063759765],[20.1546631385621,44.518000683372286],[20.15917370626164,44.519954152676725],[20.159676248118554,44.52055274144327],[20.16009780010899,44.52249901396616],[20.167293426737658,44.52375132170302],[20.167984924468232,44.52413721908529],[20.16797080510208,44.52445715278176],[20.15980290739917,44.52251637978403],[20.154553428557602,44.518080152602806],[20.153538763647866,44.51637093627695],[20.1539766905812,44.51333550406791],[20.14903519756869,44.511597511347475]],[[20.200759545072454,44.56852500216706],[20.20120011000582,44.56638772872366],[20.202462877510726,44.56608225973537],[20.203305896310262,44.56672698247983],[20.203015609175377,44.56576525572936],[20.205107858379264,44.56425877303835],[20.208635774530585,44.56410354349473],[20.207819765155968,44.55997430841698],[20.212632019768666,44.560212238337186],[20.211551270517838,44.55992741372366],[20.211740555312133,44.558821572143025],[20.210031250675446,44.559072073466815],[20.208103722456972,44.55837131484912],[20.207009814254793,44.55689982867301],[20.20719492661404,44.55618044466388],[20.20893267586799,44.555042919060924],[20.209044608708773,44.55440880094897],[20.206661056785986,44.55524772418203],[20.205489274889164,44.55471370765384],[20.206748774331295,44.552144887749435],[20.20832726055435,44.5519591440781],[20.209892657299502,44.550759113783855],[20.208983026967346,44.55043512179412],[20.20813358805032,44.55166889106425],[20.20679766804318,44.551723644482756],[20.204404928822463,44.55131922042589],[20.20365491465803,44.55020074051653],[20.20387496574297,44.54968960492622],[20.205463682457665,44.549563111205096],[20.204863201356943,44.54856403212176],[20.20494160271981,44.54788963208277],[20.20597597642961,44.5458290386095],[20.206653391835367,44.54526786880734],[20.213731489847866,44.546537190890504],[20.213969536386408,44.54459903516185],[20.21162126675297,44.54512141094308],[20.211465594426645,44.542602822516045],[20.212096800200225,44.542101877073],[20.213587698361238,44.54261649852439],[20.214948260588145,44.541676005153754],[20.214533627133495,44.541131518645344],[20.211100504765323,44.542267563776996],[20.209769123544437,44.541954810295714],[20.2091477402564,44.54123525945913],[20.20948752568549,44.54041586179288],[20.21291951433188,44.53981700402812],[20.21261227124419,44.5396162546455],[20.211797658539556,44.53993683360814],[20.211368685245674,44.54002856833073],[20.21103052658051,44.53995558815346],[20.2091017282472,44.53847819464599],[20.209163175732645,44.5377683026262],[20.209605203520237,44.53701711297837],[20.211399876740067,44.53555142067076],[20.212116126255427,44.536026976533094],[20.21118171334907,44.53789057480405],[20.211525470161163,44.53869532980616],[20.212037551326386,44.53715158237061],[20.213283598998764,44.5378700057697],[20.21550130383206,44.537600243367116],[20.213281469629923,44.5372521099367],[20.21266766656771,44.53502569125711],[20.21383986413652,44.53471089159339],[20.216838884096667,44.53576285027551],[20.215850600050263,44.534993766260854],[20.217430389636316,44.53382819984094],[20.215954814549523,44.53360265598219],[20.21437345255244,44.53263536619469],[20.21992271757206,44.53137185727272],[20.21674402660416,44.53139313615702],[20.21679301235894,44.53077010221379],[20.21868335671275,44.529865935948024],[20.217539331129267,44.530303932405886],[20.21694536400488,44.53020762659633],[20.21723787533314,44.52913758285685],[20.212601337271412,44.52754761180933],[20.210906329865054,44.52541971706958],[20.21139703357623,44.525024472076375],[20.212555804479596,44.525404062244114],[20.214694599332923,44.52455956461515],[20.215076463138548,44.523252364913446],[20.214483014024193,44.52293491455869],[20.213731191790565,44.52457528613201],[20.213171070581584,44.524773137802384],[20.21262652862101,44.52466346500192],[20.2122976299574,44.524095176131304],[20.213269740423186,44.52344996306231],[20.21237858864032,44.52265919707374],[20.21281539570597,44.52185343233796],[20.210060900412763,44.522181351397414],[20.208592458024928,44.52178474848346],[20.207964255848218,44.52124993209971],[20.207304729920384,44.519256404482995],[20.208123733137093,44.51839553285812],[20.20994267331081,44.51861589831199],[20.211315228580187,44.519355531372206],[20.211597633242363,44.51825297925801],[20.213532155895823,44.51789456523271],[20.217859789225805,44.519618416263825],[20.219710766036606,44.51805248737284],[20.21870304333166,44.51734254496205],[20.21835737877567,44.51745431209421],[20.218730713937724,44.518088480738975],[20.218405328223934,44.51855651899846],[20.21715639629765,44.51847321676508],[20.21656791117046,44.51805024655945],[20.21626884373928,44.51745194752281],[20.217083201807156,44.51567458701916],[20.2161486127805,44.51599175974391],[20.2159322657128,44.51717559500542],[20.215261750928285,44.51759140666899],[20.20996902389082,44.51595141292971],[20.209141444115996,44.51481384781452],[20.211645117834838,44.51424537015207],[20.214018570973586,44.51504531388769],[20.21426427394048,44.51442328899851],[20.213046921293433,44.51355938535623],[20.21234596436338,44.511121564689304],[20.216138007488787,44.509605221765995],[20.21994380896321,44.51015245978769],[20.22028246515883,44.511643638274066],[20.221721456729227,44.50999939073573],[20.22602054274505,44.51120394969362],[20.223624627604625,44.50957956857245],[20.223128216137905,44.50855975253229],[20.22335338635547,44.507910579424674],[20.225563039723525,44.507076289079244],[20.226120431235536,44.508634697818366],[20.227998624932727,44.50634797390511],[20.229102756823014,44.50630041557082],[20.2311053669286,44.51060930026385],[20.228682306215358,44.50637714623577],[20.226368328196948,44.508759309006564],[20.22350925284971,44.508279103840934],[20.226227893846477,44.51140883878079],[20.220922947485096,44.511965513964746],[20.215781429137298,44.50986873487407],[20.214144786902292,44.515173080588156],[20.20950482228816,44.514815725210184],[20.217109766832678,44.51546569632307],[20.219894093648797,44.51782243221589],[20.2197482732674,44.51919440237357],[20.217880862597127,44.51983960768232],[20.207653577783375,44.519395258007194],[20.213047225520555,44.521799222446404],[20.21349848940425,44.52355071644284],[20.212652379347436,44.524471845959916],[20.21435671798819,44.52279328554116],[20.215171904169036,44.5230680619296],[20.21496488317543,44.52462180544833],[20.212634441789007,44.525544016937985],[20.211329034791582,44.52521580066867],[20.211320095013786,44.52556197954554],[20.218950852324124,44.52983742575589],[20.217100145840295,44.53125848999917],[20.219180249864742,44.530532558919205],[20.220210919541287,44.531461120542986],[20.21474129960392,44.53268711617613],[20.217653707910433,44.53363261410085],[20.217120854791865,44.535876920454534],[20.212913314135644,44.53511738211472],[20.2157452074651,44.53628460375074],[20.215551107847947,44.53781785526738],[20.213462307713698,44.53811172426558],[20.212044576134833,44.53746133710642],[20.212033949275607,44.538744728300735],[20.211028388756425,44.538659328094745],[20.211517894158735,44.53572972089484],[20.20949152024802,44.53770054421972],[20.21106440076241,44.539888677765845],[20.21234348853987,44.53957786673665],[20.212616469726612,44.539566061459176],[20.21298708774701,44.53977048581904],[20.211592245836297,44.541124830076036],[20.209745742843076,44.540435373197234],[20.210079804437044,44.541771001972926],[20.214243379418257,44.54088300824315],[20.215252711588366,44.54150447083347],[20.213209778157843,44.54299057400419],[20.21174037974984,44.542542339240946],[20.214349034748924,44.544603707114895],[20.214088695035347,44.54658176293067],[20.208091010438988,44.548488279251195],[20.20669491964289,44.54556463193528],[20.205720049984475,44.549536357934336],[20.20391549150634,44.55021623305532],[20.207248934273803,44.551581679805025],[20.208923929033986,44.5502822458197],[20.210047800720808,44.550585753955716],[20.207832013910874,44.55421096436514],[20.20579037428589,44.55470355566976],[20.209445590613377,44.55430032294049],[20.209231248764482,44.55516324603604],[20.20731310428386,44.556951249563845],[20.2119038746876,44.55866842871639],[20.21300176798555,44.560228369098084],[20.208097250431486,44.56018449736829],[20.208872037194848,44.564356731983175],[20.200759545072454,44.56852500216706]],[[20.239307532599536,44.50171358761111],[20.23601416042937,44.49747614094193],[20.236082688708102,44.49702068151025],[20.2374378025004,44.49611277368368],[20.239307532599536,44.50171358761111]],[[20.23872248935669,44.461364182544386],[20.23320122819443,44.459980887735455],[20.233623250590593,44.459466772503035],[20.23404527079357,44.45918376927595],[20.234747095939365,44.459087312431045],[20.23504624540768,44.46013455014313],[20.237253346836866,44.4595299361426],[20.238789351234878,44.46121802088413],[20.23950099299555,44.459925697324465],[20.241626807070055,44.45868900518156],[20.24091830185459,44.45765939725074],[20.239887385563303,44.458487924042984],[20.239228764375707,44.45838418793353],[20.238045886256277,44.45606847954624],[20.236321841680354,44.458849719361034],[20.235767840720733,44.45869176031018],[20.2351879999105,44.45811504544137],[20.232830624834357,44.4578927990943],[20.232365061661003,44.45747856671784],[20.232516422375877,44.45688622938246],[20.23361109877652,44.45643701088443],[20.23661123004478,44.456265822770966],[20.23662623061258,44.45577804213084],[20.235523266552416,44.45495385680354],[20.2352807019256,44.45432990002172],[20.23765664341732,44.451362082384314],[20.236046770691335,44.44872767395544],[20.2376067031653,44.44618491476835],[20.238007924466242,44.44604312814766],[20.240041833064904,44.44648771674337],[20.24070709154682,44.44818090088836],[20.242049422811522,44.44814981744352],[20.24421113883995,44.4487658293007],[20.2443182909011,44.44752442417097],[20.24503912591757,44.44647164923904],[20.241370714082624,44.446337386372385],[20.24110016217305,44.44587443202418],[20.241301210082135,44.445276892353135],[20.248285074446905,44.442962139683026],[20.241438062038718,44.44531280779195],[20.24515111721658,44.44639903474521],[20.244216964041193,44.44889925038204],[20.240563287321653,44.44827445061177],[20.237770916848703,44.44621318571174],[20.23786905926314,44.451443505898276],[20.235473373412344,44.45421985979052],[20.235505031753846,44.45471334989506],[20.236681383788774,44.45553676463846],[20.23684695050877,44.45621816640305],[20.232503683852283,44.45749614624509],[20.238014652136947,44.45591887467326],[20.239548991258435,44.45842915657979],[20.240932995913948,44.45751387601464],[20.241827215080235,44.45866126397367],[20.23872248935669,44.461364182544386]],[[20.2473061670869,44.442580953244544],[20.245622818623268,44.442626879943035],[20.2443846784255,44.44163454871777],[20.24361211138733,44.43954731694928],[20.241998388965413,44.439157135396],[20.241435053107512,44.43744307862031],[20.241934471893135,44.436722295548314],[20.243342649119153,44.4369538853962],[20.24473291586286,44.43551585792785],[20.242909743883107,44.433271034795744],[20.246811582977223,44.429725758479584],[20.24534806750013,44.42896308916146],[20.244033086849967,44.42975359359241],[20.241277696809618,44.42908902000927],[20.24229324027072,44.42602765055104],[20.24470296130265,44.42464881342266],[20.24001746519327,44.426011985658775],[20.240115173620993,44.424338906239285],[20.23250559584422,44.42116698528204],[20.232457757570682,44.420038907644376],[20.22890347623171,44.4218564672375],[20.227420356413194,44.421411402090996],[20.217606049049458,44.41372218728496],[20.218781774704617,44.411663530995185],[20.221301605868373,44.410841811454326],[20.219688998420423,44.41103643146092],[20.218300328579172,44.41044400540367],[20.218492386188004,44.40912923463879],[20.222734298704008,44.407739809368024],[20.219832660645736,44.40517787585822],[20.21984083505472,44.40334710194876],[20.21308934061895,44.40400741900479],[20.20835355379116,44.40029764998083],[20.208832353625954,44.399466957270256],[20.210535933943824,44.399522232524596],[20.21087923468262,44.39606775118791],[20.211730011863008,44.39561071675724],[20.212760409068554,44.39546166243325],[20.21350765978197,44.3963129833009],[20.21356594081808,44.397360093417205],[20.216204201408637,44.397910670397586],[20.215860627693687,44.39537233440174],[20.216512771452656,44.394945116045136],[20.219176165438615,44.39425080145842],[20.217962138450282,44.39225644207277],[20.21835698504902,44.39189947211527],[20.21949606332249,44.391822094538924],[20.220171016282237,44.39132526742998],[20.220443080148858,44.389841026771414],[20.21949056110271,44.38916984305883],[20.2194791304348,44.38873503501502],[20.220078539535592,44.388281977960446],[20.220935768422372,44.38812958197898],[20.221235164335575,44.387726590608196],[20.21943182624621,44.38778739670687],[20.21766931990794,44.38676810780656],[20.217091777950294,44.387124366439586],[20.217157432055824,44.38856743650798],[20.216898231044762,44.3889467513674],[20.21575827392141,44.38916936653862],[20.213665055843396,44.389185788990076],[20.213010951281923,44.39027171464511],[20.21060592303167,44.390496252726585],[20.20913716716312,44.38800355506913],[20.214458588694242,44.38642480221526],[20.21169791951846,44.384837290457995],[20.209273310451714,44.38675350469603],[20.208110005884226,44.386428184689215],[20.207303189290535,44.3849874723199],[20.20770138482706,44.38247469655912],[20.2101470470337,44.38093433861585],[20.20597284877875,44.378370583532266],[20.20641687999958,44.37596716747986],[20.210666206926074,44.38091514848853],[20.20841810021644,44.38626110674381],[20.211603960708892,44.38456194872534],[20.21475871079046,44.38619590428139],[20.210900431459553,44.390210807172245],[20.217771948797385,44.38661948897213],[20.221429380044956,44.387579940666036],[20.21935070325832,44.39436899847813],[20.21603380821854,44.395328426064886],[20.216443865993337,44.3979931361935],[20.215079682342136,44.39822313565197],[20.213485906469423,44.39745000036928],[20.213036526520064,44.395876074682164],[20.211605424285416,44.39595251845609],[20.21096674939667,44.39942917421689],[20.20868298953087,44.40022018825482],[20.21330214191123,44.403772889585134],[20.218826210688654,44.40239557232753],[20.220446872162285,44.40354122529663],[20.22316744875564,44.40762672214389],[20.21873443750296,44.4092245804789],[20.221735272793204,44.410776168325334],[20.218121825485483,44.41378159897044],[20.227815024597785,44.42130011597952],[20.232529066979854,44.41977063081956],[20.244929747112423,44.42449432643736],[20.24159244147312,44.42894295109433],[20.246024762493512,44.42879841430008],[20.2470423291312,44.42924268726167],[20.247064101294328,44.43003540784925],[20.24504256008173,44.43571095131183],[20.24378469079138,44.43712015263985],[20.24191580626012,44.437285054713826],[20.2473061670869,44.442580953244544]],[[20.21705426200726,44.3697119124768],[20.214238895935804,44.369343574215726],[20.21289792006769,44.36931621112829],[20.214147222362794,44.36922720126453],[20.21705426200726,44.3697119124768]],[[20.222429922982602,44.35932375311712],[20.22268479460508,44.35797733271033],[20.22309955900942,44.3572802574012],[20.22345523626992,44.35692512673728],[20.22460269755356,44.35614196746309],[20.225001643025553,44.35594831223172],[20.22771928642995,44.35510074680672],[20.228920867308513,44.35440132731851],[20.230014867311613,44.35344637527801],[20.23174787482529,44.35237009265827],[20.22462090359825,44.351451843642515],[20.231906331835773,44.35231942208631],[20.222429922982602,44.35932375311712]],[[20.22167609202051,44.351495587239654],[20.22116951763189,44.35138891376505],[20.220620783025193,44.35156796276211],[20.218006170841594,44.35190273695969],[20.21550798878259,44.351865839307905],[20.22105521165131,44.35136356618741],[20.22167609202051,44.351495587239654]],[[20.19966536851181,44.35010331049472],[20.213030615758278,44.35219805697177],[20.212225712091122,44.352238535883956],[20.19966536851181,44.35010331049472]],[[20.191319351548227,44.34729317941502],[20.193371573347378,44.3493093767264],[20.192127827886548,44.34863635444332],[20.191908608362745,44.34845211341736],[20.191749871737702,44.34816524785715],[20.19178325068713,44.347798012961505],[20.191319351548227,44.34729317941502]],[[20.191104135456598,44.34713767461991],[20.191558075469043,44.343124226962814],[20.19429834291703,44.34321989933271],[20.194358854327948,44.341449452955075],[20.194622718170475,44.34110830867471],[20.195697034691285,44.34069616845165],[20.196635332054996,44.34077771321707],[20.196994721734335,44.341120432111865],[20.197285768336467,44.34276426608886],[20.198796831568895,44.34241102592507],[20.199165521322115,44.34319741066637],[20.199135045569534,44.34072893103754],[20.20034064587021,44.34010156521545],[20.201329619962518,44.3403203052445],[20.20141987272085,44.339970831370934],[20.200846146070557,44.33983274135399],[20.198089648738474,44.33727730751685],[20.19658733745548,44.3353716408143],[20.202921519598984,44.3304432700865],[20.204010772028134,44.33045884090917],[20.20669497269031,44.33172016451762],[20.207478168596964,44.33285733948001],[20.20682085102365,44.333904905114544],[20.208035956964395,44.334731497658844],[20.208639785068467,44.336064164598554],[20.209941636189658,44.33488395903201],[20.2121973603775,44.335529384545296],[20.210384028579437,44.33171565401549],[20.212010583322545,44.32981558976811],[20.215372576350692,44.32993045971941],[20.214361634164554,44.32861968929044],[20.211114210061815,44.32942251338551],[20.20968462542882,44.328924684418546],[20.209704944810095,44.32872745294294],[20.21409271599239,44.32517106169325],[20.214999722710054,44.325186015443926],[20.2156629993791,44.325418355273435],[20.215651067953548,44.324721661019105],[20.213998831692557,44.32371914241741],[20.212932343009317,44.324807143756225],[20.210239577744414,44.325238811076055],[20.20957008374272,44.32475142709849],[20.208704299441614,44.325150911131786],[20.207679876569273,44.324804528078054],[20.207660988479347,44.32395973076439],[20.210421733949275,44.32151588386452],[20.213454239567895,44.32137392251594],[20.21303596157442,44.31753013406062],[20.215934214485788,44.31582503281203],[20.21746760175944,44.3158601821946],[20.218664525276417,44.317193726449304],[20.21956829526434,44.31694257449322],[20.220937631471884,44.31704316128639],[20.219913883871627,44.31617604136559],[20.221125383418876,44.31558298305896],[20.22547715504604,44.315244304413056],[20.22646433511427,44.31647672484472],[20.2260861798916,44.31334828629939],[20.228781113968186,44.311305217044314],[20.227174616176153,44.31133777318214],[20.22600999617853,44.31033582524947],[20.224123348789124,44.310732850096265],[20.22352180412711,44.310438154708486],[20.2235465283182,44.309997486498936],[20.22669295940348,44.30723018552216],[20.228288652966615,44.30763245492482],[20.229233908950537,44.308193237616585],[20.22992842631169,44.30654111748757],[20.23215691500143,44.30625408782254],[20.229568514617505,44.30390635836359],[20.232703661334444,44.301048190933265],[20.233195250417317,44.30116946846964],[20.235193380360162,44.30334335317911],[20.235485446537847,44.30397820996984],[20.235361954803732,44.30277276546719],[20.236786594210614,44.30153215508701],[20.23824713192169,44.30171033476046],[20.239473708494955,44.302499790301425],[20.240378773898648,44.30239839967789],[20.24071908789408,44.29902356992869],[20.24043873992778,44.30254001337275],[20.235389612111458,44.304109968534235],[20.232772488848305,44.30115251650851],[20.232223828497595,44.30635173944719],[20.229375360026854,44.30828410319099],[20.226790041838207,44.30738753639254],[20.223664616899196,44.31009171057247],[20.224166518112884,44.3106049784571],[20.226147058748747,44.31022613678517],[20.228945354669246,44.311196969157706],[20.226568394873112,44.31659047102206],[20.21844160095472,44.31732900891059],[20.21600560817558,44.315933343549986],[20.21367765107397,44.32146743786949],[20.20789932021309,44.32431508546546],[20.214147126220784,44.3236075670628],[20.215838141811705,44.32472978323662],[20.215788424637104,44.32550885637673],[20.209860820795836,44.328716017209196],[20.214511115288957,44.32851406458291],[20.215379713093533,44.329478705654225],[20.215456168630055,44.330225693796955],[20.21512308867231,44.33044697166856],[20.21220317796586,44.32992779340464],[20.21060761576762,44.3318545333638],[20.212552667308945,44.33551508369841],[20.20875825464961,44.336290792084185],[20.203060434127735,44.33064853737769],[20.1968620792676,44.335389947552706],[20.201742079321345,44.34023614173658],[20.199238783950044,44.343408342038124],[20.19718598273055,44.34312114195885],[20.196582861017703,44.34095671799918],[20.194771021371015,44.341194940800264],[20.19450468303157,44.34336399910943],[20.19170293618921,44.343352592739414],[20.191104135456598,44.34713767461991]],[[20.238434391785738,44.29682187198443],[20.241425126479815,44.29404204375564],[20.242713201877557,44.29329117024769],[20.243360020837486,44.29314746134462],[20.24447786080646,44.2930936093744],[20.2454363811745,44.29340618860727],[20.247012844807898,44.29521112750331],[20.249574131381937,44.29463051010556],[20.250381887310564,44.29465108038802],[20.250182137886533,44.29355559580115],[20.250308366620345,44.293325377908566],[20.253676339744477,44.29136063613789],[20.2528706508992,44.29119996423637],[20.251825590038575,44.2903007742372],[20.253774578707954,44.29140033580458],[20.250300474871082,44.2947761967725],[20.238434391785738,44.29682187198443]],[[20.248802375678885,44.290469429616586],[20.251572185889835,44.29091700289427],[20.25047001598072,44.291557939994476],[20.249779398847807,44.2914931309152],[20.248802375678885,44.290469429616586]],[[20.25254357915824,44.287270598442504],[20.252624834212615,44.287067628216406],[20.25321534251742,44.28645431065248],[20.255278420207123,44.286586331040695],[20.25254357915824,44.287270598442504]],[[20.2595072036099,44.28878112102512],[20.25721330644491,44.28715849793628],[20.25657961967245,44.28752188654553],[20.256647054242563,44.28791824915399],[20.2595072036099,44.28878112102512]],[[20.2584864882678,44.28515801966332],[20.257812959448312,44.282320895365274],[20.259021633977383,44.2810581139405],[20.263318346072477,44.280584871632534],[20.263873141625627,44.28085285787083],[20.265118868751223,44.27917569958244],[20.268029744448693,44.27926594139021],[20.265087862126354,44.27878749481752],[20.26345669152137,44.27767467498445],[20.264898128143134,44.27692777880404],[20.267257065870787,44.276581858844615],[20.269376712438003,44.276945494727784],[20.26966114730098,44.276747495446315],[20.271096088546223,44.276590293666],[20.278717343938613,44.2784703085422],[20.277921341807158,44.278223361189504],[20.277790830690144,44.277800153476896],[20.27946133127408,44.27568083472638],[20.27839349537128,44.2758479041655],[20.277132320025107,44.274405645196694],[20.27886479256655,44.27235467845431],[20.277298786048647,44.27430409249255],[20.27962981055872,44.27557857110215],[20.27890706194734,44.278517764921496],[20.264324167022863,44.27726647961466],[20.26826579568482,44.27920309458015],[20.2584864882678,44.28515801966332]],[[20.2750719182445,44.27143607698895],[20.273755589285436,44.271943993324854],[20.273874437301476,44.27152694927003],[20.274044519477286,44.27141633385417],[20.2750719182445,44.27143607698895]],[[20.27805882915502,44.27060775357357],[20.277498814750647,44.26831408722776],[20.277670054525057,44.26811725220527],[20.278030047475095,44.26812627407757],[20.279308396028444,44.26893958620458],[20.280133343184847,44.26792675735614],[20.27805882915502,44.27060775357357]],[[20.28111131691898,44.26821659308164],[20.28219385106136,44.268210155510374],[20.28319014040081,44.267711841251156],[20.284012802912002,44.267442480069896],[20.28471385171796,44.26727594618004],[20.285111787811775,44.267265020951164],[20.28539707167619,44.26684216640919],[20.286228994456575,44.26665492812669],[20.287879516045038,44.26687806314552],[20.28925960800962,44.265492389165004],[20.289799277960707,44.26520150739943],[20.290984737174885,44.26473073655097],[20.29275684846415,44.264489476891015],[20.29289979938655,44.26433861058696],[20.296638948235074,44.26313967949422],[20.298300604639604,44.26274336605014],[20.301026545768217,44.2629314829177],[20.298298815691222,44.26285226076273],[20.292418128010976,44.26467270835653],[20.29101238607729,44.26478571976648],[20.287856979262322,44.266929585853084],[20.28540774738992,44.26687094398021],[20.28513097673534,44.267304472743795],[20.28222238683714,44.268243096081946],[20.28111131691898,44.26821659308164]],[[20.301480340147638,44.270467583523754],[20.3016513366336,44.27075339505543],[20.301597547152966,44.271216147734194],[20.301308393406355,44.27199825444233],[20.301294123498838,44.272412642873725],[20.301817599440636,44.27312595641157],[20.30223080187588,44.27419574342263],[20.30120799710099,44.27242940190321],[20.301480340147638,44.270467583523754]],[[20.311702214266138,44.275314650833735],[20.309266862293562,44.27854964944541],[20.309395050832066,44.27763288656981],[20.310897444663865,44.27568317979331],[20.31184728687816,44.27517348907384],[20.312941283339338,44.2751096417657],[20.313623650729337,44.27519588972124],[20.31648466189361,44.276432009473226],[20.3216545577789,44.274199314491156],[20.325247916308786,44.27474568163529],[20.32585978882636,44.27510399143117],[20.316267568379217,44.27647490802497],[20.311702214266138,44.275314650833735]],[[20.32914735804767,44.27449482213679],[20.32927867032961,44.27417093573533],[20.329897807813158,44.274120727585256],[20.32914735804767,44.27449482213679]],[[20.335811426550087,44.278800759830204],[20.33894747121393,44.279249182216844],[20.340101979025334,44.27950035173809],[20.34136407557168,44.27990090450397],[20.34197054146738,44.2801719605233],[20.342247310630214,44.28048514563092],[20.342499560455543,44.280535909373185],[20.342929114884512,44.280978673437595],[20.34309572561041,44.28142011668137],[20.335811426550087,44.278800759830204]],[[20.347395316932467,44.287709020448524],[20.347935174497277,44.285506464737075],[20.348030449382538,44.286240739380624],[20.347395316932467,44.287709020448524]],[[20.34758408121043,44.28786175223008],[20.348772418322664,44.28783544982616],[20.349268011011645,44.28817262904528],[20.349783970637834,44.28768293712521],[20.35025107607758,44.28770510735506],[20.350558656220155,44.287847254410124],[20.350667511012016,44.2874693881836],[20.35140375110659,44.28768550615358],[20.351705593661546,44.28741025464389],[20.352007867100294,44.287450210196205],[20.35207956495271,44.2877107345184],[20.352600030687654,44.2877573169414],[20.35301703860789,44.28814462436256],[20.35618150496735,44.29223406471114],[20.34758408121043,44.28786175223008]],[[20.366532106208513,44.2981872427225],[20.361804890101045,44.29777136745403],[20.363746020158974,44.297656135871065],[20.364229537912017,44.2977796972846],[20.364341187006556,44.297675369499906],[20.366532106208513,44.2981872427225]],[[20.368089377465715,44.30360827012797],[20.368563541419498,44.30292367586667],[20.36851620900146,44.30313088421003],[20.368089377465715,44.30360827012797]],[[20.377599250163843,44.313529298057965],[20.368355052332678,44.308040933670846],[20.373006554249713,44.31077534293169],[20.373919468860734,44.30988593780674],[20.375971539407775,44.310140637884814],[20.376635395022685,44.31068413325442],[20.37748955731979,44.31341151095228],[20.382405928306145,44.311165792131334],[20.387331737307697,44.312821375984264],[20.38955813613423,44.31375434701826],[20.39026468346244,44.31778390811139],[20.39380651764376,44.317678090511],[20.39921491215169,44.312792042285075],[20.399385318192547,44.31267538442671],[20.39970351156131,44.31260828584737],[20.40039586699857,44.313162587323774],[20.393831613962835,44.31772484840038],[20.39012572710257,44.31789792654126],[20.387567230889278,44.31300688527091],[20.377599250163843,44.313529298057965]],[[20.425927658564074,44.36332252966405],[20.427176866793374,44.363350239904534],[20.42749640523354,44.36345490020584],[20.428157427791035,44.3637947443421],[20.42837634583151,44.36430040263947],[20.42868918594182,44.36434607402948],[20.42890291873322,44.36446846984877],[20.432853947307798,44.36920196015981],[20.432774996898395,44.36934800143358],[20.43244734870435,44.36940378995884],[20.433151950328632,44.37062125975176],[20.433126912012064,44.371253494656536],[20.4338849698001,44.371665969389845],[20.43424250479278,44.37197438542159],[20.43431611896648,44.37235726297999],[20.434689702374982,44.372393409125536],[20.43528038957982,44.37318548288036],[20.43540235653943,44.373669491600744],[20.436042735426632,44.37394042238201],[20.436038178637812,44.37416711560436],[20.43621241753316,44.37418624896392],[20.43651642472411,44.3744394902003],[20.436808092481858,44.374474504135584],[20.437282871042807,44.374782048972854],[20.437877485789716,44.37553722452066],[20.438377655441517,44.3755919827995],[20.438552246227804,44.37589048166214],[20.44006016821182,44.376174389084206],[20.44132020509223,44.37676873773154],[20.4414459255961,44.37686349594633],[20.441324635912913,44.376949753773566],[20.442186204466076,44.377272580922366],[20.44369914689115,44.378359727066034],[20.444134418212155,44.37823368806544],[20.445542270883003,44.37857310064313],[20.447008831600847,44.379090801643144],[20.448095506709375,44.3796518235919],[20.44896054648967,44.37958490418273],[20.449979939996755,44.379827605669284],[20.45016576651987,44.38005989465027],[20.45032628701795,44.37996454689369],[20.45281878182108,44.380246979520166],[20.454009112933516,44.38055949349725],[20.450155261884685,44.38008270424355],[20.448961581780015,44.37963513005082],[20.44809127426341,44.37967502341893],[20.447688996796803,44.3796014356699],[20.443674153732704,44.37841504610288],[20.437875252422455,44.375586985191276],[20.435359337442357,44.373693398641],[20.433086060013807,44.371273901370586],[20.42882134414202,44.36448372164088],[20.425927658564074,44.36332252966405]],[[20.455964170055747,44.380708510198275],[20.4554006120907,44.38156730912305],[20.452222992638017,44.38350836322174],[20.451418687705345,44.38388043515116],[20.44913820894831,44.384611066658536],[20.44745422999818,44.38678582569041],[20.446179049396598,44.387678670998575],[20.445128971264335,44.38805508729251],[20.442891057578887,44.388159747708045],[20.455964170055747,44.380708510198275]],[[20.44277979484938,44.38831184799901],[20.443783414290337,44.389403244723816],[20.443918179435048,44.390459171135284],[20.44514505349539,44.391948367613956],[20.44386884855059,44.390605723850534],[20.44277979484938,44.38831184799901]],[[20.44489037975439,44.39204316210853],[20.444820919149524,44.39215199613011],[20.443384373920583,44.391639553261506],[20.439423904258557,44.39270884247865],[20.436420862175336,44.392669393067024],[20.43543937517146,44.393471410980645],[20.434040949191157,44.394094230798224],[20.431410692376055,44.39435161585139],[20.429865379021326,44.39559683477965],[20.428296415358012,44.39623196775511],[20.42723481001678,44.39774723956729],[20.425211700173318,44.39914326983265],[20.42368011148839,44.39998499068484],[20.422902881349685,44.40018050956432],[20.42202535085313,44.40059314102337],[20.42076955859076,44.400954795085866],[20.431314317900647,44.39432242498753],[20.43643636303526,44.392557867166005],[20.443203535646727,44.39158215088166],[20.44489037975439,44.39204316210853]],[[20.421182333811853,44.41150096490386],[20.421484961138184,44.41098651332501],[20.421258783648057,44.411554094583096],[20.420686960045106,44.411593040993125],[20.4196619649748,44.410637216045885],[20.419696127799423,44.41178528795297],[20.417357024946266,44.41276086797899],[20.416498100088788,44.41241023020094],[20.416856911527848,44.4129749476359],[20.416792167397208,44.41349078441248],[20.41513525119805,44.4133937285906],[20.415331138780672,44.4149770776392],[20.41394669047488,44.4153452767495],[20.415041029511066,44.413347613361815],[20.416681109721164,44.41344566401154],[20.416300596741575,44.412396438817126],[20.419603872067754,44.41055645789589],[20.421182333811853,44.41150096490386]],[[20.433004986107264,44.424370132880185],[20.430699609912107,44.42548741564625],[20.431242444780434,44.425105440020246],[20.433004986107264,44.424370132880185]],[[20.43605399091765,44.42709371833077],[20.436522003151303,44.42627221744007],[20.43647188858724,44.42682522622454],[20.436104299005514,44.427086316112806],[20.43668190278181,44.42771793431767],[20.436861905873222,44.42764933814958],[20.437187377894872,44.427709173547655],[20.43819372014663,44.428426058529986],[20.438215954573636,44.42854443256842],[20.43784637977423,44.42867060193048],[20.43827293084422,44.428694210056854],[20.438358489333666,44.42908713852645],[20.438212754311348,44.429236729317964],[20.438311239591954,44.42939319025625],[20.438737276356697,44.42926000638765],[20.439008139632833,44.42929157755338],[20.439404404520282,44.42975299111659],[20.439414132441005,44.430050862957266],[20.43925778061608,44.430194462888686],[20.440092634639168,44.43098716941667],[20.440211070856833,44.43115956692908],[20.44000576855563,44.431352429931515],[20.44027916167539,44.43142253173413],[20.440320415055954,44.43173414764987],[20.440757541804285,44.43198163715404],[20.440892419404705,44.43232791200469],[20.44070350431551,44.432501146572115],[20.441316240432457,44.432840396917754],[20.44182284288458,44.43355147275578],[20.441973086098894,44.43414632239634],[20.441857672779186,44.434396510231316],[20.442297686325873,44.43438128594715],[20.442464755312663,44.434459504175884],[20.442568358344808,44.43464766718512],[20.442412230638205,44.435258483258025],[20.442653204764902,44.43523877736847],[20.44283090840781,44.43570703343364],[20.442700603361676,44.435911607788775],[20.443007631583857,44.43601345798252],[20.44380276587496,44.4370460595402],[20.443972277244136,44.43779669368491],[20.43605399091765,44.42709371833077]],[[20.758670345741947,44.33548429622297],[20.75901279639606,44.33471642690952],[20.759958962279132,44.334455172933765],[20.760171378116194,44.33445580007126],[20.760345827783173,44.33463553614687],[20.76046709976855,44.335190008431866],[20.76126745309528,44.33498540772467],[20.760922888368157,44.334389157170946],[20.761102993644197,44.33419315470884],[20.76155009057738,44.3340523387887],[20.762277170425325,44.33510325851974],[20.76245657907605,44.3337670378342],[20.762706614371204,44.33367296681504],[20.763246933806528,44.33373555762354],[20.762360190664577,44.3351327710689],[20.758670345741947,44.33548429622297]],[[20.771794758661514,44.32733131870942],[20.771721431936015,44.327228123068835],[20.77375797869995,44.32693024243209],[20.771794758661514,44.32733131870942]],[[20.780517871323465,44.325247385321994],[20.78047628080389,44.325170084925254],[20.780873689427725,44.32497481858431],[20.780517871323465,44.325247385321994]],[[19.424430045158,43.567293920094876],[19.412205590359655,43.56546907177224],[19.40801379207463,43.55515581132914],[19.39513203369596,43.55393883545086],[19.411365602388436,43.54700002241],[19.414064002575866,43.53981989498966],[19.421422986175852,43.54197020056069],[19.428988510867168,43.55327751470658],[19.423431529287914,43.55902928733416],[19.424430045158,43.567293920094876]]]}}]}