{"type":"FeatureCollection","features":[{"type":"Feature","properties":{"kod":0,"ime":"GRAD BEOGRAD","rap":7},"geometry":{"type":"Polygon","coordinates":[[[20.482042271159308,44.9928765966407],[20.521054409643277,44.979982391061874],[20.52288079279797,44.9766997472788],[20.517761265584305,44.972084169661066],[20.534608694273334,44.94972046486664],[20.554627926127598,44.94091097857148],[20.56672331825987,44.93955648623847],[20.57177702724385,44.943055700272105],[20.57598578458588,44.94087377554282],[20.576068710162733,44.93558602987126],[20.592685920791638,44.93484911862984],[20.622361318921,44.908463610434815],[20.618422043866584,44.9024387430699],[20.619704185329287,44.8948149009666],[20.6142698232271,44.88781408108701],[20.62321085048347,44.86937097216879],[20.591187554871173,44.862699425079114],[20.620668865903365,44.85434101807275],[20.595393302309137,44.85524928442687],[20.57622900032176,44.848648882799104],[20.586309672454817,44.84271216588101],[20.596883328144372,44.82829213006512],[20.61741862832629,44.829080255576855],[20.613603434479444,44.8194289505296],[20.630120394224445,44.801967743030346],[20.626817771860416,44.76884279351531],[20.63191991860381,44.758316938591676],[20.643435755740658,44.74832294958263],[20.67810839397157,44.7319918209643],[20.69150533921305,44.71153972082609],[20.72639913571308,44.68162482776349],[20.774091564353945,44.658856061866814],[20.819442383187376,44.65831521584918],[20.814381091538163,44.652736475271375],[20.801553844742983,44.648910400476],[20.80327619823913,44.62760427246924],[20.793607645659048,44.618336073673724],[20.79208031168665,44.61183006259918],[20.81071082858024,44.60502786152305],[20.808002049746865,44.60308889930527],[20.81808335795775,44.595793544645474],[20.81930772623419,44.583916334043614],[20.81114611788561,44.586069934975946],[20.791443319189902,44.57767246184537],[20.78344699991016,44.57802816046702],[20.77008309902101,44.57031758183546],[20.766511953502107,44.56212028781179],[20.757875304683633,44.56205111277321],[20.75837507744428,44.55928478972199],[20.755309448635547,44.560993462426495],[20.74339497848571,44.553094740749096],[20.748737874132694,44.55163634999583],[20.74463961522801,44.5515267362792],[20.745133400940887,44.54717779561741],[20.750163317914154,44.54172344542444],[20.76387967106339,44.543887451592475],[20.768824008050668,44.540990708624314],[20.766502931104544,44.53726384102976],[20.770956630914235,44.520758829747564],[20.806570617975787,44.515869149922885],[20.806591248204125,44.501893978463954],[20.835382731068645,44.48730471272971],[20.838594661778824,44.48232765477021],[20.83683020241218,44.475764799857224],[20.844254903469842,44.47549899402758],[20.853636837571255,44.46436743994258],[20.84867980556619,44.452746815210645],[20.842426526291153,44.4490082493036],[20.845335391019276,44.445675409866105],[20.840845783842074,44.44659114554323],[20.84144540641299,44.44283180208154],[20.831654180048883,44.43857136711453],[20.818250591545418,44.439907943072754],[20.79288023776837,44.45058488971552],[20.791781916847256,44.447352808585784],[20.788367007643057,44.44933158647783],[20.775357360253498,44.443514613303535],[20.779411802192843,44.4403673117387],[20.772628441946143,44.44174023658006],[20.770674000670226,44.43739414667428],[20.76423373071018,44.44066344155495],[20.769573903983716,44.431652581390395],[20.76562034196488,44.43041486095336],[20.770167265016486,44.42851534074258],[20.76610170761765,44.42904485470829],[20.7618071398695,44.41359303853549],[20.75388351973689,44.400778114994544],[20.749326463085847,44.39938843700787],[20.756335752288713,44.39656980185693],[20.760937179279548,44.38711265258669],[20.770141833941896,44.384508885299724],[20.771530971381512,44.37533150979927],[20.78903417514943,44.370759910934616],[20.802581575027574,44.37507101316093],[20.798843378992416,44.365486540230265],[20.78220023907424,44.366102536797705],[20.779594671690337,44.360932784036024],[20.787366780179397,44.358020280784906],[20.773468843246114,44.35105344612402],[20.78329858350811,44.34860751905083],[20.78856803760107,44.33863750092378],[20.785425685210928,44.33541890629561],[20.787001594602412,44.329900527726736],[20.780785856165043,44.3251300840459],[20.759139716863967,44.334711655636916],[20.74402228255064,44.34915186132853],[20.73527229858072,44.346412640328275],[20.7173733763434,44.348534058958364],[20.723073276322648,44.35838141134305],[20.717025504167,44.360421438730455],[20.70698544478003,44.35563610379389],[20.69981393458678,44.36052516494206],[20.66786181585418,44.34994196553522],[20.655474206846982,44.35225000962793],[20.660016803748224,44.35859680513942],[20.64873654821008,44.36536301533244],[20.645329505402003,44.3639773753805],[20.648239723337777,44.36163802829908],[20.64433252151975,44.36012665240081],[20.63929233651531,44.373501790986005],[20.634970932754946,44.37406837613704],[20.638313457167072,44.37970199474039],[20.634710179839796,44.380661901932825],[20.63598486206285,44.386822847292734],[20.632143307635907,44.38696089654734],[20.63539406366101,44.391665772600156],[20.633334009063905,44.397490900739044],[20.625201477463023,44.40051217674853],[20.61734890438873,44.400794853908884],[20.61650153816505,44.395277877817435],[20.571230481896357,44.386746084553366],[20.556209345009048,44.377773927551424],[20.551463308402838,44.379012697015675],[20.546249068222597,44.39156800230165],[20.554292421119783,44.403097517644454],[20.547237491434824,44.410273021687246],[20.548773786387567,44.416669715183744],[20.51586966096522,44.424248584048634],[20.506173135309492,44.418820143305396],[20.495813414827666,44.42021768362643],[20.482025437921166,44.43397449101686],[20.47485650133866,44.43477649078154],[20.4648598971936,44.4436459598221],[20.45160301065905,44.44287825990391],[20.436478421264027,44.42628559309308],[20.4255342441148,44.42699454151034],[20.41340894575987,44.41673998322502],[20.42130073863289,44.41129608835776],[20.42076955859076,44.40095479508579],[20.431314317900647,44.39432242498753],[20.444805804210503,44.3920109798796],[20.442891057578887,44.38815974770799],[20.455950379679937,44.380704223955604],[20.4360032979692,44.37423210462145],[20.41833616893518,44.34998861784536],[20.41479564612711,44.35048589618563],[20.416354049931886,44.34610373921193],[20.400774904854032,44.31347573269877],[20.39012572710257,44.31789792654131],[20.387253699277174,44.312888462794575],[20.365735464049784,44.308950577500696],[20.36816067146717,44.29917687819038],[20.36131814239616,44.29801689989495],[20.359883207816747,44.291922214656275],[20.347705878679694,44.288019864147785],[20.342467140609852,44.280555975119874],[20.329897807813218,44.274120727585306],[20.311702214266138,44.27531465083373],[20.30721183858679,44.28062337743992],[20.30120799710099,44.272429401903146],[20.300993266089918,44.26302416580104],[20.27777400473787,44.26819009067609],[20.273882741638246,44.2719328294027],[20.27886479256655,44.27235467845436],[20.27890706194734,44.27851776492143],[20.264324167022863,44.27726647961457],[20.26826579568482,44.2792030945802],[20.258058703629324,44.282356144297964],[20.259351176429067,44.28890333034986],[20.25057543374591,44.286972641309234],[20.248883543335808,44.29040272695483],[20.253774578707954,44.29140033580458],[20.25049395169438,44.29467995561907],[20.242877343558664,44.29330215177437],[20.237482964011942,44.29695857989252],[20.24043873992778,44.30254001337277],[20.232772488848305,44.301152516508445],[20.229785313339253,44.30390835522361],[20.232223828497595,44.30635173944719],[20.2236646168992,44.3100917105724],[20.228945354669246,44.31119696915767],[20.22656839487311,44.31659047102216],[20.213244582632825,44.31748125532631],[20.21367765107397,44.32146743786951],[20.20788457260381,44.32446132564772],[20.215838141811705,44.324729783236606],[20.209860820795836,44.32871601720929],[20.215379713093533,44.32947870565412],[20.21060761576762,44.33185453336382],[20.212552667308945,44.335515083698425],[20.203060434127735,44.33064853737774],[20.1968620792676,44.33538994755264],[20.201697549588598,44.339745600978134],[20.199539736194275,44.34324393664948],[20.191702936189206,44.34335259273952],[20.19550747709988,44.34975337198363],[20.231906331835773,44.35231942208635],[20.214585643888938,44.36527929316206],[20.215648472093967,44.37176699954664],[20.20690086840134,44.37575127989036],[20.210666206926074,44.38091514848853],[20.20841810021644,44.386261106743746],[20.21482163255598,44.38640902086151],[20.210900431459557,44.39021080717215],[20.221429380044956,44.38757994066597],[20.216443865993337,44.39799313619355],[20.21201907642791,44.395836112951],[20.20863843801064,44.400088827692464],[20.220446872162285,44.40354122529663],[20.223167448755635,44.40762672214398],[20.218035580868555,44.413535659634135],[20.222068911300003,44.41700947090463],[20.24017427651629,44.42569503680564],[20.24475311272178,44.42435194843309],[20.24159244147312,44.42894295109433],[20.2471283768608,44.429634859773934],[20.24191580626012,44.43728505471388],[20.24822587436216,44.44309252819792],[20.241438062038718,44.44531280779201],[20.244216964041193,44.44889925038197],[20.2377709168487,44.4462131857118],[20.23684695050877,44.456218166402984],[20.232466239331583,44.457284311532064],[20.24183555656977,44.458501480603985],[20.233869679391713,44.4594183857159],[20.234009540954442,44.464917365459755],[20.247769164319887,44.46911212362461],[20.238850684719942,44.47624872751578],[20.24526573646566,44.47889535150624],[20.241542280535786,44.48291606455921],[20.246644694843887,44.4869527505631],[20.240685528428127,44.48801775423674],[20.245573461315825,44.49338072038346],[20.236294437497342,44.49706034563434],[20.241066417769908,44.50228336550469],[20.23931855483223,44.50644689650378],[20.237165722172747,44.5036848969303],[20.231708147272723,44.505641485035746],[20.236210952710326,44.508766948080805],[20.231020319780633,44.507640769823496],[20.230597919967735,44.5106227295824],[20.228682306215354,44.50637714623582],[20.223756973558206,44.50792177219674],[20.224670932333346,44.51202023740968],[20.215781429137298,44.509868734874054],[20.214144786902292,44.51517308058809],[20.209455925481876,44.5149530899406],[20.21982936489826,44.51910360262209],[20.207688168685085,44.519200104887425],[20.22023441989501,44.531284061953556],[20.21474129960392,44.53268711617617],[20.217120854791865,44.53587692045459],[20.212913314135644,44.535117382114734],[20.215551107847947,44.53781785526743],[20.20949152024802,44.53770054421974],[20.21298708774701,44.53977048581912],[20.210079804437044,44.541771001972904],[20.215252711588366,44.54150447083352],[20.211740379749838,44.54254233924104],[20.214088695035347,44.54658176293061],[20.208091010438988,44.54848827925115],[20.20669491964289,44.54556463193528],[20.20391549150634,44.55021623305537],[20.210047800720805,44.55058575395578],[20.205790374285886,44.55470355566981],[20.209445590613377,44.554300322940556],[20.20731310428386,44.55695124956384],[20.212882437906867,44.5604238486156],[20.20809725043149,44.560184497368176],[20.208872037194848,44.564356731983224],[20.201126074390036,44.56867013082676],[20.188592416153423,44.565594885651464],[20.189673021506657,44.544222864274694],[20.14811339263374,44.510196198449094],[20.118182861085074,44.539946044137096],[20.119413493028066,44.545600387033296],[20.113859803110298,44.547526764530176],[20.112511223822498,44.543087685799556],[20.110422678234325,44.54764883898661],[20.098033384229982,44.54573369044018],[20.094056899535666,44.55009573726119],[20.093525757818636,44.54675496452755],[20.082045399847242,44.545956780559784],[20.074891774732045,44.52797076501814],[20.06211126457955,44.52111336937006],[20.036929023164017,44.531451040594796],[20.028696635784133,44.54071779390519],[20.02542592951894,44.53751403476226],[20.018107043297103,44.53916124831786],[20.01878951775681,44.533018165590335],[20.011242991149356,44.53342389075178],[20.013143413310164,44.536702734494376],[20.008296232904193,44.54298863306637],[19.993157859646292,44.55023003257014],[19.994850238217285,44.55241723955171],[19.98842283245678,44.55851475389741],[19.98869828462947,44.56914179275024],[19.994999350598075,44.57807294923736],[19.989899673417792,44.586935835159295],[19.99322473727962,44.58567884434416],[20.0002438059083,44.592108391350976],[19.98526883365787,44.6093894933605],[19.97575439565698,44.61380861841929],[19.977365471693805,44.6263640864688],[19.985777939732653,44.62833852654117],[19.982666520207097,44.632458488054716],[19.988551440767793,44.63590371944012],[19.985831768877755,44.64228342936624],[20.003883146649663,44.66280139530926],[20.035486138115107,44.682003049997505],[20.10313296059975,44.69774114630451],[20.128510553682354,44.71168444363275],[20.10211226038466,44.723902819078766],[20.10467514220128,44.72747514001666],[20.121736347619976,44.72767275621156],[20.121277583839333,44.736238771278096],[20.132445903285323,44.7387974034868],[20.112002736397006,44.75203215523572],[20.113736795333978,44.75840405831448],[20.134938533936616,44.76081666238646],[20.13578769621166,44.76670306852677],[20.127607989590132,44.77252911315488],[20.098594443982467,44.77998424140199],[20.095422222002487,44.78599817466564],[20.087887029439667,44.787345654547],[20.096643746812898,44.80727137527757],[20.13930951256479,44.803447529513086],[20.145782177269552,44.8301148126043],[20.146090618104612,44.856785125095],[20.160109826223792,44.86252605169477],[20.165910447535186,44.86925869593285],[20.163485682519454,44.88533803729893],[20.170949180884232,44.89370810631955],[20.16925085411189,44.90708791461421],[20.2252449621069,44.90700617125916],[20.221376379674215,44.9154620665188],[20.270390518894466,44.93456824921676],[20.274647579070358,44.93041944252157],[20.30112876984784,44.942687567128495],[20.28904077657913,44.958092090887355],[20.290640144489082,44.98675618058865],[20.320007987613174,45.00303381411569],[20.35517917658855,45.011390189121535],[20.360848443458462,45.02181591479962],[20.362918699730976,45.030781510901846],[20.357815108572638,45.04914737249374],[20.334114425541454,45.07440764182117],[20.374827652077297,45.09689537854411],[20.418567185762573,45.08242984956376],[20.42179903422063,45.07643160925155],[20.417238963317345,45.070599884678245],[20.41598540241703,45.052497277967284],[20.422683846540437,45.04839972396639],[20.42286133291145,45.041339834322926],[20.442762101846977,45.02536668528666],[20.458353448950465,45.019071902206484],[20.482042271159308,44.9928765966407]]]}},{"type":"Feature","properties":{"kod":1,"ime":"SEVERNOBAČKI UPRAVNI OKRUG","rap":8},"geometry":{"type":"Polygon","coordinates":[[[19.661539457681148,46.19005677333858],[19.684465304440845,46.179679471047685],[19.699830453001915,46.18746012616869],[19.717682530465105,46.175980489712295],[19.71794061349136,46.17158191840484],[19.740847227429136,46.1657776543745],[19.75848882872368,46.14787433775527],[19.797299853533318,46.139466315128495],[19.817824758815714,46.12778995611159],[19.853194484694804,46.1497923511251],[19.86538357096481,46.150334281937425],[19.89596550328545,46.123508694349596],[19.883356863797157,46.106092843774064],[19.866866792398994,46.1028707602341],[19.86799628576708,46.05653043102527],[19.86315224848155,46.043561416336246],[19.82980745308802,46.00619537504715],[19.810854947416352,45.977266065968344],[19.809339607032456,45.92672491510686],[19.827281616431485,45.90370281750043],[19.788935963281546,45.880378371089634],[19.8197452716438,45.848065719179296],[19.823013470286796,45.83989248782185],[19.820800087490245,45.82333061341449],[19.827869029545525,45.81079695058937],[19.85880784154784,45.81928147963629],[19.864805654832548,45.798588289585375],[19.856131899538987,45.79760941736258],[19.858000790792964,45.78308133289517],[19.87514847711024,45.77247179141937],[19.878439906973284,45.7634358906825],[19.839186223996844,45.749619687217454],[19.766882019235585,45.7319045922289],[19.78244415437499,45.705497003493704],[19.76045544320273,45.66848923491901],[19.75079485268131,45.65903596423788],[19.753550430330694,45.639353832810826],[19.7425508998712,45.62358673115635],[19.729071731373722,45.61674352241297],[19.70523552570781,45.612199290669686],[19.59837485741554,45.64809912304365],[19.627703955258323,45.66354163953657],[19.618765428396177,45.678492627926914],[19.571687435947375,45.703907864380334],[19.593107427305647,45.73002440077152],[19.58504006010736,45.72751769836462],[19.5747338419216,45.73179307918067],[19.546725457208296,45.754566228848425],[19.503509990159746,45.72641186897666],[19.455471476896353,45.75314271576207],[19.421808881440818,45.79521882439171],[19.395472291590668,45.81745247219767],[19.37950168147786,45.82327390832291],[19.371108436181707,45.83118409206117],[19.362057707036556,45.84039213866261],[19.358309479658715,45.882109911855785],[19.333566887568445,45.914677521360225],[19.374621946665645,45.94106645967018],[19.362947649633814,45.94344696633795],[19.34838685414058,45.93495289376786],[19.345434386533547,45.93741070110547],[19.347745541335133,45.965541171319686],[19.329565898953046,45.96025151366385],[19.318223798949365,45.977316904098124],[19.281630095707417,46.0145341058301],[19.364166172115414,46.052174016781294],[19.38018614096882,46.03580242907032],[19.415441220595127,46.04571793666883],[19.439164703370817,46.06675570546023],[19.466530925211536,46.08164999062335],[19.464427524219573,46.095278160555935],[19.481844534567138,46.10480024027706],[19.508966397830708,46.11072362141485],[19.527065724560906,46.12093806174359],[19.508093260030392,46.133582471531085],[19.509447857327114,46.137353990306494],[19.502455216977115,46.14208766249215],[19.516752137443532,46.15173776908812],[19.526566953712205,46.14769481708752],[19.560446616099398,46.16629999985232],[19.563147356285942,46.176983068013264],[19.631599935805248,46.1692436389731],[19.661539457681148,46.19005677333858]]]}},{"type":"Feature","properties":{"kod":2,"ime":"SREDNJOBANATSKI UPRAVNI OKRUG","rap":8},"geometry":{"type":"Polygon","coordinates":[[[20.68237559282365,45.79531522460383],[20.694602363427283,45.7669568946268],[20.690705897514686,45.766297648818856],[20.69292666413274,45.75984958522843],[20.696845049441027,45.760511870908445],[20.700651037820236,45.75056254388625],[20.71814735364423,45.74940021524533],[20.732715277179974,45.75587816282066],[20.77414440417539,45.75453045162049],[20.783502974029435,45.785895644644654],[20.823089661116146,45.77506602162277],[20.815945614855274,45.74926810770509],[20.808163196320404,45.74842143298945],[20.802646525740467,45.73778668965907],[20.798785966157016,45.702182012484975],[20.802463777183895,45.69985553623659],[20.796166463821223,45.68703191442257],[20.802985887807537,45.68201144226464],[20.80003377758499,45.67195133381686],[20.804989575325415,45.657225824162666],[20.788883335620646,45.6455607074479],[20.77929696636814,45.62254973374398],[20.765724193545488,45.61256683425839],[20.772011558242333,45.58285353058006],[20.795323087464762,45.58763946837168],[20.813608309531595,45.56810657308289],[20.81132917280423,45.5658191378585],[20.823211082879844,45.551878605892234],[20.81960936643639,45.55038452638004],[20.832572933749557,45.53589134476967],[20.80708569257706,45.51583752752829],[20.768821074568127,45.50023021950573],[20.776952058783188,45.49058978548507],[20.771043772855005,45.48805813569603],[20.77110670664859,45.479964705812115],[20.833022239166553,45.47996287370338],[20.86615724066766,45.465231942986584],[20.87045612771425,45.455832628833164],[20.878751548443706,45.45461586371856],[20.880827979664048,45.44635102493601],[20.872801728478088,45.44597747318036],[20.875277273486088,45.43897436711841],[20.864618888921367,45.43182405922239],[20.900432016571777,45.41689389229807],[20.920258767870216,45.41724278382851],[20.93557521464439,45.39276204912501],[20.930061819985685,45.39232507483048],[20.931218127623403,45.386809718071916],[20.948379605962412,45.385590862975675],[20.95087719640446,45.374829919549306],[20.960323961128594,45.366759324662574],[20.98172168563565,45.35728634080862],[20.996063828203326,45.34327811252558],[21.00992908085606,45.34127627545393],[21.016567802889856,45.324630835604566],[20.94809173694975,45.317095907905184],[20.9056693622262,45.30518624240747],[20.8690563283531,45.28427480397599],[20.82569511025773,45.27514961530315],[20.86288667298534,45.25773481780655],[20.810247216602864,45.22152555255093],[20.79409527387184,45.22421411134265],[20.78287541346749,45.20850623914492],[20.764923543526873,45.21460495385072],[20.73631085247417,45.167834892218906],[20.719072056982135,45.18285650503285],[20.683128926312456,45.1975287565893],[20.691948939527098,45.20595017296621],[20.688707303519664,45.2097986443164],[20.626748818282795,45.232717286074006],[20.62429535635833,45.222994258367216],[20.586997697497747,45.23793040915245],[20.57971948252635,45.23601749555631],[20.574249207743158,45.21054547173592],[20.561988835553617,45.21097598275996],[20.564370191913245,45.20343104475329],[20.55777683478,45.20457154574809],[20.553568468056966,45.212913528182426],[20.548005979349124,45.20531386538873],[20.550126399489336,45.215498885129875],[20.538661777277508,45.21382199973537],[20.538983961235072,45.2179791345185],[20.526962889770495,45.2065693297667],[20.518259718295695,45.21025591077634],[20.518983409588525,45.20319859889292],[20.51428682112872,45.20333301644698],[20.508744611587865,45.20907063551895],[20.49805923810954,45.21057102839571],[20.512365078606624,45.21815658153012],[20.505513720450914,45.2221976632352],[20.488206251899367,45.20316496600566],[20.48969953792436,45.19124221925412],[20.47706755050807,45.19845309302993],[20.47676738110773,45.190735547608476],[20.48235394594106,45.18437973649558],[20.469575292585965,45.183455543928396],[20.472307809348553,45.172070488867554],[20.465180286320937,45.17413321364711],[20.466325464005745,45.16675722195257],[20.45833769161407,45.17179738905796],[20.46652130728257,45.16265714262472],[20.46339957808201,45.15666207358142],[20.473242460142323,45.15624396649181],[20.474300052180787,45.15246635702874],[20.459551300190096,45.15303161328945],[20.46674628761602,45.14427560264852],[20.458456209459715,45.14476721695214],[20.444705293435078,45.131896557596846],[20.434600483593847,45.13262983397286],[20.454711613677915,45.1261359487952],[20.409372472123668,45.09574266864531],[20.41064328990806,45.090156112384236],[20.417271701217988,45.091625565971775],[20.414336912444014,45.08416640736131],[20.37482765207725,45.09689537854411],[20.334114425541394,45.07440764182117],[20.31794746225095,45.085025895869194],[20.27225822348026,45.134113520916806],[20.27704143608572,45.13631899165855],[20.28110208394286,45.148633837720276],[20.275935638176733,45.16753628971528],[20.27810775580535,45.17233672233614],[20.303601199165087,45.17986544274152],[20.310214954195942,45.18738933726095],[20.31291542430597,45.22298859558419],[20.2813954844626,45.26469351680303],[20.271594010658962,45.27278275107767],[20.239773014132815,45.28609615386989],[20.235938425661306,45.29162532118361],[20.238791649611475,45.303822589419745],[20.228884426053146,45.30567011706169],[20.2393524171057,45.3124863823595],[20.26536326778456,45.31329991918886],[20.271459937289926,45.316782263774336],[20.250516856903783,45.32218810754638],[20.25489092847505,45.32916883387289],[20.268350216556577,45.333594237483574],[20.258780363583778,45.34497459647708],[20.235250425603443,45.35812997508191],[20.21347454091603,45.36468553449803],[20.202651458440045,45.381887746937004],[20.204301480045146,45.39082603634375],[20.224550848272333,45.418461611702845],[20.225065400251808,45.43100968999488],[20.19929532760345,45.42385939748564],[20.178622781872782,45.43082095064272],[20.159871429466573,45.42807662144048],[20.15106545097005,45.44456429570623],[20.154320786882256,45.44473754674298],[20.15271967756138,45.45551447590341],[20.16151446401641,45.45642787096173],[20.16056768786318,45.45937020843527],[20.184912206087752,45.46022847874045],[20.138460557338853,45.49774442116243],[20.133167622565505,45.49517096651049],[20.131179591446752,45.50387627157518],[20.109618218211246,45.521859856692934],[20.088022889058823,45.5224072266674],[20.089560048764756,45.49350027276048],[20.054711675987175,45.476039174173025],[20.05765435489581,45.511053461385764],[20.06685858588747,45.54090999755508],[20.048495376406755,45.55358161142604],[20.08182631772965,45.55972212167062],[20.10561639543106,45.57269076144602],[20.111014206975167,45.57059804948946],[20.133915719374897,45.58774496251292],[20.129342647009842,45.5934153691345],[20.113276797923525,45.5962162896315],[20.080877874479803,45.58806895582802],[20.071734165779457,45.589246055415146],[20.057322934684308,45.60801636494586],[20.088655357928253,45.61788069872045],[20.096103633466075,45.631131685416946],[20.09290419756247,45.635562788164805],[20.077975364520924,45.64260913945956],[20.061725741825814,45.62772393950762],[20.044735790470277,45.626485714193244],[20.03382341644065,45.63280055892716],[20.029463670634627,45.643156262046055],[20.06425847446017,45.65364084534873],[20.116467793900405,45.65595497738387],[20.08898216477414,45.67988079836537],[20.098962323348054,45.68991180855044],[20.098972421397306,45.69890990980332],[20.092646639031525,45.711358191643235],[20.129444410358936,45.7113832298756],[20.1650713536411,45.72955637545651],[20.1682015922691,45.73449038992383],[20.16643920483789,45.74224055507153],[20.14857399804357,45.757999910930494],[20.146846194668147,45.7650995277722],[20.171027005934405,45.780139923822915],[20.304949479278882,45.78876879818539],[20.335302801246012,45.7772862642916],[20.341450657437104,45.78483803012312],[20.364408550264756,45.78310029506796],[20.3658608213366,45.76834769874885],[20.384791548157335,45.742548313209284],[20.39351551986481,45.71747891207084],[20.422190911288503,45.711036221887376],[20.43468526216809,45.6979529050822],[20.421319576945706,45.69176063421047],[20.413036778439043,45.67468009526676],[20.397164653691572,45.68123637442845],[20.38945436994083,45.66596943666535],[20.3807714319798,45.668652983190036],[20.368596153307006,45.65972191264016],[20.353830735169634,45.663083185952],[20.358091583510205,45.67962835292358],[20.3495814326283,45.66875818899698],[20.349313038851946,45.66211350778425],[20.371977776794015,45.647641438525035],[20.364264231291266,45.63801701400868],[20.347670417165524,45.634159309841785],[20.335034666438276,45.61916712144],[20.367657633218016,45.60407198037596],[20.379653815387204,45.60283388115121],[20.387027152375218,45.610220100954486],[20.39439219102296,45.60131051340284],[20.404831860581197,45.6089905449221],[20.451040506935097,45.620748813359484],[20.535720852786945,45.61389513287679],[20.51486112714042,45.66189224047818],[20.522926103241364,45.68595164294637],[20.531347237783763,45.685365797629245],[20.546544481004858,45.6931495474626],[20.55748911153725,45.70889420576883],[20.627825129028423,45.704657295489305],[20.630760377928574,45.749463032302664],[20.656314922242593,45.76977402752331],[20.64901331150307,45.79242906808022],[20.68237559282365,45.79531522460383]]]}},{"type":"Feature","properties":{"kod":3,"ime":"SEVERNOBANATSKI UPRAVNI OKRUG","rap":8},"geometry":{"type":"Polygon","coordinates":[[[19.93515003064258,46.17620253466358],[20.015796609959903,46.17677547331565],[20.022971788665426,46.17330725069837],[20.03386586647604,46.14607355135038],[20.05805570321711,46.14791145417296],[20.063737443948806,46.14366605815925],[20.09378264837877,46.175463631240056],[20.101286181468275,46.176959073666254],[20.106014929112213,46.17471961292395],[20.106858567628535,46.16265136141417],[20.132369193151987,46.15016607842557],[20.13729326335818,46.14422698164555],[20.169241503088752,46.15277097906767],[20.181831683252938,46.16005798959316],[20.208042273483326,46.14394406064396],[20.210344948344407,46.13545882894461],[20.229829129828776,46.12907085522179],[20.233186514643553,46.12381443542754],[20.248230838899595,46.12983915786056],[20.251575031010503,46.12645702459177],[20.24955609501223,46.119867606039215],[20.25492757498792,46.11579445944894],[20.264275216725885,46.12635411371468],[20.26367260316132,46.118345391377545],[20.28288747172901,46.11761203619131],[20.26483344033774,46.10847859899817],[20.273182263951682,46.09827920785344],[20.302267321413332,46.08662116266546],[20.309279827711393,46.0721018444851],[20.345872799373044,46.04742895125398],[20.339308339609495,46.04142221104714],[20.340625032507592,46.03627261572235],[20.357708621178535,46.0058533032939],[20.3523913890316,46.003900405524256],[20.353118940569917,45.99963461883181],[20.34837671762407,45.99958217210866],[20.40543103342431,45.965242895578584],[20.447306090336962,45.970247544786424],[20.482932085097776,45.95342689591239],[20.501772542191617,45.91066358120952],[20.515816285848345,45.89210796186221],[20.549593437768507,45.89992512687524],[20.546517332784397,45.90591942743386],[20.569302838906413,45.910145978468805],[20.578740464031956,45.88496586037632],[20.57459392500561,45.883991064462094],[20.575213657530735,45.878764337340044],[20.581461433722843,45.86936818784541],[20.594432109390407,45.87171063097671],[20.598889510215898,45.86171684510518],[20.611712157056843,45.86398664822828],[20.660443830401427,45.82915041878882],[20.650703551013965,45.81176324863751],[20.657113708195105,45.80800720525659],[20.662837208285847,45.79411920808469],[20.64901331150307,45.79242906808022],[20.656314922242593,45.76977402752331],[20.630760377928574,45.749463032302664],[20.627825129028423,45.704657295489305],[20.55748911153725,45.70889420576883],[20.546544481004858,45.6931495474626],[20.531347237783763,45.685365797629245],[20.522926103241364,45.68595164294637],[20.51486112714042,45.66189224047818],[20.535720852786945,45.61389513287679],[20.451040506935097,45.620748813359484],[20.404831860581197,45.6089905449221],[20.39439219102296,45.60131051340284],[20.387027152375218,45.610220100954486],[20.379653815387204,45.60283388115121],[20.367657633218016,45.60407198037596],[20.335034666438276,45.61916712144],[20.347580518201422,45.63400231519698],[20.36434960216832,45.637908155680975],[20.37232368121306,45.64790426794652],[20.349606196268958,45.66267566534769],[20.34971183726304,45.66873534815248],[20.35822511522648,45.67971610638235],[20.353797306368833,45.66305510400995],[20.368596153307006,45.65972191264016],[20.3807714319798,45.668652983190036],[20.38945436994083,45.66596943666535],[20.397164653691572,45.68123637442845],[20.413036778439043,45.67468009526676],[20.421319576945706,45.69176063421047],[20.43468526216809,45.6979529050822],[20.422190911288503,45.711036221887376],[20.39351551986481,45.71747891207084],[20.384791548157335,45.742548313209284],[20.3658608213366,45.76834769874885],[20.364408550264756,45.78310029506796],[20.341450657437104,45.78483803012312],[20.335302801246012,45.7772862642916],[20.304949479278882,45.78876879818539],[20.171027005934405,45.780139923822915],[20.146846194668147,45.7650995277722],[20.14857399804357,45.757999910930494],[20.16643920483789,45.74224055507153],[20.167127247692797,45.731721008046414],[20.129444410358936,45.7113832298756],[20.11437878134397,45.731217378284214],[20.074521664383642,45.74660591613264],[20.00025818632389,45.749276953519406],[19.953773378505055,45.76305704911278],[19.878439906973284,45.7634358906825],[19.87514847711024,45.77247179141937],[19.858000790792964,45.78308133289517],[19.856131899538987,45.79760941736258],[19.864805654832548,45.798588289585375],[19.85880784154784,45.81928147963629],[19.827869029545525,45.81079695058937],[19.820800087490245,45.82333061341449],[19.823013470286796,45.83989248782185],[19.8197452716438,45.848065719179296],[19.788935963281546,45.880378371089634],[19.827281616431485,45.90370281750043],[19.809339607032456,45.92672491510686],[19.810854947416352,45.977266065968344],[19.82980745308802,46.00619537504715],[19.86315224848155,46.043561416336246],[19.86799628576708,46.05653043102527],[19.866866792398994,46.1028707602341],[19.883356863797157,46.106092843774064],[19.89596550328545,46.123508694349596],[19.86538357096481,46.150334281937425],[19.914864571489904,46.16398513717555],[19.93515003064258,46.17620253466358]]]}},{"type":"Feature","properties":{"kod":4,"ime":"JUŽNOBANATSKI UPRAVNI OKRUG","rap":8},"geometry":{"type":"Polygon","coordinates":[[[21.061200701384525,45.31586355006849],[21.08098073626336,45.317808006427704],[21.096527415988678,45.29589790923206],[21.12797387802872,45.304670156767806],[21.144547496283398,45.30485067202637],[21.154201036293514,45.312358805048255],[21.14960324360293,45.31593657208455],[21.16202419756596,45.32509525223216],[21.166607155713457,45.319758689621665],[21.17622307353183,45.32523396781449],[21.183867444887564,45.32072879780377],[21.179931733560828,45.3125697431793],[21.191331178128916,45.28678473738565],[21.20872309375972,45.27527002591734],[21.20283630352645,45.265439078316724],[21.218984469977407,45.25058281249256],[21.223536602132864,45.25293754608175],[21.249189344202637,45.24379588609253],[21.274749350828955,45.22967866085811],[21.292260417803867,45.24241310360515],[21.32000844342067,45.237594855659545],[21.32620147622195,45.23960013981034],[21.325283362978652,45.236319751212385],[21.339014105558086,45.2356231691357],[21.337947126335006,45.23328972237818],[21.36001754917546,45.222101833440476],[21.3696342767358,45.226065530606576],[21.395346531387222,45.21878091906631],[21.403433325077884,45.22927054971586],[21.41227074794767,45.22101934493912],[21.431165266041603,45.21279937335695],[21.43880427774158,45.202798149584346],[21.482973899288773,45.192021260320416],[21.49312329303416,45.17319390647059],[21.51482156452297,45.171154735773804],[21.525940198779608,45.15511201545666],[21.52740935431552,45.13787495885414],[21.47845815872512,45.12120078660166],[21.469692880111186,45.105260846619444],[21.483382759812713,45.09129029341863],[21.459402032010786,45.07198369318263],[21.44702487678024,45.055755588037705],[21.456050883789327,45.0404095146243],[21.422948938505275,45.03238333206406],[21.42078028252245,45.03649541179067],[21.405660766056826,45.036937177265784],[21.39297208451499,45.02712657325383],[21.37469478980471,45.028255210739],[21.360231267543607,45.02044236754422],[21.377000604225735,45.006721521163556],[21.38682056231357,45.004420966097854],[21.38295490876476,45.001849218091785],[21.388427223002676,44.99805582587465],[21.414646992209573,44.98676231124404],[21.406717092928968,44.97851668575968],[21.438261577784587,44.960478450473],[21.4692538101619,44.9584295209557],[21.546685447216,44.93051774381609],[21.55271083044048,44.923907226277024],[21.549900899386632,44.91859977566136],[21.558240237842238,44.90661786917899],[21.56013075598332,44.88900467098678],[21.51070414792802,44.88004190456212],[21.485279382438456,44.86816333326786],[21.47105004776414,44.87121250608313],[21.463172907840185,44.86743221750759],[21.446850807103196,44.87398934672352],[21.441076495941775,44.86990153227808],[21.44225943494127,44.866442840365465],[21.43559289146075,44.87096403760427],[21.431737174422604,44.86813318145495],[21.418065812785603,44.87327064338314],[21.40588240963128,44.8663342132545],[21.387940666557412,44.869763792157535],[21.383658786497023,44.865243369989756],[21.371365306740767,44.86664500070747],[21.35763265994635,44.85004436774679],[21.361448490364115,44.840350824185755],[21.353120869017012,44.840849068020205],[21.357028614139008,44.83556076119952],[21.360279265195445,44.83658780971051],[21.355666929048088,44.832520225880465],[21.364169843925822,44.82924733688834],[21.35630172425706,44.82719560389842],[21.358473151916606,44.82161731606566],[21.328877612942296,44.82190320072756],[21.320835777498726,44.81640509906421],[21.326586313838977,44.81391735730798],[21.323246268306708,44.80822484688915],[21.3052961525139,44.795629305760066],[21.287229745709578,44.793113249051004],[21.279164583513843,44.8020061479084],[21.258389674644445,44.79144389444533],[21.21730323495303,44.78337434810834],[21.196680316734305,44.768061944405964],[21.178257738760706,44.76486927268973],[21.149085280971676,44.73851227952158],[21.10819518115031,44.73133782485522],[21.07970298671511,44.71972636520263],[21.052102208629712,44.71653588422151],[21.022323782974514,44.72169872106036],[21.000691193314328,44.720189679376425],[20.960037837085434,44.699514043565614],[20.914740256109035,44.66744957931472],[20.84314333550135,44.657726543237374],[20.778532364486093,44.65830632749347],[20.72639913571302,44.68162482776349],[20.69150533921305,44.71153972082602],[20.67810839397157,44.7319918209643],[20.643435755740597,44.748322949582544],[20.63039057320496,44.75997633586782],[20.62681777186037,44.76884279351531],[20.630120394224445,44.801967743030346],[20.613603434479444,44.81942895052953],[20.61741862832623,44.82908025557678],[20.596883328144372,44.82829213006512],[20.58630967245478,44.84271216588101],[20.57622900032176,44.84864888279907],[20.595393302309112,44.85524928442683],[20.620668865903305,44.85434101807271],[20.591187554871173,44.86269942507904],[20.62321085048341,44.86937097216879],[20.614269823227076,44.88781408108693],[20.619704185329287,44.89481490096651],[20.61842204386656,44.9024387430699],[20.622361318921,44.90846361043473],[20.592685920791613,44.9348491186298],[20.57606871016271,44.93558602987126],[20.575985784585832,44.94087377554282],[20.57177702724379,44.94305570027202],[20.566723318259815,44.93955648623847],[20.554627926127537,44.9409109785714],[20.53460869427331,44.94972046486664],[20.517761265584245,44.972084169661066],[20.52288079279797,44.976699747278715],[20.521054409643277,44.979982391061796],[20.48098538385137,44.99317247656446],[20.45835344895047,45.01907190220641],[20.42806789472824,45.034694813360325],[20.422683846540412,45.04839972396639],[20.415985402416982,45.052497277967284],[20.417238963317345,45.07059988467817],[20.42179903422063,45.07643160925152],[20.414336912444014,45.08416640736131],[20.417271701217988,45.091625565971775],[20.41064328990806,45.090156112384236],[20.41212745584294,45.09372525219654],[20.40896531132911,45.095173610513314],[20.454412615668755,45.125358332305936],[20.434187316479747,45.13211033835191],[20.444705293435078,45.131896557596846],[20.458456209459715,45.14476721695214],[20.46674628761602,45.14427560264852],[20.459551300190096,45.15303161328945],[20.474300052180787,45.15246635702874],[20.473242460142323,45.15624396649181],[20.46339957808201,45.15666207358142],[20.46652130728257,45.16265714262472],[20.45833769161407,45.17179738905796],[20.466325464005745,45.16675722195257],[20.465180286320937,45.17413321364711],[20.472307809348553,45.172070488867554],[20.469575292585965,45.183455543928396],[20.48235394594106,45.18437973649558],[20.47676738110773,45.190735547608476],[20.47706755050807,45.19845309302993],[20.48969953792436,45.19124221925412],[20.488206251899367,45.20316496600566],[20.505513720450914,45.2221976632352],[20.512365078606624,45.21815658153012],[20.49805923810954,45.21057102839571],[20.508744611587865,45.20907063551895],[20.51428682112872,45.20333301644698],[20.518983409588525,45.20319859889292],[20.518259718295695,45.21025591077634],[20.526962889770495,45.2065693297667],[20.538983961235072,45.2179791345185],[20.538661777277508,45.21382199973537],[20.550126399489336,45.215498885129875],[20.548005979349124,45.20531386538873],[20.553568468056966,45.212913528182426],[20.55777683478,45.20457154574809],[20.564370191913245,45.20343104475329],[20.561988835553617,45.21097598275996],[20.574249207743158,45.21054547173592],[20.57971948252635,45.23601749555631],[20.586997697497747,45.23793040915245],[20.62429535635833,45.222994258367216],[20.626748818282795,45.232717286074006],[20.688707303519664,45.2097986443164],[20.691948939527098,45.20595017296621],[20.683128926312456,45.1975287565893],[20.719072056982135,45.18285650503285],[20.73631085247417,45.167834892218906],[20.764923543526873,45.21460495385072],[20.78287541346749,45.20850623914492],[20.79409527387184,45.22421411134265],[20.810247216602864,45.22152555255093],[20.86288667298534,45.25773481780655],[20.82569511025773,45.27514961530315],[20.8690563283531,45.28427480397599],[20.9056693622262,45.30518624240747],[20.94809173694975,45.317095907905184],[21.06337401408545,45.331929759177946],[21.061200701384525,45.31586355006849]]]}},{"type":"Feature","properties":{"kod":5,"ime":"ZAPADNOBAČKI UPRAVNI OKRUG","rap":8},"geometry":{"type":"Polygon","coordinates":[[[19.147741597275296,45.99611894386807],[19.204918113867485,45.99268150322367],[19.199563774591578,45.99817143888844],[19.232719828897093,45.9993292746112],[19.236656603544088,45.99505836257465],[19.285345154146217,45.996760155475634],[19.296535417756893,45.987794298903125],[19.302733957485643,45.991532605326036],[19.318223798949365,45.977316904098124],[19.329565898953046,45.96025151366385],[19.347745541335133,45.965541171319686],[19.345434386533547,45.93741070110547],[19.34838685414058,45.93495289376786],[19.362947649633814,45.94344696633795],[19.374621946665645,45.94106645967018],[19.333566887568445,45.914677521360225],[19.358309479658715,45.882109911855785],[19.362174920503545,45.84022067637399],[19.37950168147786,45.82327390832291],[19.395472291590668,45.81745247219767],[19.421808881440818,45.79521882439171],[19.455471476896353,45.75314271576207],[19.503509990159746,45.72641186897666],[19.546725457208296,45.754566228848425],[19.5747338419216,45.73179307918067],[19.58504006010736,45.72751769836462],[19.593107427305647,45.73002440077152],[19.571687435947375,45.703907864380334],[19.618765428396177,45.678492627926914],[19.627703955258323,45.66354163953657],[19.59837485741554,45.64809912304365],[19.576960981773084,45.61284604088416],[19.572076264024048,45.59800389494107],[19.576120580829855,45.57510044914755],[19.541734239053454,45.5725421282954],[19.5313334151001,45.568419166230626],[19.52805020376753,45.54226543721304],[19.491530746323342,45.52447391981408],[19.461605488406136,45.53869639745903],[19.416029932297416,45.525171216524654],[19.41247059031968,45.510506161377215],[19.41814949727843,45.50192969306225],[19.372998099708823,45.48633324515287],[19.37331103674198,45.46204000411986],[19.386146689966075,45.44584987162878],[19.374514975506184,45.43377076213805],[19.338089228357546,45.43634998275433],[19.307171622440308,45.425621535003465],[19.28166485211234,45.45439356477996],[19.274000448806593,45.43487050920336],[19.2129095250481,45.42753611754964],[19.202272683583747,45.42106541984343],[19.19783166438795,45.43895090333698],[19.163485321014182,45.45003259981836],[19.15618878882211,45.44843871365265],[19.152154092084213,45.44086264137206],[19.1195763499301,45.44546695162798],[19.10933599188196,45.442142071256285],[19.10645564424604,45.44402878984755],[19.11694353856342,45.45421942475184],[19.11307683580088,45.459405780171586],[19.077285688614168,45.460378442385824],[19.072580046624562,45.474636198650444],[19.056679487367795,45.47235579296279],[19.05642083655545,45.465180413025564],[19.046493660803186,45.46480574736295],[19.03537110197404,45.469426108553996],[19.030315599363128,45.477398930721556],[19.03395683472132,45.48682663574032],[19.078367847167776,45.48734388441783],[19.09195125413739,45.492478917437595],[19.10109651958062,45.50413435053834],[19.100570746381045,45.513255136556715],[19.095403681994565,45.51937892538829],[19.066363046557086,45.53091481336685],[19.03315437780712,45.534274738640626],[19.019513630308573,45.55170847956086],[19.010654356913943,45.55489666958173],[18.988013378021748,45.537842347350505],[18.949174077568017,45.53327184635407],[18.930951740448958,45.539161664267624],[18.917734888868225,45.55392757611977],[18.8938417043714,45.561368977075595],[18.88794847312541,45.56841270879515],[18.89707061702974,45.58230935624359],[18.91435796416879,45.597710983767634],[18.913104545123137,45.602080939980006],[18.899025172583304,45.608756904698666],[18.89917494547221,45.61611154931599],[18.933805151266725,45.631192367093355],[18.939393524226393,45.64271657452075],[18.964642529089076,45.661270048144424],[18.966156720983484,45.67070570089002],[18.949187986685008,45.68236592163427],[18.92701516111921,45.69009570836869],[18.906156314458098,45.70762407282441],[18.888492292453034,45.77585448336639],[18.881056907529853,45.782227187395215],[18.85754123466452,45.788340066289834],[18.85026557837496,45.79542737274754],[18.847141683315282,45.8102785241755],[18.859429464496333,45.84353495537124],[18.855252295560486,45.85910460620739],[18.832807780980353,45.86868937314739],[18.82764806136705,45.8968538026334],[18.814994459822024,45.90941447373798],[18.821637480226762,45.91464917910963],[18.827558818342414,45.90479132488002],[18.868216294307647,45.91124825787942],[18.86462830885597,45.92074948636201],[18.879145711590677,45.91643755633091],[18.906015802861248,45.9352714358083],[18.962023088678976,45.92586809587192],[18.987958898642432,45.93221046802544],[18.994702732768022,45.923885387154556],[19.008850288357948,45.92329711653018],[18.997874764072982,45.946206191903585],[19.005819495101104,45.958707078446224],[19.03267761423999,45.9646532899411],[19.079556793574486,45.96353263317487],[19.065684318411684,46.00004674901742],[19.104582600462784,46.03998858077364],[19.133799230370972,46.03707607568727],[19.147205791942078,46.007972822751114],[19.147741597275296,45.99611894386807]]]}},{"type":"Feature","properties":{"kod":6,"ime":"JUŽNOBAČKI UPRAVNI OKRUG","rap":8},"geometry":{"type":"Polygon","coordinates":[[[20.00025818632389,45.749276953519406],[20.074521664383642,45.74660591613264],[20.11437878134397,45.731217378284214],[20.128050125540586,45.714694309768134],[20.129444410358936,45.7113832298756],[20.12111620779351,45.710059821088535],[20.092646639031525,45.711358191643235],[20.098972421397306,45.69890990980332],[20.098962323348054,45.68991180855044],[20.08898216477414,45.67988079836537],[20.116467793900405,45.65595497738387],[20.052360196788097,45.65161760500169],[20.031764083517167,45.64515527882595],[20.029614290234964,45.63888351935828],[20.040579315610078,45.627719605852256],[20.05258257595995,45.62616849471362],[20.066022241690302,45.63004026132858],[20.07555041964692,45.64185620613762],[20.08256448950215,45.64200258301998],[20.096103633466075,45.631131685416946],[20.086760339528126,45.61652924133113],[20.057322934684308,45.60801636494586],[20.068628049559408,45.59109253110498],[20.07816643947181,45.587741236637314],[20.113276797923525,45.5962162896315],[20.129342647009842,45.5934153691345],[20.133915719374897,45.58774496251292],[20.111014206975167,45.57059804948946],[20.10561639543106,45.57269076144602],[20.08182631772965,45.55972212167062],[20.048495376406755,45.55358161142604],[20.06685858588747,45.54090999755508],[20.05765435489581,45.511053461385764],[20.054231180989873,45.476776703870705],[20.0707660226245,45.48177186452092],[20.089560048764756,45.49350027276048],[20.086074772901494,45.51906767483815],[20.089036156637974,45.523235983866456],[20.109618218211246,45.521859856692934],[20.131179591446752,45.50387627157518],[20.133167622565505,45.49517096651049],[20.138460557338853,45.49774442116243],[20.184912206087752,45.46022847874045],[20.16056768786318,45.45937020843527],[20.16151446401641,45.45642787096173],[20.15271967756138,45.45551447590341],[20.154320786882256,45.44473754674298],[20.15106545097005,45.44456429570623],[20.159871429466573,45.42807662144048],[20.178622781872782,45.43082095064272],[20.19929532760345,45.42385939748564],[20.225065400251808,45.43100968999488],[20.224550848272333,45.418461611702845],[20.204301480045146,45.39082603634375],[20.202651458440045,45.381887746937004],[20.21347454091603,45.36468553449803],[20.235250425603443,45.35812997508191],[20.258780363583778,45.34497459647708],[20.268350216556577,45.333594237483574],[20.25489092847505,45.32916883387289],[20.250516856903783,45.32218810754638],[20.271459937289926,45.316782263774336],[20.26536326778456,45.31329991918886],[20.2393524171057,45.3124863823595],[20.228884426053146,45.30567011706169],[20.238791649611475,45.303822589419745],[20.235938425661306,45.29162532118361],[20.239773014132815,45.28609615386989],[20.271594010658962,45.27278275107767],[20.2813954844626,45.26469351680303],[20.31291542430597,45.22298859558419],[20.310214954195942,45.18738933726095],[20.303601199165087,45.17986544274152],[20.27810775580535,45.17233672233614],[20.275935638176733,45.16753628971528],[20.28110208394286,45.148633837720276],[20.27704143608572,45.13631899165855],[20.27225822348026,45.134113520916806],[20.269000336651143,45.150297342184786],[20.2306457253426,45.16612473549458],[20.23056446353299,45.17374936055803],[20.225478570984613,45.17661105947595],[20.174281675412917,45.18369368229424],[20.151571984967095,45.178162245182335],[20.12629534643169,45.19373928435938],[20.108138703058557,45.192368536965624],[20.085996210854006,45.1697223502361],[20.051901756433736,45.16756480652926],[20.027743153400504,45.17092701731793],[20.042742327617916,45.18327854337701],[20.04701104608021,45.19403163981376],[20.030422711499476,45.205123199492306],[20.007034584372445,45.191101332384825],[20.012947056385244,45.18710499489315],[20.009245766334228,45.17874445641942],[20.004064783382834,45.17956886812325],[19.99260667602892,45.16552707198078],[19.93773084359571,45.148765647713205],[19.918587516256917,45.15341723343741],[19.908831903982538,45.15125223599473],[19.905351596277395,45.14567012195495],[19.890799211934823,45.155657896693725],[19.875098064868197,45.158921359444705],[19.839552735719455,45.15525844613067],[19.837542427162393,45.15132401650474],[19.824610699939598,45.1497329893879],[19.82174287655265,45.15373275273723],[19.759584807223465,45.16137859754635],[19.751130750175463,45.15636653794055],[19.740542556105744,45.15805364752199],[19.72812914031941,45.153072582629626],[19.71957151960941,45.15574983579447],[19.714024161986874,45.1511950172899],[19.716596932999632,45.14800865683962],[19.641903437894836,45.15104220030833],[19.61233568057922,45.142878286563416],[19.601966834059333,45.15156033734681],[19.56749570032412,45.154654326244035],[19.547652365160904,45.161650643828644],[19.541646644990674,45.15778296073546],[19.537184083683666,45.16306304631869],[19.53157397769527,45.16147159746045],[19.531068592009767,45.166295760538674],[19.519566659571847,45.17294718021082],[19.50862848757316,45.168257399457765],[19.474743145983272,45.17427753872314],[19.466030286836205,45.16839579815833],[19.465230310661106,45.162068025237],[19.485470156094237,45.156559464030494],[19.46312859051282,45.16082993409968],[19.460775120206254,45.15179596590188],[19.44777509278913,45.143244941793654],[19.435645351563004,45.15746455343797],[19.42620074917677,45.158349050969846],[19.423916120297136,45.162910043355346],[19.42518437859729,45.16768326593733],[19.435697753067444,45.17313834459485],[19.427971224554433,45.18755318582797],[19.44727132260979,45.195911196727266],[19.426230599178314,45.219175107211285],[19.42069753197778,45.23342633486661],[19.338898821225374,45.23202316028101],[19.28891115184097,45.23641661572096],[19.239617721342597,45.248261953039375],[19.11617848083471,45.291949510268985],[19.100283569943784,45.30587560914878],[19.097482762894245,45.32718082910985],[19.09272308062579,45.33479103663362],[19.073092565482558,45.34166747224066],[19.0275918219066,45.34426826374825],[18.981304671027154,45.369057114633584],[18.970285811871165,45.37951104287471],[18.971192144152944,45.38989501957706],[18.97752052281792,45.39512004484106],[19.02021357761568,45.40179045724158],[19.029996711130902,45.41082698576694],[19.027114323090547,45.42182775046126],[18.99486210781319,45.441250062439835],[18.989147118558552,45.44946959603552],[18.99209531375544,45.48101699813143],[19.00592664002409,45.497164323228134],[19.03395683472132,45.48682663574032],[19.030697127155545,45.4756523858121],[19.040218562031367,45.46634861800621],[19.05486970854933,45.46451965630059],[19.056115079971338,45.47213047970014],[19.072580046624562,45.474636198650444],[19.077285688614168,45.460378442385824],[19.11307683580088,45.459405780171586],[19.11694353856342,45.45421942475184],[19.10645564424604,45.44402878984755],[19.10933599188196,45.442142071256285],[19.1195763499301,45.44546695162798],[19.152154092084213,45.44086264137206],[19.15618878882211,45.44843871365265],[19.16246753138047,45.45016428071121],[19.19288192216573,45.442085114929924],[19.200137220272758,45.434166145358915],[19.200488606613657,45.421237268718755],[19.2129095250481,45.42753611754964],[19.274000448806593,45.43487050920336],[19.28166485211234,45.45439356477996],[19.307171622440308,45.425621535003465],[19.338089228357546,45.43634998275433],[19.374514975506184,45.43377076213805],[19.386146689966075,45.44584987162878],[19.37331103674198,45.46204000411986],[19.372998099708823,45.48633324515287],[19.41814949727843,45.50192969306225],[19.41247059031968,45.510506161377215],[19.416029932297416,45.525171216524654],[19.461605488406136,45.53869639745903],[19.491530746323342,45.52447391981408],[19.52805020376753,45.54226543721304],[19.5313334151001,45.568419166230626],[19.541734239053454,45.5725421282954],[19.576120580829855,45.57510044914755],[19.573505527058238,45.60689323724248],[19.59837485741554,45.64809912304365],[19.70523552570781,45.612199290669686],[19.729071731373722,45.61674352241297],[19.7425508998712,45.62358673115635],[19.753550430330694,45.639353832810826],[19.75079485268131,45.65903596423788],[19.76045544320273,45.66848923491901],[19.78244415437499,45.705497003493704],[19.766882019235585,45.7319045922289],[19.881476032237686,45.764018107520435],[19.953773378505055,45.76305704911278],[20.00025818632389,45.749276953519406]]]}},{"type":"Feature","properties":{"kod":7,"ime":"SREMSKI UPRAVNI OKRUG","rap":8},"geometry":{"type":"Polygon","coordinates":[[[19.320251895364727,45.207270772583875],[19.332381973894176,45.18210100090512],[19.329975172517514,45.17706235447608],[19.347540096470045,45.17250689205037],[19.349420723901744,45.16476703680543],[19.354645344173104,45.16463805873387],[19.354346825187807,45.1690797894818],[19.363736582430462,45.175520276564086],[19.372261466433333,45.1705417649255],[19.38818571888333,45.173187200293874],[19.418567071519767,45.16580390107027],[19.42518437859729,45.16768326593733],[19.42620074917677,45.158349050969846],[19.435645351563004,45.15746455343797],[19.44777509278913,45.143244941793654],[19.460775120206254,45.15179596590188],[19.46312859051282,45.16082993409968],[19.485470156094237,45.156559464030494],[19.465230310661106,45.162068025237],[19.466030286836205,45.16839579815833],[19.474743145983272,45.17427753872314],[19.50862848757316,45.168257399457765],[19.519566659571847,45.17294718021082],[19.531068592009767,45.166295760538674],[19.53157397769527,45.16147159746045],[19.537184083683666,45.16306304631869],[19.541646644990674,45.15778296073546],[19.547652365160904,45.161650643828644],[19.56749570032412,45.154654326244035],[19.601966834059333,45.15156033734681],[19.61233568057922,45.142878286563416],[19.641903437894836,45.15104220030833],[19.716596932999632,45.14800865683962],[19.714024161986874,45.1511950172899],[19.71957151960941,45.15574983579447],[19.72812914031941,45.153072582629626],[19.740542556105744,45.15805364752199],[19.751130750175463,45.15636653794055],[19.759584807223465,45.16137859754635],[19.82174287655265,45.15373275273723],[19.824610699939598,45.1497329893879],[19.837542427162393,45.15132401650474],[19.839552735719455,45.15525844613067],[19.875098064868197,45.158921359444705],[19.890799211934823,45.155657896693725],[19.905351596277395,45.14567012195495],[19.908831903982538,45.15125223599473],[19.918587516256917,45.15341723343741],[19.93773084359571,45.148765647713205],[19.99260667602892,45.16552707198078],[20.004064783382834,45.17956886812325],[20.009245766334228,45.17874445641942],[20.012947056385244,45.18710499489315],[20.007034584372445,45.191101332384825],[20.029793847230028,45.20510980492329],[20.04701104608021,45.19403163981376],[20.042742327617916,45.18327854337701],[20.027743153400504,45.17092701731793],[20.048239336203572,45.16769146717663],[20.085996210854006,45.1697223502361],[20.096340772315763,45.18334026005383],[20.111499080684883,45.19399151716191],[20.130001786563874,45.19294551291611],[20.151571984967095,45.178162245182335],[20.174281675412917,45.18369368229424],[20.19717574522298,45.1782774749655],[20.199752174238846,45.182494709136726],[20.214349251204922,45.18003085564715],[20.23056446353299,45.17374936055803],[20.2306457253426,45.16612473549458],[20.269000336651143,45.150297342184786],[20.27225822348026,45.134113520916806],[20.302148941382836,45.10086311262653],[20.32201600576848,45.081493168389116],[20.34533498689921,45.066040144964354],[20.357815108572638,45.04914737249374],[20.362918699730976,45.030781510901846],[20.35517917658855,45.011390189121535],[20.32000798761315,45.00303381411565],[20.290640144489085,44.98675618058861],[20.28904077657913,44.958092090887355],[20.301128769847814,44.942687567128495],[20.294615630776914,44.9402419103261],[20.296266572899285,44.93826183815167],[20.2746475790703,44.93041944252152],[20.270390518894466,44.93456824921676],[20.233533636838683,44.920966930587994],[20.221376379674215,44.91546206651873],[20.2252449621069,44.907006171259084],[20.169250854111834,44.90708791461412],[20.170949180884232,44.89370810631955],[20.163485682519454,44.88533803729885],[20.165910447535186,44.86925869593285],[20.160109826223792,44.86252605169477],[20.146090618104612,44.856785125094916],[20.145782177269528,44.8301148126043],[20.13930951256479,44.803447529513015],[20.096643746812898,44.80727137527757],[20.087887029439667,44.787345654547],[20.095422222002465,44.78599817466555],[20.09859444398247,44.77998424140191],[20.12760798959011,44.77252911315479],[20.135787696211636,44.76670306852677],[20.134938533936616,44.76081666238646],[20.113736795333917,44.75840405831442],[20.11200273639698,44.75203215523567],[20.132445903285266,44.7387974034868],[20.121277583839333,44.736238771278096],[20.121736347619976,44.72767275621156],[20.10467514220123,44.727475140016594],[20.102112260384636,44.723902819078766],[20.128510553682354,44.71168444363275],[20.103132960599694,44.69774114630447],[20.03548613811506,44.682003049997505],[20.003883146649667,44.66280139530922],[19.976755627787313,44.636019591993005],[19.963452075402856,44.63050057487146],[19.94838600095075,44.63022967292846],[19.923256031188266,44.63879070555929],[19.91965736045888,44.645985911386845],[19.92184426846516,44.651764137312085],[19.939130428123203,44.65962488444837],[19.967444937283254,44.66177924800984],[19.9879051234169,44.67149580183603],[20.00014634911463,44.68296216169328],[19.997100647353143,44.69092102652864],[19.899975392956396,44.69554486654514],[19.87208075842203,44.70408529002232],[19.81975163219032,44.73821932602645],[19.801181657767792,44.74557582962619],[19.73006385229312,44.7488486946592],[19.704823917571613,44.76823866288763],[19.69490714179843,44.79512809918615],[19.696702627600054,44.8158937979174],[19.704711180874405,44.83198305838168],[19.702057665277266,44.8324907792326],[19.715513845472454,44.85687634189959],[19.72203759041418,44.853955469279946],[19.741073697200815,44.883047430381396],[19.756282498777022,44.89594837491757],[19.759079589878613,44.90395409341565],[19.749407931585484,44.91303686241828],[19.720700300702667,44.91036659128787],[19.70389302940733,44.926131083645075],[19.67383693359568,44.92486908101895],[19.67313445056952,44.92039015094595],[19.66040398154603,44.91725929427309],[19.64749049156941,44.91820683827955],[19.63926833936346,44.92312428970194],[19.61841514027716,44.921062669620106],[19.607617655574558,44.913227589533406],[19.610290611381163,44.90877190443154],[19.592777767436623,44.90857809265631],[19.590908702917314,44.90399169273036],[19.56852556052563,44.906256315304745],[19.56454249187771,44.9114170668604],[19.54538882741685,44.910038594451756],[19.537271271274122,44.91854587312662],[19.52249409768675,44.924384221622375],[19.518772819048316,44.91138608105049],[19.51081592349672,44.91265158474636],[19.512494890755523,44.90744683722359],[19.494095984231667,44.90038444738173],[19.478684171243405,44.912360481261246],[19.480514220163528,44.9241057887037],[19.473347000690925,44.927571094951205],[19.477863904322408,44.93000555926879],[19.44020157326326,44.94168922557847],[19.430372883079016,44.93562337111537],[19.444643108525536,44.92441962120428],[19.428207907570922,44.92223323279082],[19.42723402074288,44.916030810135425],[19.419236664334555,44.9239287531819],[19.401288694354925,44.92405755321773],[19.383853284940063,44.91212988459426],[19.333343859991476,44.92164498335084],[19.321374721801288,44.91908906671439],[19.320532193522368,44.91422099558468],[19.3292698671016,44.90635399536212],[19.354338809617875,44.898725095188524],[19.354188373479595,44.89124997909951],[19.34973438997379,44.88890098462107],[19.305448114201003,44.90842239068502],[19.29102216437805,44.909257973840106],[19.27905339207196,44.904309862737826],[19.253961525549666,44.91342701836273],[19.223697687432225,44.897365282163015],[19.214546010901884,44.89622942782719],[19.20839001989275,44.89912073016879],[19.19662830018107,44.918159151609736],[19.17485553532264,44.921535860297055],[19.146617064687064,44.90346650088914],[19.128827538560547,44.898710228195014],[19.11791584847552,44.886245142092896],[19.088440834073644,44.879597203903145],[19.070930606252965,44.86342128810475],[19.021414716113046,44.85539605903649],[19.003229110566075,44.8848647233115],[18.99274054499437,44.89398134916315],[18.988898074212244,44.90605938948057],[18.997584061729928,44.91538092312299],[19.032235946882356,44.92240743631792],[19.04497338901681,44.91198717387732],[19.068595962951434,44.90121490136096],[19.08708914937717,44.9104367610365],[19.080470535369162,44.913395653253545],[19.0874515461639,44.916402259209995],[19.084188400882912,44.91968444835397],[19.08722280491473,44.92548227773537],[19.12317964068607,44.93833157251585],[19.143094865018877,44.94115253489552],[19.142883019640525,44.94689211462216],[19.15605528968495,44.95301742903504],[19.154202989696262,44.95757740321825],[19.14681815872328,44.95736822575426],[19.147455359195476,44.97549919666871],[19.13869805756511,44.98066737150978],[19.10973369472739,44.96987165533878],[19.086523693233797,44.974360688789744],[19.07497883669005,44.97129062545045],[19.0519637865172,44.977137780920394],[19.09272331464267,44.995134064355],[19.096132796196986,45.00533702391504],[19.102762462527426,45.01086356222839],[19.097352904806034,45.02452349243164],[19.099107935954784,45.03296459191389],[19.094387829867095,45.03786803014204],[19.105815518932086,45.051432203599354],[19.09528637838651,45.05852739841317],[19.105940652534738,45.07921710134441],[19.092699427960337,45.09087538740437],[19.093364358655244,45.10153220616609],[19.07632399637976,45.11483980952417],[19.077854510561185,45.12772910082056],[19.087672403659067,45.1382940232407],[19.086401354598596,45.14541894144342],[19.141945263799744,45.129720448546564],[19.186997659645684,45.165906797982366],[19.194600079319443,45.17889608125587],[19.16599641453557,45.18973408082865],[19.17649199722171,45.20261561355563],[19.19103639282127,45.20120467763761],[19.213994769992375,45.187919684195684],[19.227549174104748,45.18463593881978],[19.237753058347685,45.175365708934365],[19.247524297652127,45.17784355716335],[19.25004941198402,45.172822087864475],[19.272525490060026,45.17598983845633],[19.287427264694337,45.17062932864173],[19.29650335810839,45.171217371173505],[19.281269699607055,45.19320178288111],[19.289077592080424,45.195399352636],[19.282742085626555,45.20718521583804],[19.320251895364727,45.207270772583875]]]}},{"type":"Feature","properties":{"kod":8,"ime":"MAČVANSKI UPRAVNI OKRUG","rap":7},"geometry":{"type":"Polygon","coordinates":[[[19.473347000690925,44.927571094951205],[19.480514220163528,44.9241057887037],[19.478684171243405,44.912360481261246],[19.494095984231667,44.90038444738173],[19.512494890755523,44.90744683722359],[19.51081592349672,44.91265158474636],[19.518772819048316,44.91138608105049],[19.518400587070285,44.917275088508894],[19.524537523013112,44.92451186427428],[19.54538882741685,44.910038594451756],[19.56454249187771,44.9114170668604],[19.56852556052563,44.906256315304745],[19.57783329427346,44.90425408165159],[19.610290611381163,44.90877190443154],[19.607617655574558,44.913227589533406],[19.61894312660607,44.921164910580124],[19.63926833936346,44.92312428970194],[19.64749049156941,44.91820683827955],[19.66040398154603,44.91725929427309],[19.67313445056952,44.92039015094595],[19.67383693359568,44.92486908101895],[19.699015661924708,44.92671796662035],[19.706624435811076,44.924661262207245],[19.720700300702667,44.91036659128787],[19.7516263536,44.91246530101186],[19.758627709027255,44.90580963903737],[19.757174923627662,44.89735998364843],[19.741073697200815,44.883047430381396],[19.72203759041418,44.853955469279946],[19.715513845472454,44.85687634189959],[19.696702627600054,44.8158937979174],[19.696061782320587,44.78683220271481],[19.704823917571613,44.76823866288763],[19.71819787329026,44.7548916022694],[19.73006385229312,44.7488486946592],[19.801181657767792,44.74557582962619],[19.81975163219032,44.73821932602645],[19.87208075842203,44.70408529002232],[19.899975392956396,44.69554486654514],[19.967107271933248,44.69091105199736],[19.992712840142158,44.692732273636864],[20.000457958906033,44.68564757607205],[19.994230020303508,44.67542814722403],[19.97311065664867,44.664068686630735],[19.93688992216978,44.65910953975991],[19.920447284869407,44.649811779548195],[19.924311535299488,44.63795814250463],[19.95080384072666,44.629892532060474],[19.967296153996152,44.631610274697636],[19.985831768877755,44.64228342936624],[19.988414429244184,44.63593347080419],[19.982534605001288,44.632470908380704],[19.985500289288936,44.62830412399682],[19.977300369231685,44.62642605462153],[19.975623375923025,44.613844259032945],[19.98566769384029,44.60893905926794],[20.00011171396362,44.59033672903387],[19.984952133275296,44.58163568359191],[19.955895169007253,44.57313814593489],[19.93467688584567,44.57087846592355],[19.92880012512201,44.57499894062749],[19.909433906017576,44.57680367523112],[19.886066233161472,44.56280135772137],[19.876931950605613,44.55193433278594],[19.87983008940442,44.55078388839089],[19.87553025370442,44.53962337244271],[19.87789718755985,44.51883248461217],[19.89033093629797,44.515153569564944],[19.889231348713807,44.51157731556007],[19.89481297713044,44.5097163405646],[19.883196471616248,44.490338158250324],[19.88620902275777,44.489543665637306],[19.882839943968357,44.48109294706712],[19.884465954507196,44.46856461638723],[19.87657924398268,44.46260390335698],[19.880623550107753,44.45782134987814],[19.867234203453005,44.45365301250195],[19.86768170055305,44.443543185186634],[19.8551104515276,44.43727416293788],[19.86020168671497,44.433251583452545],[19.85751842808113,44.42856124210011],[19.862592763620565,44.42199865343747],[19.85880047761818,44.4053267708754],[19.85314945499304,44.40997459310029],[19.84433001784576,44.40685225047922],[19.819193501017185,44.41008669423381],[19.794019183221714,44.40797640414693],[19.78811875796224,44.430276010663476],[19.78304378214557,44.43618868455342],[19.72737441020294,44.44161547383483],[19.718531997589995,44.44616618728584],[19.711553690007,44.45837106798492],[19.700285256899335,44.460375438068205],[19.69709843722463,44.45582711449453],[19.680566813626463,44.456943398936296],[19.661700310709477,44.45215207278788],[19.641419786253437,44.44026338773588],[19.62609134439612,44.43838194656252],[19.6117423605957,44.440181838423484],[19.578999949787747,44.46471453891089],[19.56038383409549,44.45549848359617],[19.531521135545923,44.456377521116316],[19.524425771489387,44.451021493086344],[19.502454371305507,44.44660792873222],[19.502698519925637,44.442248964110405],[19.511855313557085,44.43769825331226],[19.523572086441177,44.437547108234696],[19.53116303093894,44.42798864090533],[19.51518280279781,44.41777531176958],[19.51981949209188,44.411573065305916],[19.508673159573547,44.404089859142296],[19.512699940730403,44.400453279857516],[19.5073617210916,44.39583119465761],[19.507565539004062,44.382543550331846],[19.487298849463453,44.37827046422862],[19.47595580593644,44.37950632521634],[19.47734055732476,44.38126517194493],[19.476450643016346,44.382201743956315],[19.4718618655078,44.380806584463585],[19.470991125071322,44.37543246160436],[19.481836110718277,44.363443480621676],[19.481552946988447,44.357212690539185],[19.498661954182367,44.36269983817246],[19.507415526065152,44.35286233459931],[19.506618336540082,44.34925826546236],[19.520738624964608,44.342534592528686],[19.521994982958198,44.33732139167968],[19.4964295539157,44.324282911589385],[19.483030097020052,44.324102236879675],[19.472796495598082,44.30821784520916],[19.47484636912414,44.2976499137989],[19.4603343800096,44.29450294392087],[19.463042723560584,44.289962835611135],[19.458401625098336,44.29346537390376],[19.45357511316053,44.29178332580401],[19.446927905805357,44.28607511536214],[19.45740296699932,44.283866507669316],[19.459171211692073,44.27916124005908],[19.455001093578808,44.27750120339135],[19.454895995263023,44.272534460685186],[19.448905002621043,44.26993509239253],[19.444210115166975,44.274967683694314],[19.43627001310925,44.270096578922534],[19.454154257706612,44.26572589876967],[19.463078052331987,44.26760663534617],[19.462323273585895,44.264725176491034],[19.47068340448197,44.26240033169777],[19.475060860051173,44.25607437445194],[19.503883267644753,44.24824420389372],[19.505761212794535,44.25308943521401],[19.511486591954977,44.25372021908397],[19.525068667629448,44.242798304231094],[19.53916490453195,44.2391783194006],[19.555523341316643,44.24058411257177],[19.565041597624102,44.2329484076583],[19.5855165376867,44.227690172500566],[19.592801140752,44.21823044962596],[19.591087972072017,44.212380095222],[19.604312174305203,44.18629091710608],[19.621033795131513,44.180404239239664],[19.63410676296256,44.16895998258619],[19.64406063367545,44.16816586829713],[19.636155324029716,44.163220689610874],[19.640036615414854,44.15672972355111],[19.633499628011382,44.14801393491497],[19.633996584570642,44.13895292624662],[19.630407631771938,44.138710675666395],[19.626540133711103,44.130362122316626],[19.619758559281905,44.13169745835029],[19.611995407224583,44.14001534766673],[19.60318630555623,44.14066219858848],[19.5781640566114,44.13076607428225],[19.572717401787692,44.121810818394366],[19.56660542916191,44.11938255744389],[19.562347014384034,44.10933280636489],[19.550604680312702,44.11028548873176],[19.532091940465637,44.10208616236422],[19.529368176112772,44.10766553157937],[19.518905739172897,44.09935375550224],[19.50285760023682,44.10222411406302],[19.497097527363593,44.09903496273164],[19.49308519597743,44.11524532752762],[19.475386609412034,44.11694373176798],[19.470072148539955,44.12080024987978],[19.471058949821124,44.12940380017815],[19.48339105497955,44.1418230942223],[19.476474139849962,44.14891123531055],[19.462251282668138,44.14672398236913],[19.4487883295712,44.13164139373995],[19.443883738350667,44.13171634456281],[19.419939774793928,44.14408278739768],[19.408288894534316,44.16909474276801],[19.35904825852068,44.184330554247374],[19.355358235878278,44.19849678141723],[19.359818818825033,44.20742146854856],[19.34351597782157,44.21911630015614],[19.34877520136836,44.23174991966307],[19.342348993401956,44.24290311212851],[19.32988011926075,44.25072186308092],[19.325067452982374,44.271329746199235],[19.313173307720454,44.273082040280705],[19.298060276117795,44.26942369323395],[19.2795169550651,44.27674245040062],[19.252822260609623,44.26320049240625],[19.2392011558283,44.261578686738844],[19.222800344342716,44.26903748936966],[19.217238930124637,44.287112326037125],[19.209619751311447,44.29117283554015],[19.19848391880178,44.2912069726891],[19.1798507460194,44.27982152018989],[19.165354757943856,44.284583853410524],[19.155923275161054,44.303454765536145],[19.13150166481512,44.318130297623526],[19.12974917649253,44.32966514608575],[19.136599305721134,44.338851293155685],[19.114104838950677,44.34460453491643],[19.10894518684041,44.356813332987436],[19.11974332932111,44.36738753811183],[19.10651737416853,44.366810497030315],[19.102592302323682,44.37289571087522],[19.110153477541502,44.397458634735735],[19.147071921257144,44.41528365146668],[19.149239806219214,44.43695331328758],[19.14482739046629,44.450672506928576],[19.13627584156287,44.45668491078563],[19.140706894673652,44.47116000453828],[19.13261828534602,44.490864949514076],[19.12304981570145,44.500535747192025],[19.128443193088717,44.51993759752195],[19.14399559677976,44.5269206084353],[19.167581162002566,44.52384449066623],[19.179735133638708,44.540015820547055],[19.19015348719036,44.54682232261955],[19.192196917104617,44.55472753771395],[19.182196179341855,44.561752233869676],[19.183639203866782,44.573152023706285],[19.18580819167064,44.576139951243896],[19.20631304735246,44.57690763185959],[19.206702897004153,44.583450330939606],[19.219545864785932,44.593746997193854],[19.2272137610716,44.61081165685276],[19.214939032136673,44.61937723663681],[19.236408049865858,44.62300498085847],[19.257159665049294,44.634790545308704],[19.26634399494173,44.64807832312082],[19.258361275900963,44.65609295331634],[19.259885593528637,44.65837400423948],[19.277035023458332,44.6573056187439],[19.28260458951867,44.66177053232255],[19.276243813881187,44.66766182527064],[19.28028240350301,44.67724426934107],[19.291272921449394,44.682504904571324],[19.287214127123573,44.687396967666736],[19.289952314765046,44.691915132558044],[19.296692320457062,44.68762861009536],[19.303800396433413,44.68908071148037],[19.299959854498695,44.69520823950441],[19.308987822525065,44.70573011031274],[19.301124737106104,44.712619763051784],[19.31402523423492,44.720495603676525],[19.3017470935588,44.730950958603195],[19.31205999073796,44.74111881645593],[19.32640069874707,44.74198624826814],[19.3306310600867,44.74796591259382],[19.314993256619246,44.75291826761465],[19.31612046604644,44.75652278720071],[19.324260577439524,44.75777155349106],[19.32384006766324,44.76377439561022],[19.307423547287108,44.76406071236322],[19.301221363700886,44.769180551411175],[19.305028549197985,44.77334502957139],[19.321991760236276,44.77454992153976],[19.325810077417735,44.77831388640891],[19.324320099212162,44.78414205201063],[19.317971435613266,44.78554900414436],[19.31075333929886,44.7804535809107],[19.29457039027692,44.785802483216514],[19.304651871780898,44.79431510239387],[19.31732619148645,44.79561087462854],[19.310121214490053,44.80548443106021],[19.312951236436056,44.81253353424583],[19.324098507619865,44.81279317219135],[19.317875003275823,44.821643690453996],[19.32680516957696,44.8228433674321],[19.33336620389534,44.81776758130541],[19.335682300661464,44.82805323168662],[19.353191530973486,44.82639894984346],[19.35549095768188,44.83460803793504],[19.345483889788028,44.839707110353025],[19.345964523072727,44.85249761163214],[19.351942988316278,44.858619369830684],[19.367472457265364,44.856123030592954],[19.359694190433128,44.86657836041708],[19.371468258528587,44.87781504018843],[19.352085515221656,44.88625039290761],[19.354338809617875,44.898725095188524],[19.332207071369744,44.904631082923835],[19.321847291414123,44.9124329811068],[19.320758925735593,44.91822611301799],[19.331765100245015,44.92180926505837],[19.383853284940063,44.91212988459426],[19.401288694354925,44.92405755321773],[19.419236664334555,44.9239287531819],[19.42723402074288,44.916030810135425],[19.428207907570922,44.92223323279082],[19.444643108525536,44.92441962120428],[19.430372883079016,44.93562337111537],[19.44020157326326,44.94168922557847],[19.477863904322408,44.93000555926879],[19.473347000690925,44.927571094951205]]]}},{"type":"Feature","properties":{"kod":9,"ime":"KOLUBARSKI UPRAVNI OKRUG","rap":7},"geometry":{"type":"Polygon","coordinates":[[[19.989587995839614,44.58557054058826],[19.994999350598015,44.57807294923736],[19.98869828462945,44.56914179275024],[19.98842283245672,44.55851475389741],[19.99485023821724,44.55241723955171],[19.99315785964623,44.55023003257014],[20.008296232904193,44.54298863306637],[20.013143413310164,44.536702734494376],[20.01124299114936,44.53342389075171],[20.018789517756755,44.53301816559028],[20.018107043297103,44.53916124831786],[20.02542592951894,44.53751403476226],[20.028696635784108,44.54071779390519],[20.036929023163996,44.531451040594746],[20.062111264579528,44.52111336936998],[20.074891774732045,44.52797076501814],[20.082045399847242,44.545956780559784],[20.093525757818576,44.546754964527516],[20.094056899535666,44.55009573726119],[20.098033384229947,44.545733690440144],[20.110422678234325,44.54764883898661],[20.112511223822477,44.543087685799556],[20.113859803110298,44.547526764530176],[20.119413493028066,44.545600387033296],[20.118182861085028,44.539946044137096],[20.148190789604378,44.510124054752204],[20.189673021506657,44.544222864274694],[20.188592416153398,44.565594885651464],[20.20076152501495,44.56861942894141],[20.20844964913358,44.564303054885436],[20.207689524819852,44.560091403944355],[20.212651306355173,44.56014495796597],[20.20548880042523,44.554628380248865],[20.209892657299502,44.550759113783826],[20.203688787497025,44.550088740085435],[20.206653391835367,44.54526786880736],[20.208103999403686,44.54830997956135],[20.213731489847866,44.546537190890525],[20.211465594426645,44.54260282251606],[20.214948260588145,44.54167600515377],[20.209769123544437,44.54195481029567],[20.21291951433188,44.5398170040281],[20.209163175732645,44.53776830262622],[20.215501303832063,44.53760024336709],[20.21266766656771,44.53502569125711],[20.216838884096667,44.535762850275475],[20.21437345255244,44.53263536619465],[20.21992824748026,44.53129692184197],[20.207360171947332,44.51904501491565],[20.219573180800502,44.51907018092187],[20.20950901527234,44.515624236175476],[20.214018570973586,44.51504531388771],[20.212681975216565,44.510761531536005],[20.22399338693747,44.51200702021772],[20.22353298120161,44.50769255623338],[20.22898798269482,44.506267603825066],[20.23356003848947,44.51025699447598],[20.23608926804975,44.507067357971174],[20.233899912678165,44.5079005207543],[20.231963472516362,44.505467160934735],[20.239474252880612,44.506349566372855],[20.24094335813638,44.50191788793057],[20.23603530292397,44.49713546867324],[20.24431548762475,44.49496618738486],[20.245075653385527,44.490614545167126],[20.240714141391585,44.487641402898326],[20.246659758743725,44.48685610485275],[20.241542280535736,44.48291606455921],[20.24510328985074,44.47857424322803],[20.23886158472712,44.47614467356145],[20.247769164319887,44.46911212362452],[20.234009540954386,44.46491736545967],[20.233623250590593,44.45946677250304],[20.241677712189556,44.45844427433301],[20.232359137445993,44.45716236584306],[20.23661123004478,44.45626582277098],[20.23774475296302,44.44603121061715],[20.24421113883995,44.44876582930066],[20.241301210082135,44.4452768923531],[20.248047219216968,44.44311340986631],[20.241435053107512,44.437443078620326],[20.246811582977223,44.42972575847959],[20.241277696809618,44.42908902000925],[20.24470296130265,44.42464881342266],[20.227420356413194,44.421411402090975],[20.217606049049458,44.41372218728498],[20.222734298704008,44.407739809368024],[20.21984083505472,44.40334710194876],[20.21308934061895,44.40400741900482],[20.208239906277626,44.39990037638921],[20.211730011863,44.39561071675726],[20.216204201408637,44.397910670397614],[20.221235164335575,44.38772659060821],[20.210605923031675,44.39049625272654],[20.20913716716312,44.38800355506915],[20.214458588694242,44.38642480221528],[20.208110005884226,44.386428184689194],[20.2101470470337,44.38093433861583],[20.20641687999958,44.375967167479864],[20.215648472093967,44.3717669995466],[20.214585643888938,44.36527929316197],[20.23174787482529,44.35237009265828],[20.194538131981282,44.34959358595671],[20.191337772809174,44.343377922551824],[20.19569703469129,44.340696168451615],[20.199294649183415,44.34310812894525],[20.20141987272085,44.33997083137095],[20.19658733745548,44.33537164081429],[20.202921519598984,44.33044327008652],[20.2121973603775,44.335529384545254],[20.210384028579437,44.33171565401551],[20.215372576350692,44.32993045971941],[20.209704944810095,44.328727452942914],[20.215651067953548,44.32472166101912],[20.207660988479347,44.32395973076438],[20.21593421448582,44.31582503281203],[20.226592182560925,44.316372825503],[20.228781113968186,44.311305217044335],[20.2235465283182,44.309997486498894],[20.23215691500143,44.30625408782252],[20.229568514617505,44.30390635836361],[20.232703661334444,44.301048190933244],[20.240378773898648,44.302398399677884],[20.237482964011893,44.29695857989252],[20.242713201877557,44.29329117024766],[20.25038188731056,44.29465108038804],[20.253676339744477,44.29136063613791],[20.248802375678885,44.29046942961659],[20.250485071484547,44.28675721168392],[20.25934665830517,44.288763976420405],[20.257812959448316,44.28232089536526],[20.268029744448693,44.27926594139019],[20.263560853160083,44.27752926398079],[20.278290166515127,44.27869496346617],[20.27871397931132,44.2724573226544],[20.273755589285436,44.27194399332487],[20.277670054525057,44.26811725220524],[20.298300604639604,44.262743366050145],[20.30721183858679,44.28062337743992],[20.31184728687816,44.27517348907384],[20.329864673645716,44.274070940751784],[20.342499560455543,44.280535909373185],[20.347452426628834,44.287813572194224],[20.359883207816747,44.291922214656275],[20.361267433302928,44.297954872715444],[20.36816067146717,44.29917687819038],[20.366177413831323,44.30911635781032],[20.37844501178276,44.31358728125281],[20.38254383432067,44.31116356758322],[20.39199849139072,44.31794454074549],[20.399554334456035,44.31262154555832],[20.4091303583106,44.312866081720266],[20.418103726767413,44.320727511162744],[20.427882590820577,44.321809006036275],[20.428785749221138,44.3041007035997],[20.433444174250877,44.29932900302167],[20.42719653494363,44.29106270835956],[20.426303020447293,44.27979017472512],[20.43709333451806,44.268968440015776],[20.429777636127994,44.26338556157968],[20.428713287327604,44.252359002737414],[20.42450059575114,44.25270836586195],[20.422215180424928,44.24283950414064],[20.417621931013997,44.241518429981646],[20.425585897902828,44.238578101062636],[20.42031828807223,44.228361351649994],[20.414654285933224,44.22651811028089],[20.39872276493137,44.23231265827954],[20.38872952254542,44.2082873110219],[20.389036793074727,44.1982753934872],[20.375008622880813,44.2002908598738],[20.367726732347094,44.19576640851477],[20.352019216205726,44.194235645866854],[20.348618817568163,44.18324816110296],[20.352337922578133,44.16967867683169],[20.33818544547825,44.164118015716866],[20.32221200548762,44.16536316812762],[20.30972867623891,44.15924383988624],[20.30994644700944,44.14659209246359],[20.30599007527575,44.14406078771713],[20.28676532944047,44.147371166959516],[20.24803622563848,44.135439015502385],[20.221492206020933,44.13893246225111],[20.219545813344165,44.13469285194177],[20.1918599339648,44.135987919059886],[20.17598935713736,44.127848768607926],[20.18063826326797,44.1226090436421],[20.173717034942136,44.11950958604961],[20.141834586955735,44.12180454311647],[20.14052792830612,44.11233599247444],[20.150226618199085,44.10722529749589],[20.149664325677914,44.094870684598035],[20.139759762188003,44.101540206200504],[20.131698480320914,44.096913130835006],[20.12640539879969,44.10163792552637],[20.11683300248674,44.10265270983938],[20.1124893667605,44.10977194424205],[20.09664267099797,44.10806645257124],[20.08262784980348,44.11455801298198],[20.074769975343955,44.111750056744775],[20.034348360209794,44.11578478680447],[20.02602593981298,44.12081631881282],[20.01001748087658,44.11714024188746],[20.004502738445236,44.10825297540981],[20.006577220002427,44.099536684356345],[19.998332347321718,44.09600516532819],[19.95944715832337,44.09858735419822],[19.960002051721876,44.104468655858334],[19.94703430691725,44.10795422751501],[19.94594202424881,44.112375976642795],[19.933246144757288,44.111334404261235],[19.924075178652412,44.116166724359495],[19.927649599863766,44.11923116584732],[19.924078274482355,44.11835545900471],[19.923914074622427,44.124258339159155],[19.920675050936165,44.12500584363381],[19.93042278200218,44.12892096258621],[19.9250298065087,44.13197263393861],[19.93249927298622,44.13570990108778],[19.930234299402834,44.141851867445894],[19.91793087855393,44.14896755902035],[19.885760102161573,44.15584499110581],[19.873871463768936,44.14377943182896],[19.875228171326448,44.1377809849128],[19.860403134554748,44.136865414840756],[19.85907546933301,44.12812130220625],[19.854255827704936,44.124677258146114],[19.84937513296589,44.13001424859003],[19.829871460997044,44.132354665190775],[19.811965557321553,44.14163182402404],[19.79446864770465,44.13869736324598],[19.79189822648142,44.13663416944129],[19.794274921018705,44.13239320843716],[19.801592227474796,44.133093457741],[19.816902696018534,44.12534429555853],[19.81881652989558,44.122868600451135],[19.813920430419547,44.1173824809141],[19.82172015603706,44.11625834923723],[19.828138161703055,44.10980615739513],[19.826659059620063,44.10598167357657],[19.833070844828377,44.09644876602011],[19.82788361926326,44.090384068981365],[19.83051727230677,44.085765566913125],[19.826972276587686,44.074650050134224],[19.818451818994102,44.069216370037296],[19.800003439060216,44.075960718614354],[19.802779801568906,44.07682767298534],[19.796292427712743,44.08414673387659],[19.79715577831471,44.090692261368986],[19.789850630807305,44.09382819277311],[19.79393403601177,44.0958156467927],[19.781115046835957,44.10242787182684],[19.783271923746504,44.11047005621425],[19.765949158897985,44.1202402884544],[19.759971327197796,44.130499450688525],[19.754319424310555,44.130489343983314],[19.75489465777482,44.127441949592004],[19.73966350293993,44.13057056150971],[19.73914314606146,44.13815135824151],[19.729326468803126,44.14346653329155],[19.720051672647873,44.142135201565125],[19.72077182197839,44.139518282116605],[19.693774793290817,44.14643304262011],[19.68782134503175,44.15592747608907],[19.669199877761447,44.15677252574031],[19.666358287277333,44.16284911544849],[19.650233990138656,44.169068088169944],[19.63410676296256,44.16895998258619],[19.621033795131513,44.180404239239664],[19.604312174305203,44.18629091710608],[19.591087972072017,44.212380095222],[19.592801140752,44.21823044962596],[19.5855165376867,44.227690172500566],[19.565041597624102,44.2329484076583],[19.555523341316643,44.24058411257177],[19.53916490453195,44.2391783194006],[19.525068667629448,44.242798304231094],[19.511486591954977,44.25372021908397],[19.505761212794535,44.25308943521401],[19.503883267644753,44.24824420389372],[19.475060860051173,44.25607437445194],[19.47068340448197,44.26240033169777],[19.462323273585895,44.264725176491034],[19.463078052331987,44.26760663534617],[19.454154257706612,44.26572589876967],[19.43627001310925,44.270096578922534],[19.444210115166975,44.274967683694314],[19.448905002621043,44.26993509239253],[19.454895995263023,44.272534460685186],[19.455001093578808,44.27750120339135],[19.459171211692073,44.27916124005908],[19.45740296699932,44.283866507669316],[19.446927905805357,44.28607511536214],[19.45357511316053,44.29178332580401],[19.458401625098336,44.29346537390376],[19.463042723560584,44.289962835611135],[19.4603343800096,44.29450294392087],[19.47484636912414,44.2976499137989],[19.472796495598082,44.30821784520916],[19.483030097020052,44.324102236879675],[19.4964295539157,44.324282911589385],[19.521994982958198,44.33732139167968],[19.520738624964608,44.342534592528686],[19.506618336540082,44.34925826546236],[19.507415526065152,44.35286233459931],[19.498661954182367,44.36269983817246],[19.481552946988447,44.357212690539185],[19.481836110718277,44.363443480621676],[19.470991125071322,44.37543246160436],[19.4718618655078,44.380806584463585],[19.476450643016346,44.382201743956315],[19.47595580593644,44.37950632521634],[19.487298849463453,44.37827046422862],[19.507565539004062,44.382543550331846],[19.5073617210916,44.39583119465761],[19.512699940730403,44.400453279857516],[19.508673159573547,44.404089859142296],[19.51981949209188,44.411573065305916],[19.51518280279781,44.41777531176958],[19.53116303093894,44.42798864090533],[19.523572086441177,44.437547108234696],[19.511855313557085,44.43769825331226],[19.502698519925637,44.442248964110405],[19.502454371305507,44.44660792873222],[19.524425771489387,44.451021493086344],[19.531521135545923,44.456377521116316],[19.56038383409549,44.45549848359617],[19.578999949787747,44.46471453891089],[19.6117423605957,44.440181838423484],[19.62609134439612,44.43838194656252],[19.641419786253437,44.44026338773588],[19.661700310709477,44.45215207278788],[19.680566813626463,44.456943398936296],[19.69709843722463,44.45582711449453],[19.700285256899335,44.460375438068205],[19.711553690007,44.45837106798492],[19.718531997589995,44.44616618728584],[19.72737441020294,44.44161547383483],[19.78304378214557,44.43618868455342],[19.78811875796224,44.430276010663476],[19.794019183221714,44.40797640414693],[19.819193501017185,44.41008669423381],[19.84433001784576,44.40685225047922],[19.85314945499304,44.40997459310029],[19.85880047761818,44.4053267708754],[19.862592763620565,44.42199865343747],[19.85751842808113,44.42856124210011],[19.86020168671497,44.433251583452545],[19.8551104515276,44.43727416293788],[19.86768170055305,44.443543185186634],[19.867234203453005,44.45365301250195],[19.880623550107753,44.45782134987814],[19.87657924398268,44.46260390335698],[19.884465954507196,44.46856461638723],[19.882839943968357,44.48109294706712],[19.88620902275777,44.489543665637306],[19.883196471616248,44.490338158250324],[19.89481297713044,44.5097163405646],[19.889231348713807,44.51157731556007],[19.89033093629797,44.515153569564944],[19.87789718755985,44.51883248461217],[19.87553025370442,44.53962337244271],[19.87983008940442,44.55078388839089],[19.876931950605613,44.55193433278594],[19.886066233161472,44.56280135772137],[19.909433906017576,44.57680367523112],[19.941059015097093,44.57122942241041],[19.970520798992105,44.576572001364866],[19.989587995839614,44.58557054058826]]]}},{"type":"Feature","properties":{"kod":10,"ime":"PODUNAVSKI UPRAVNI OKRUG","rap":7},"geometry":{"type":"Polygon","coordinates":[[[21.0233058433961,44.70565460417241],[21.031749354622015,44.70223334031082],[21.03325705019073,44.70935103300495],[21.040032435764125,44.71001371143053],[21.040808652754876,44.70623130798751],[21.031263688709405,44.69987977872522],[21.03675742834059,44.700465375695806],[21.044087947662693,44.70453662912679],[21.045371658603155,44.71074679591006],[21.048762207943405,44.70659931631084],[21.043988701091184,44.69952166601382],[21.055093232840814,44.697604862723416],[21.052692798996308,44.69303283090399],[21.045808562535772,44.6954412996655],[21.038761937169237,44.69199966596345],[21.042302709861282,44.68526214786853],[21.039960094759195,44.68145833217364],[21.02216411538205,44.67893593982875],[21.02526742131379,44.672742406059704],[21.041362630054998,44.67489645199965],[21.04857717190893,44.66422398750227],[21.044457542932133,44.66260850943524],[21.03673689851127,44.668785331883015],[21.027986058107306,44.66588101277138],[21.030691489453226,44.659812642112],[21.047565060869175,44.651048675333094],[21.03601613601524,44.64558048214663],[21.03703653396976,44.640489329326144],[21.04469882076041,44.63714687205971],[21.049791675687747,44.64248157260172],[21.061841063538232,44.64479722471012],[21.053387569135616,44.64070862922453],[21.05023659966105,44.63227720484971],[21.06198447764769,44.63633717108722],[21.066238435999946,44.62487568310693],[21.076423004936554,44.63272904601309],[21.088740389966773,44.62837668172194],[21.081362397962945,44.617350996291655],[21.069699789439078,44.61424930454311],[21.061020342834038,44.61932262144749],[21.058344475455222,44.6143681997508],[21.068700830709105,44.606716196020635],[21.074706155528514,44.61160409404731],[21.088608274331776,44.613156584177624],[21.087387549492195,44.60930145315354],[21.07355611029838,44.6082008118824],[21.086773270719636,44.60072582651942],[21.0863856676998,44.591786254468985],[21.094066606075284,44.586983781135835],[21.11419750924535,44.59524285910293],[21.11771033720833,44.58549060835762],[21.143944270973307,44.58534939341718],[21.148510691029948,44.58197955352008],[21.145958008111727,44.57893658359379],[21.137007093493185,44.579823538340555],[21.138383913923793,44.57026605225965],[21.128175379696867,44.566997865049714],[21.139528497372204,44.545377620530694],[21.1235852815536,44.548900611036025],[21.118033834201327,44.5459537205059],[21.13468209137087,44.53264169778903],[21.14093437216704,44.53373752880374],[21.14104824429011,44.54125437600586],[21.15161031518258,44.539849253534385],[21.141973529829688,44.52649095660451],[21.129511510846307,44.52789822105593],[21.126505726902202,44.5166613234074],[21.14401243402388,44.51349485462091],[21.14388142368716,44.501476555529614],[21.161082795018835,44.4951246139549],[21.155327664320083,44.48815034452809],[21.15623640636423,44.48245916291198],[21.171619398912856,44.47240156349222],[21.16644043708063,44.46794968558629],[21.151368034526804,44.46689982476613],[21.14761444949803,44.462575887879176],[21.154876416492627,44.45652139171853],[21.166505053505226,44.45887632848238],[21.172630399648963,44.455707508460144],[21.170656763155897,44.451541314178364],[21.159862922311913,44.45005275140723],[21.15673765015574,44.445905114685594],[21.168650979280812,44.439430802743935],[21.1710786189053,44.42563153428969],[21.164948844329917,44.42510901891854],[21.160035399617104,44.430677155307734],[21.147745486314385,44.42926276789575],[21.139819727381205,44.419627255974035],[21.11918486752705,44.410415481846876],[21.12262329338794,44.40580746368306],[21.136395417949082,44.40751589275217],[21.14593775700189,44.40331840707129],[21.130569826740707,44.397113306488826],[21.126958291698937,44.385378536264575],[21.119958638722437,44.38317046706017],[21.12248050767686,44.37563178427653],[21.133807080726026,44.37561871292728],[21.140680127784723,44.370830964722806],[21.165465359210007,44.37082442859545],[21.165451587002817,44.36606330430766],[21.16959191242038,44.366057263685605],[21.16957742604178,44.36117015349036],[21.175709452246434,44.36141360868913],[21.17431826066876,44.35712290512219],[21.177457078311303,44.35634322632308],[21.17738648952256,44.35133374231212],[21.164453437610486,44.34459981053531],[21.165720410610625,44.34172510243039],[21.15488027314889,44.343124666870345],[21.15239195919205,44.33817385122975],[21.143557337657338,44.33570826479715],[21.143531109223698,44.33135578122759],[21.136217876452555,44.3314221601161],[21.12070313817617,44.322152553251144],[21.125409261513592,44.318480279703984],[21.13966886221283,44.3221943958661],[21.14973401354366,44.31003209431432],[21.14499748494412,44.304940706058915],[21.124666888590582,44.30768206363962],[21.12204765541301,44.29771530011859],[21.132928121855915,44.29457108019687],[21.137520643141148,44.285218716377024],[21.156210058108172,44.28343469793429],[21.15889083771375,44.280086431987606],[21.15246845822609,44.273299110114316],[21.142458604699765,44.279287477718],[21.13532523814624,44.2765816634057],[21.13075872560288,44.27897497759949],[21.127515581918036,44.274954520551454],[21.142263124404746,44.26103496650422],[21.150485653483006,44.269054516640935],[21.157803665199808,44.26919580183785],[21.150820590566173,44.25636176343529],[21.16820229077554,44.24623885860785],[21.15023930276933,44.23420796752056],[21.158125642511806,44.21745745337656],[21.151038939756738,44.208131922735205],[21.138465171315357,44.21679172998986],[21.11717054978155,44.21492790487189],[21.107933644097077,44.22459485709542],[21.089732067901835,44.220677811719675],[21.07564968341028,44.224144698229395],[21.05669291498106,44.22275621825742],[21.046025610013135,44.23265076843064],[20.988515885245754,44.25300404542985],[20.993326766257834,44.25537556360842],[20.986651066643436,44.2579475650373],[20.988787521333066,44.266212735052044],[20.98513669412486,44.27261652316741],[20.98843124918377,44.27828354710084],[20.980024682304766,44.278683076112266],[20.976935804963404,44.2750014271858],[20.973940360205944,44.27355195504781],[20.959716041707267,44.27810289613546],[20.95897317010831,44.27455970124771],[20.95096531566247,44.2727398857356],[20.934324101230622,44.274148300503846],[20.926894166763034,44.26965998989816],[20.92839743823316,44.267215564655075],[20.912958248178406,44.27156195183045],[20.908729911064324,44.26932987858422],[20.901776020037904,44.27616784830192],[20.898371196543653,44.271487698032935],[20.883439358369873,44.26854893528059],[20.881403837433073,44.27549937147345],[20.875038746552633,44.27981779577289],[20.86894665806521,44.27886529502247],[20.868918254331195,44.274652030361864],[20.858112499881926,44.28494613082432],[20.854596147888966,44.28204165133477],[20.837052283428967,44.283555381682085],[20.82643212216077,44.30080088172517],[20.831456643283534,44.3024342019506],[20.834872845494424,44.31588745011379],[20.804364538207615,44.321218181265714],[20.78646686789246,44.31979066770417],[20.783546915457144,44.32661644787323],[20.788568037601046,44.33863750092375],[20.782967490287966,44.344258262691596],[20.78602729533254,44.34513432926365],[20.773468843246054,44.35105344612402],[20.787366780179354,44.35802028078482],[20.779594671690337,44.36093278403597],[20.78220023907424,44.366102536797705],[20.798843378992416,44.365486540230265],[20.802581575027574,44.37507101316093],[20.78903417514943,44.370759910934616],[20.771530971381512,44.3753315097992],[20.770141833941874,44.38450888529966],[20.760937179279548,44.38711265258669],[20.756335752288713,44.39656980185693],[20.74932646308581,44.39938843700781],[20.753883519736828,44.40077811499451],[20.7618071398695,44.41359303853549],[20.76610170761763,44.4290448547082],[20.770167265016486,44.42851534074249],[20.76562034196488,44.43041486095336],[20.769573903983716,44.43165258139032],[20.764233730710156,44.44066344155495],[20.770674000670194,44.437394146674194],[20.772628441946143,44.441740236580024],[20.779411802192843,44.4403673117387],[20.775357360253476,44.443514613303535],[20.788367007643057,44.44933158647783],[20.791781916847256,44.447352808585734],[20.79288023776837,44.45058488971546],[20.818250591545397,44.43990794307268],[20.831654180048822,44.43857136711453],[20.841445406412994,44.44283180208146],[20.840845783842017,44.44659114554315],[20.84533539101925,44.44567540986603],[20.842426526291153,44.449008249303525],[20.848679805566167,44.452746815210645],[20.853802379137154,44.4650756579917],[20.844254903469782,44.47549899402758],[20.836830202412134,44.475764799857224],[20.8385946617788,44.48232765477021],[20.835382731068584,44.487304712729625],[20.806591248204125,44.50189397846389],[20.806570617975787,44.515869149922885],[20.7709566309142,44.52075882974748],[20.766502931104508,44.53726384102976],[20.76882400805062,44.540990708624314],[20.763879671063343,44.543887451592475],[20.750163317914154,44.54172344542436],[20.745133400940862,44.547177795617344],[20.74463961522801,44.55152673627911],[20.748737874132694,44.55163634999583],[20.74339497848571,44.553094740749096],[20.755309448635547,44.560993462426495],[20.75837507744428,44.559284789721936],[20.757875304683633,44.56205111277321],[20.766511953502082,44.56212028781179],[20.77008309902101,44.57031758183546],[20.78344699991014,44.57802816046696],[20.791443319189867,44.57767246184537],[20.81114611788561,44.586069934975946],[20.819307726234143,44.583916334043586],[20.81808335795773,44.595793544645474],[20.808002049746865,44.603088899305234],[20.81071082858024,44.60502786152305],[20.79208031168665,44.6118300625991],[20.793607645659026,44.61833607367369],[20.80327619823907,44.627604272469206],[20.80167125403749,44.64904811733306],[20.814381091538113,44.652736475271375],[20.819375758223682,44.658207884811276],[20.84314333550135,44.657726543237374],[20.916355555495993,44.667932218627485],[20.960037837085434,44.699514043565614],[21.000691193314328,44.720189679376425],[21.036777061118222,44.71863284052937],[21.024231784010716,44.70991988232586],[21.0233058433961,44.70565460417241]],[[21.13998213927127,44.33817844696631],[21.131137938083363,44.33842521595456],[21.12959343858347,44.33607160037684],[21.138510879375044,44.33518100871485],[21.13998213927127,44.33817844696631]]]}},{"type":"Feature","properties":{"kod":11,"ime":"BRANIČEVSKI UPRAVNI OKRUG","rap":7},"geometry":{"type":"MultiPolygon","coordinates":[[[[21.35551053075288,44.82243710773093],[21.380069660983118,44.811509940213135],[21.391457934839586,44.78388601499289],[21.403361981537355,44.77652703083034],[21.423339257828786,44.77329497275828],[21.45880630939747,44.776941223984586],[21.504259724562772,44.77112632010124],[21.536961324630838,44.772554088676365],[21.587204900394944,44.758780325291745],[21.61198264505798,44.72499357613232],[21.615455766792156,44.713855034599],[21.61097021943414,44.70126916615776],[21.61143171463055,44.68776623705108],[21.618171165822893,44.67147562610075],[21.636062111971185,44.659998767086876],[21.689070289854257,44.66526717943253],[21.716199712178685,44.65443867107139],[21.72877949906881,44.6534865228775],[21.792624544844635,44.66400754638114],[21.813469290302184,44.650750783272244],[21.841975084664522,44.654320369219],[21.893023255839587,44.644985775999],[21.917419520151398,44.64747005677176],[21.950718099096438,44.63515211592784],[21.98760540306196,44.6339822270299],[21.997991082721853,44.62942018847144],[22.004128152865093,44.60825201315537],[22.01235959580957,44.60232250800308],[21.99718566348576,44.585753016651665],[21.98824486895215,44.5842101270266],[21.987476060811492,44.57303996506505],[21.97976424025157,44.56875781877742],[21.978258011391453,44.562615918711465],[21.965794263155672,44.55685849957146],[21.965938820134713,44.5529757640385],[21.973523760270684,44.55020837928447],[21.972296567923244,44.545030464255284],[21.96675424606524,44.547200594914045],[21.939626497772167,44.54081739274164],[21.93913785988538,44.53121582473224],[21.945518334756944,44.53069866063751],[21.94951732764323,44.52267561281082],[21.947464049935693,44.51484501984174],[21.940472553630595,44.51324739442833],[21.935376774097843,44.505166444785985],[21.934484589170953,44.49279625065045],[21.925005580067797,44.48309676388026],[21.924825773323636,44.47919719787517],[21.93348217922729,44.47239610010012],[21.925403714627976,44.46038676648115],[21.928908142659072,44.45266815737593],[21.920623417129733,44.44818962130322],[21.88285598462583,44.453287638597956],[21.882608076250943,44.438101063719415],[21.87426381319357,44.438292299886875],[21.873654370160278,44.4284460340098],[21.859046123867024,44.41730979410818],[21.852207659556456,44.42084557453694],[21.861309411207337,44.422521040871764],[21.86080964157197,44.4305250736136],[21.83944497187371,44.42285757772906],[21.83151815006349,44.414424895501405],[21.8371637248267,44.412174496577926],[21.83535857689459,44.40800125544423],[21.82941897483815,44.40571816708931],[21.824053716705805,44.394006567234825],[21.812950289639844,44.39136120404124],[21.807492630056085,44.375294567371306],[21.800224850779816,44.36829739881162],[21.81619462038393,44.359802375930016],[21.823088171264423,44.35119120060158],[21.8249296980145,44.34616056061217],[21.81577857991885,44.33282898640268],[21.819241380964254,44.3264493188473],[21.83558172575816,44.32806476812808],[21.84811219251404,44.32242283035245],[21.854156857803332,44.327061426548184],[21.86923334601994,44.32506804790059],[21.906161253968026,44.306394021603175],[21.90601287971831,44.30199590646364],[21.896863547816857,44.302904912342086],[21.89815012642467,44.29112466906325],[21.908243888717603,44.27846826913628],[21.896539907484684,44.275440858558184],[21.907432919105496,44.26176649029674],[21.90906750998047,44.25329463242623],[21.904047304950836,44.2443636226281],[21.910214827419036,44.24618910279531],[21.910265724426008,44.24202999903091],[21.92572594107772,44.23204387089732],[21.93640754839622,44.24113098622342],[21.943364997424887,44.2417435145147],[21.949121055507995,44.25269239123117],[21.96522723067021,44.2496905958167],[21.95351444223368,44.23568034822365],[21.96100698337823,44.229300163127576],[21.96418563553347,44.230596085402865],[21.95858429950342,44.226652901032665],[21.958005800883914,44.220427090270455],[21.970268850544038,44.210520773075],[21.966084984152324,44.204407607710934],[21.968866565031323,44.20122618555105],[21.964329432710958,44.184362291671626],[21.966551196036832,44.178029311790205],[21.961275250577,44.16508669625081],[21.949796890580377,44.16511358164136],[21.955887790488315,44.14727436458584],[21.966584716317815,44.139371504795214],[21.96386085864937,44.12960959798316],[21.956510885695412,44.12929742542877],[21.950339347840384,44.1220663574189],[21.90283893480674,44.11883038609203],[21.885157135683414,44.10834323630913],[21.86916930272058,44.09205291464967],[21.845357381268624,44.09538879986688],[21.822066986335624,44.08249696895906],[21.812798911312058,44.095954247432715],[21.801976189510842,44.10101065659425],[21.79384352400643,44.0920831802966],[21.76808537002516,44.095729485379785],[21.761150872034413,44.10293269380963],[21.757793895127023,44.10199865052451],[21.755940908343806,44.11237274388541],[21.7485090655588,44.1156598436291],[21.712351680861005,44.108137003631285],[21.6906082521891,44.10959342411654],[21.682050611253462,44.11355135108709],[21.668025025071763,44.13393185311544],[21.620179729147956,44.13976207113392],[21.60933854518041,44.146461887500784],[21.587698905715875,44.13809128148981],[21.57228222787503,44.14151913630395],[21.57064694839448,44.14611457233152],[21.559675336868313,44.14572760469408],[21.550703826100744,44.15563892811369],[21.55140431580424,44.162481331455716],[21.561231789665282,44.17317602267564],[21.550012999253024,44.163999816350646],[21.53279259858909,44.174026604241256],[21.52417497819901,44.18530707917921],[21.523426647579605,44.193010574827674],[21.512079292611844,44.18961187166218],[21.499573222481704,44.202237479547485],[21.475091549715867,44.20622531273232],[21.472877475596857,44.20134981221254],[21.47065883510772,44.20421968904837],[21.464271042334023,44.201693539199404],[21.448769503911848,44.21585248406536],[21.421532854839434,44.218415594552496],[21.398906395779232,44.21167622172398],[21.40415428940718,44.206590784357935],[21.400968553836954,44.20394030812565],[21.380010843242047,44.20279890924956],[21.3716725692736,44.20805888160733],[21.360901786992216,44.20366538664659],[21.35980238857449,44.21075529816816],[21.375778856363187,44.228313714203196],[21.378221622966773,44.239398580815035],[21.374448812098986,44.24047267279915],[21.377537817854556,44.2412054334665],[21.37027588860794,44.24244528143614],[21.367917999868393,44.24771911816342],[21.346388497436237,44.24378286929722],[21.348486159772765,44.252261010209544],[21.341646251470934,44.257077926591904],[21.338576196456007,44.27956805102238],[21.30470302959224,44.29608714957116],[21.297013092353165,44.29271318745314],[21.291140803309666,44.283778650699816],[21.2886367531783,44.2851078216993],[21.288753216535852,44.28087289537095],[21.284310718249248,44.28140998940429],[21.28656329812232,44.27760378011964],[21.273687169791092,44.265623249089714],[21.28167392614892,44.26435236237936],[21.27866416336762,44.260175248357946],[21.26398452494743,44.26920640497184],[21.257354792345016,44.26617315136681],[21.23979710637865,44.267963074185865],[21.224352461832577,44.28377799138066],[21.226882093908795,44.285886027100474],[21.22288052035893,44.2878961173333],[21.223675770496385,44.29506511065285],[21.2175971881609,44.29306462449368],[21.21081508149327,44.303301509956405],[21.204473129483972,44.300652902799364],[21.20674507456839,44.30326557394333],[21.202791799614076,44.30645217817517],[21.191822738596997,44.30902828266195],[21.18758756642912,44.30457839835916],[21.174560866025256,44.30916043846995],[21.1686311615652,44.31579367755365],[21.157732459264743,44.31791469372493],[21.14710193833415,44.315033020859794],[21.13785880262888,44.3226345959957],[21.121778273582436,44.3197848318611],[21.12362225116431,44.325812421218124],[21.143531109223698,44.33135578122759],[21.143557337657338,44.33570826479715],[21.15239195919205,44.33817385122975],[21.15488027314889,44.343124666870345],[21.165720410610625,44.34172510243039],[21.164453437610486,44.34459981053531],[21.17749140541503,44.35179871687443],[21.17575758191838,44.361358004528114],[21.16957742604178,44.36117015349036],[21.165465359210007,44.37082442859545],[21.140680127784723,44.370830964722806],[21.133807080726026,44.37561871292728],[21.12248050767686,44.37563178427653],[21.119958638722437,44.38317046706017],[21.126958291698937,44.385378536264575],[21.1319710124,44.39839447962879],[21.145949985970212,44.40293947770185],[21.136395417949082,44.40751589275217],[21.12093949383903,44.406340119242195],[21.12074818845968,44.412535259023194],[21.139103833953627,44.419175065457225],[21.14931819512198,44.42971575188095],[21.160035399617104,44.430677155307734],[21.164948844329917,44.42510901891854],[21.171740138025147,44.42682691022906],[21.168650979280812,44.439430802743935],[21.15673765015574,44.445905114685594],[21.159862922311913,44.45005275140723],[21.170656763155897,44.451541314178364],[21.172630399648963,44.455707508460144],[21.166505053505226,44.45887632848238],[21.154876416492627,44.45652139171853],[21.147627330450543,44.46240459519346],[21.152343086259638,44.46728103271415],[21.17140774857415,44.47096184082333],[21.1551286536565,44.484260730109725],[21.16089903467435,44.49551638438494],[21.14388142368716,44.501476555529614],[21.143711644988034,44.51373221596264],[21.126505726902202,44.5166613234074],[21.129511510846307,44.52789822105593],[21.141973529829688,44.52649095660451],[21.15176819062794,44.539588037981645],[21.14104824429011,44.54125437600586],[21.14093437216704,44.53373752880374],[21.13468209137087,44.53264169778903],[21.118033834201327,44.5459537205059],[21.1235852815536,44.548900611036025],[21.139528497372204,44.545377620530694],[21.128175379696867,44.566997865049714],[21.138383913923793,44.57026605225965],[21.137007093493185,44.579823538340555],[21.145958008111727,44.57893658359379],[21.148510691029948,44.58197955352008],[21.143944270973307,44.58534939341718],[21.11771033720833,44.58549060835762],[21.11419750924535,44.59524285910293],[21.094066606075284,44.586983781135835],[21.0863856676998,44.591786254468985],[21.086773270719636,44.60072582651942],[21.07355611029838,44.6082008118824],[21.087387549492195,44.60930145315354],[21.088608274331776,44.613156584177624],[21.074706155528514,44.61160409404731],[21.068700830709105,44.606716196020635],[21.058344475455222,44.6143681997508],[21.061020342834038,44.61932262144749],[21.069699789439078,44.61424930454311],[21.081362397962945,44.617350996291655],[21.088740389966773,44.62837668172194],[21.076423004936554,44.63272904601309],[21.066238435999946,44.62487568310693],[21.06198447764769,44.63633717108722],[21.05023659966105,44.63227720484971],[21.053387569135616,44.64070862922453],[21.061841063538232,44.64479722471012],[21.049791675687747,44.64248157260172],[21.04469882076041,44.63714687205971],[21.03703653396976,44.640489329326144],[21.03601613601524,44.64558048214663],[21.047565060869175,44.651048675333094],[21.030691489453226,44.659812642112],[21.027986058107306,44.66588101277138],[21.03673689851127,44.668785331883015],[21.044457542932133,44.66260850943524],[21.04857717190893,44.66422398750227],[21.041362630054998,44.67489645199965],[21.02526742131379,44.672742406059704],[21.02216411538205,44.67893593982875],[21.039960094759195,44.68145833217364],[21.042302709861282,44.68526214786853],[21.038761937169237,44.69199966596345],[21.045808562535772,44.6954412996655],[21.052692798996308,44.69303283090399],[21.055093232840814,44.697604862723416],[21.043988701091184,44.69952166601382],[21.048762207943405,44.70659931631084],[21.045371658603155,44.71074679591006],[21.044087947662693,44.70453662912679],[21.031684120425965,44.69883783456867],[21.04059632609749,44.709227933508416],[21.03325705019073,44.70935103300495],[21.03133388418912,44.70209793294552],[21.023906307375796,44.7046524776184],[21.024231784010716,44.70991988232586],[21.036777061118222,44.71863284052937],[21.07574273651786,44.71879977610153],[21.10819518115031,44.73133782485522],[21.14822250327442,44.738207900879694],[21.178257738760706,44.76486927268973],[21.196680316734305,44.768061944405964],[21.21730323495303,44.78337434810834],[21.258389674644445,44.79144389444533],[21.279164583513843,44.8020061479084],[21.287229745709578,44.793113249051004],[21.30318461980735,44.79474304547588],[21.323246268306708,44.80822484688915],[21.326586313838977,44.81391735730798],[21.320835777498726,44.81640509906421],[21.328877612942296,44.82190320072756],[21.35551053075288,44.82243710773093]]],[[[21.12959343858347,44.33607160037684],[21.13998213927127,44.33817844696631],[21.138510879375044,44.33518100871485],[21.12959343858347,44.33607160037684]]]]}},{"type":"Feature","properties":{"kod":13,"ime":"POMORAVSKI UPRAVNI OKRUG","rap":7},"geometry":{"type":"Polygon","coordinates":[[[21.14710193833415,44.315033020859794],[21.170396500939102,44.31505081417862],[21.18059044987734,44.306410089901156],[21.18758756642912,44.30457839835916],[21.191822738596997,44.30902828266195],[21.202791799614076,44.30645217817517],[21.20674507456839,44.30326557394333],[21.204473129483972,44.300652902799364],[21.21081508149327,44.303301509956405],[21.2175971881609,44.29306462449368],[21.223675770496385,44.29506511065285],[21.22288052035893,44.2878961173333],[21.226882093908795,44.285886027100474],[21.224352461832577,44.28377799138066],[21.245648408937267,44.26616032930701],[21.26398452494743,44.26920640497184],[21.280152210411988,44.26089709876978],[21.28167392614892,44.26435236237936],[21.273687169791092,44.265623249089714],[21.28656329812232,44.27760378011964],[21.284310718249248,44.28140998940429],[21.288753216535852,44.28087289537095],[21.2886367531783,44.2851078216993],[21.291140803309666,44.283778650699816],[21.297013092353165,44.29271318745314],[21.30470302959224,44.29608714957116],[21.31412664265399,44.2892764103023],[21.334038852851688,44.28363559621446],[21.34103489544592,44.27335907184108],[21.34198641575765,44.256204416583756],[21.348364460123804,44.25274686757393],[21.346388497436237,44.24378286929722],[21.367917999868393,44.24771911816342],[21.36934566752369,44.24314583748399],[21.378221622966773,44.239398580815035],[21.375778856363187,44.228313714203196],[21.35980238857449,44.21075529816816],[21.360901786992216,44.20366538664659],[21.3716725692736,44.20805888160733],[21.380010843242047,44.20279890924956],[21.400968553836954,44.20394030812565],[21.40415428940718,44.206590784357935],[21.398906395779232,44.21167622172398],[21.421532854839434,44.218415594552496],[21.448769503911848,44.21585248406536],[21.464271042334023,44.201693539199404],[21.47065883510772,44.20421968904837],[21.472877475596857,44.20134981221254],[21.475091549715867,44.20622531273232],[21.499573222481704,44.202237479547485],[21.512079292611844,44.18961187166218],[21.523426647579605,44.193010574827674],[21.52417497819901,44.18530707917921],[21.53279259858909,44.174026604241256],[21.550012999253024,44.163999816350646],[21.556629072676117,44.17170828876735],[21.561231789665282,44.17317602267564],[21.55140431580424,44.162481331455716],[21.550703826100744,44.15563892811369],[21.559675336868313,44.14572760469408],[21.57064694839448,44.14611457233152],[21.57228222787503,44.14151913630395],[21.587698905715875,44.13809128148981],[21.60933854518041,44.146461887500784],[21.620179729147956,44.13976207113392],[21.668025025071763,44.13393185311544],[21.682050611253462,44.11355135108709],[21.6906082521891,44.10959342411654],[21.712351680861005,44.108137003631285],[21.7485090655588,44.1156598436291],[21.755940908343806,44.11237274388541],[21.757793895127023,44.10199865052451],[21.761150872034413,44.10293269380963],[21.76883320326069,44.09547683559922],[21.79384352400643,44.0920831802966],[21.801976189510842,44.10101065659425],[21.818941489724235,44.089878495303324],[21.822199197859852,44.08294594632856],[21.81768041331605,44.07689011375361],[21.822506809572946,44.071763551979615],[21.815348722634806,44.06231385221239],[21.79931094731056,44.058464536134885],[21.798471306496907,44.03701065786844],[21.779673480613987,44.02567964701365],[21.783383607738266,44.018810488313946],[21.777854360500815,44.00583766549006],[21.78132805895543,43.99371618448137],[21.778789870079137,43.987404344301154],[21.760278573882946,43.980978980132704],[21.75078405941017,43.95836681222261],[21.736209801034192,43.95087415313756],[21.738649430634634,43.93600383076185],[21.74323000837136,43.932242798117024],[21.739779846281262,43.92337544681236],[21.731117102581745,43.91756903960732],[21.714474660272888,43.9205598066192],[21.709975173193552,43.91364645555374],[21.69078696264919,43.91462396373462],[21.689138340031462,43.908766778054925],[21.67859852430125,43.90453658797456],[21.682192813511207,43.89563927183027],[21.676039314892,43.881875833788776],[21.68781911085835,43.87635616436894],[21.694458711308773,43.86346402477546],[21.677646767557217,43.847259628150326],[21.672777176308692,43.833740941461535],[21.65478674795832,43.82621533301303],[21.6529391017897,43.821703757917554],[21.65660460904552,43.81886997577855],[21.649227109951724,43.814881100435],[21.6147993780246,43.808784426146886],[21.589047689533544,43.8156252831243],[21.58326191726674,43.81050565157767],[21.557355874509597,43.81142071513037],[21.520653400111893,43.78934027259437],[21.509197635052,43.79528267117683],[21.508800932429363,43.7880875528934],[21.504167667216628,43.783923918900065],[21.48414255634777,43.77923674640634],[21.479965837085665,43.76721257731326],[21.4520036605039,43.75940516092917],[21.443896479188506,43.751725019917785],[21.431083850498247,43.750593011341714],[21.41998519656322,43.73997897927778],[21.41174724211799,43.737987426560984],[21.407322963933158,43.74802543108281],[21.397410314687402,43.7525735834725],[21.399549649104646,43.76005673902644],[21.407919074882184,43.76393884954597],[21.40274735147447,43.769144046662994],[21.393338065487495,43.76508970399179],[21.387221396961476,43.755328989724696],[21.368797754084913,43.75853281913843],[21.392611831653674,43.773651757802156],[21.396572252447054,43.781341937228106],[21.391953066181216,43.78609440603739],[21.382725390666657,43.785990951064434],[21.378277447890593,43.77445404191906],[21.373461505979083,43.77273107160654],[21.365329922682754,43.78173153283268],[21.372087211956536,43.79123177534391],[21.366000638783262,43.79605910482769],[21.347955066529096,43.796061061649965],[21.33593929564731,43.79051385848663],[21.338092680043637,43.788405059873035],[21.334691062423687,43.7892565109832],[21.332273819835574,43.795749714417845],[21.3318809779038,43.790566887007664],[21.325252034464224,43.79120620196702],[21.32610860177444,43.786677753631665],[21.294614753483067,43.78250695286427],[21.270699564979818,43.787359853803636],[21.266829643865275,43.79522815288524],[21.271816463401564,43.79730740189737],[21.271907687186342,43.80378061969026],[21.276670259132835,43.80482500499147],[21.276196922720914,43.8121190733622],[21.28268299272026,43.819887533009776],[21.281980042027527,43.82914071123995],[21.288678731007536,43.840451213058834],[21.28301965574397,43.84411806306575],[21.28401604408413,43.85203645620906],[21.269483260956875,43.854249049345384],[21.26086146342108,43.844818625266825],[21.25844062925879,43.82808880286177],[21.25946394076269,43.820747300314444],[21.266356118606527,43.81503707789501],[21.254937971348514,43.806861956664285],[21.249016688158658,43.78934598869632],[21.225516031167384,43.784940725256796],[21.218646236543396,43.773121646980954],[21.211063544446215,43.77144766077034],[21.205413838351816,43.76500752407769],[21.1988592719683,43.77076925505975],[21.200119384962512,43.76824125799754],[21.192166133302145,43.76784625495485],[21.194267476771902,43.76455777484941],[21.179308070270302,43.75416396873439],[21.175006735314906,43.75760709606581],[21.177545503391798,43.76134966343747],[21.17505009677703,43.76458213381905],[21.16619626749789,43.762643157181046],[21.1514296409476,43.77311902946974],[21.14534475283754,43.77075096495303],[21.143490545556404,43.74247673510277],[21.150376147287265,43.73360663880347],[21.126774458492083,43.730142113083204],[21.122279883094322,43.72633251540943],[21.109114581322057,43.72950830490528],[21.100506564687834,43.73655764888811],[21.08719082047179,43.73603640133741],[21.08712874103463,43.73174046555741],[21.077771309900925,43.72918776834373],[21.06265657071431,43.74115796888666],[21.04875953265891,43.73947436226592],[21.03891940006405,43.74596738520979],[21.032220674125007,43.74126032761784],[21.023985060059466,43.746925426691945],[21.0076339589683,43.748725860729905],[21.005472680225218,43.755865652751666],[20.996888879912138,43.7540638346594],[20.98945066367464,43.74548553226348],[20.982814809014823,43.74800563840452],[20.971885118162522,43.74251841316053],[20.96737658467544,43.75052494227649],[20.956642166536465,43.75612788943294],[20.962020716222565,43.76050159433566],[20.95567705040811,43.76770652692333],[20.935506394821815,43.77543973092899],[20.939916376792763,43.78433745145301],[20.9332204176775,43.790272381255086],[20.933417324061868,43.79895099141765],[20.926830041311256,43.807815285137046],[20.924806287417322,43.83106400346401],[20.952540810252145,43.82771438060113],[20.957969753563194,43.83276675953261],[20.958188628341496,43.8431699243331],[20.974117465844433,43.85537952959308],[21.00424909078853,43.862313380523034],[21.016059101850146,43.87919718738936],[21.02747883849481,43.87766576026372],[21.026278925630745,43.8865697211745],[21.032969508722342,43.890649142436814],[21.017221720315465,43.89534549198372],[21.017358624125375,43.902919490284695],[21.01132278669689,43.906818626455376],[21.015913417066166,43.917089432353784],[21.013681575071633,43.923121134788126],[21.020224486938467,43.92123913233067],[21.04263392274203,43.93124568486347],[21.041740504321343,43.92853452482836],[21.05171418928651,43.92479770712628],[21.060506975051428,43.925870615198],[21.05881636017479,43.93737090140222],[21.053300580423233,43.94250012924998],[21.055502040190806,43.95142850222662],[21.049652616938722,43.9568107638204],[21.05751465406557,43.95830332929791],[21.063801951632048,43.954149291475844],[21.07665878509462,43.96345021064993],[21.070440562167278,43.96777158946002],[21.065769614941296,43.97885695336774],[21.052889549059945,43.987525809090506],[21.047513225931414,44.00299530520663],[21.056046211917216,44.005109246892694],[21.061545774902193,44.001633722162836],[21.061088222482155,44.00698877937648],[21.068475675905077,44.00596615476076],[21.063216562781545,44.011035744438274],[21.072660940557366,44.01132434681256],[21.06910795968722,44.014935079056144],[21.073184403478347,44.01726590714136],[21.096430798509306,44.010792974433976],[21.098025754916183,44.018840242028986],[21.105228411043143,44.02472651906334],[21.10566128574812,44.03164950389642],[21.1148404305358,44.04275007790828],[21.10659890619266,44.05519908278157],[21.110686768739285,44.06139414017901],[21.098717930641158,44.06285373822127],[21.095328802384103,44.069764149651306],[21.085430264362696,44.07027448465735],[21.08122778386296,44.078985281390985],[21.114627259476027,44.09317050898571],[21.12011841394917,44.09050997750168],[21.135898855424976,44.09681695805603],[21.133745808740034,44.0994143319369],[21.14270589530976,44.10569013602501],[21.142819850622164,44.11164250573763],[21.154511228663644,44.11622244279626],[21.15427854617527,44.1225505866368],[21.182179236320312,44.12335323171352],[21.177540604644697,44.14180671130762],[21.14260905839774,44.14160579161908],[21.13800053894256,44.154252178927294],[21.14389652645939,44.164884337459725],[21.138338280087744,44.16793631243804],[21.12956095512874,44.163920631026286],[21.12538732403883,44.16622323377986],[21.145328966713787,44.17787296827074],[21.14675747810287,44.18266196360807],[21.143307331810213,44.19970261512514],[21.13617144986756,44.201369250921],[21.128177954783418,44.19628700644061],[21.125411975154062,44.201678636730456],[21.13610071619995,44.20844756889979],[21.136785104506863,44.216723368140414],[21.14872002686229,44.20800335841361],[21.15686274027233,44.21258601249211],[21.157309047012976,44.22104442400827],[21.149896571773183,44.23335338063558],[21.16842825263591,44.24514676863708],[21.150820590566173,44.25636176343529],[21.157920543070976,44.26910833472527],[21.150485653483006,44.269054516640935],[21.142263124404746,44.26103496650422],[21.126525210729394,44.276892631052675],[21.142458604699765,44.279287477718],[21.15246845822609,44.273299110114316],[21.15670406533253,44.27525450818659],[21.158202528570182,44.28219168156639],[21.137245964433692,44.2853626986114],[21.13405991256058,44.29358519188821],[21.123305980798236,44.29654478079491],[21.120942819647624,44.30300624924993],[21.12722727556606,44.30815895676085],[21.146345123940183,44.30529671104341],[21.14973401354366,44.31003209431432],[21.14710193833415,44.315033020859794]]]}},{"type":"Feature","properties":{"kod":14,"ime":"BORSKI UPRAVNI OKRUG","rap":7},"geometry":{"type":"Polygon","coordinates":[[[22.47149767494879,44.7133311737066],[22.505380128758343,44.69280744549359],[22.516138463951478,44.680255697207],[22.56286785163621,44.64750336230045],[22.570657776430807,44.6364275220145],[22.62148586382713,44.614640670971234],[22.672720102455735,44.61911001521783],[22.685658894379735,44.60707123740879],[22.705977879660736,44.60322629237423],[22.754385260170764,44.56503468311862],[22.76339853847835,44.548951218032585],[22.763846326357807,44.541129428761835],[22.756634196152504,44.535970273731806],[22.695569691146737,44.51663494704298],[22.627409257520753,44.55044386092315],[22.590080167712888,44.55091422062168],[22.5642845033423,44.535557081927195],[22.560694957696253,44.5043084757545],[22.556478071773093,44.4903895484271],[22.54823654274048,44.48125421857709],[22.5214165918714,44.47184680055989],[22.470394637901137,44.48043218160695],[22.461780467165877,44.4771731645714],[22.45754841085951,44.470330956370994],[22.4691171373307,44.44018334514798],[22.500771706472783,44.41864796522927],[22.49883853603535,44.40396559086359],[22.502450509218438,44.383868675048305],[22.524718662176443,44.33904624161238],[22.548212852908655,44.3228263238272],[22.55860324780549,44.30849011144983],[22.569481693742876,44.306245683633556],[22.570341595238737,44.302599416126355],[22.61505166025832,44.293478447379016],[22.65559990905134,44.290891293731605],[22.67532257875776,44.282050654658015],[22.684375609359208,44.27079998382618],[22.686215832912975,44.25275376310242],[22.67284013771071,44.23036869938726],[22.67517811664227,44.215659323067776],[22.667615614484355,44.207345681868404],[22.665371336651848,44.21355047285563],[22.652953972069845,44.205000176872396],[22.644803251227405,44.208836962956816],[22.645540245675473,44.198127911497146],[22.63672341393817,44.190503955592014],[22.643112596300757,44.18585361768457],[22.637098527084934,44.181727075462206],[22.628876175350978,44.18336205237252],[22.636158236329724,44.17602829421839],[22.625249013828956,44.1708125301548],[22.61868450760018,44.17293882200998],[22.61302626182314,44.16558635883491],[22.628489121023215,44.15796559433696],[22.62621257486722,44.14732670290385],[22.620372489455647,44.15068167411033],[22.609977572168365,44.10687614218277],[22.61965354165216,44.09775476604578],[22.619782897436842,44.08241038817689],[22.615535672133216,44.07907778763971],[22.624602164294213,44.07283933634104],[22.618917444977747,44.06886176565965],[22.62121032413989,44.06337164117806],[22.58202989856072,44.06204927361249],[22.580650816926624,44.054065824829436],[22.55971414120334,44.057555893866386],[22.554504207424394,44.05358566046998],[22.534878342478603,44.052218531503335],[22.530580174150057,44.04829442197175],[22.536247225705083,44.04541632455506],[22.525052969949588,44.04287984381634],[22.491199100653073,44.0496953144537],[22.488679679319734,44.03784094859808],[22.481440637037668,44.029875301210375],[22.464422703714707,44.03166444310989],[22.46960846004958,44.047688730942944],[22.4553136997116,44.05282016340622],[22.456507331222134,44.065396234475934],[22.460596241071894,44.0702603153789],[22.454452021065574,44.072992369410024],[22.45241759897693,44.07929440257385],[22.471276822845937,44.08067994717328],[22.47615539868682,44.08518952788884],[22.474668578367535,44.096315657327104],[22.486633560211388,44.089233925068484],[22.493375701501506,44.0986847104472],[22.486705647311613,44.10151382278197],[22.47637616993124,44.11924066572279],[22.47662373442381,44.12731180485947],[22.447395639086665,44.129077744023014],[22.428649359974706,44.13579991592991],[22.431807062467964,44.140709142968966],[22.430014282903286,44.1464529903594],[22.418053651019697,44.15295667575026],[22.41108917643939,44.15155888327852],[22.41309146723394,44.15657404448542],[22.404796798419394,44.161109656956924],[22.39252886231975,44.15964037998336],[22.382036397262496,44.164545400700575],[22.361114558413874,44.16235680471517],[22.363234750378094,44.157252236797675],[22.354338976982476,44.15688903812447],[22.351446541939925,44.15252186652682],[22.34765897686806,44.15612107505418],[22.345022731200732,44.14862917248668],[22.347981269034353,44.149012567157804],[22.34832673895224,44.14877464877995],[22.34463160172712,44.147369670866624],[22.295005336319548,44.15941610876948],[22.2757462900167,44.157695974305135],[22.270905273977267,44.16744325971031],[22.26304149691982,44.16641385755309],[22.250485528989564,44.17981249121365],[22.23305099969554,44.18735329772136],[22.232678824614155,44.1805239752141],[22.2264229334585,44.175560339480484],[22.230981541670573,44.16583974940866],[22.223176753780383,44.16190740213676],[22.221334355724604,44.15101437344059],[22.20473171772247,44.15222125945712],[22.200733014700976,44.14849497806817],[22.201326551592867,44.13902571956014],[22.211591434402315,44.12610267006541],[22.216121311160702,44.12575049719663],[22.21685632759642,44.11859431180241],[22.224457610941403,44.111591948043646],[22.22044296605922,44.10906489515965],[22.224129241300066,44.09797136835761],[22.227541280537977,44.097309519822716],[22.22453633106822,44.09494552941616],[22.22917710463415,44.088885496128064],[22.233696623039116,44.09003006617937],[22.2274660591577,44.0872085403026],[22.22700951994407,44.08293370012887],[22.248328577297585,44.06513071669971],[22.24083425623758,44.05442335321697],[22.2428785110278,44.03959146540451],[22.237663343430686,44.03547111796012],[22.237557356051784,44.030099269273514],[22.220224045891907,44.027365206240574],[22.217912741301294,44.01635220290956],[22.195239313662384,44.004467972989325],[22.189728661671197,43.994351476113984],[22.185206218285973,43.99454574117206],[22.188967805612226,43.98808242591586],[22.184746449016064,43.96814738108744],[22.17975650293144,43.96876944767161],[22.180014633351586,43.965208427126356],[22.16763580101184,43.95738825822611],[22.173927084760006,43.94310419250754],[22.167087073175487,43.937151953497604],[22.165859347010795,43.92446303527121],[22.13943146634096,43.92068254983754],[22.135070357920547,43.90974682734093],[22.120918984670492,43.904657956933065],[22.11345524549951,43.896083779759024],[22.108956154368222,43.90496160793606],[22.0821215359196,43.91716372317036],[22.06948729837285,43.91638559508278],[22.064853060326175,43.921077683069704],[22.064537458970047,43.93676654855861],[22.055654257197567,43.94796099047174],[22.05897230492671,43.955896183267285],[22.045271774172434,43.96389687458569],[22.046279935581897,43.97023591484832],[22.05401919343417,43.97110065637088],[22.047510987484397,43.9798685434691],[22.043165501508575,43.98006021765236],[22.045392868489763,43.976454993570144],[22.0416443312729,43.973577416866625],[22.02757033296616,43.979380024277205],[22.026122082649778,43.9695674216387],[22.018526624855564,43.969952116526414],[22.0085314149607,43.9575939096547],[21.99753479434186,43.95844691357504],[21.993019102683146,43.96343004885627],[21.97834899622207,43.96334185262172],[21.961247941548464,43.97275934473952],[21.95741992238339,43.97045578374582],[21.936747644565806,43.97926159481666],[21.92652323790692,43.9895847818426],[21.915397130741404,43.993557763523754],[21.91495993641903,44.002102781048144],[21.90812548048462,44.00869688861268],[21.89339015517222,44.01436028293398],[21.878616322417656,44.01616035517875],[21.84463773970947,44.00798443228239],[21.837484765680685,44.014440544622026],[21.827777881450054,44.01230330349381],[21.819562341694024,44.01710466013406],[21.807917067284645,44.01032330855331],[21.79358799333643,44.0232777959994],[21.779673480613987,44.02567964701365],[21.797860949700787,44.03619586715564],[21.798967689356544,44.05809395381503],[21.815348722634806,44.06231385221239],[21.822506809572946,44.071763551979615],[21.817717423356854,44.07709307983286],[21.83244602564524,44.09042861538931],[21.845868650689166,44.095455918513075],[21.86916930272058,44.09205291464967],[21.885157135683414,44.10834323630913],[21.90283893480674,44.11883038609203],[21.950339347840384,44.1220663574189],[21.956510885695412,44.12929742542877],[21.964252390131637,44.13007847266376],[21.966584716317815,44.139371504795214],[21.955887790488315,44.14727436458584],[21.949796890580377,44.16511358164136],[21.961275250577,44.16508669625081],[21.966551196036832,44.178029311790205],[21.964329432710958,44.184362291671626],[21.968866565031323,44.20122618555105],[21.966084984152324,44.204407607710934],[21.970268850544038,44.210520773075],[21.958005800883914,44.220427090270455],[21.95858429950342,44.226652901032665],[21.96418563553347,44.230596085402865],[21.96100698337823,44.229300163127576],[21.95351444223368,44.23568034822365],[21.96522723067021,44.2496905958167],[21.949121055507995,44.25269239123117],[21.943364997424887,44.2417435145147],[21.93640754839622,44.24113098622342],[21.92572594107772,44.23204387089732],[21.910265724426008,44.24202999903091],[21.910214827419036,44.24618910279531],[21.904047304950836,44.2443636226281],[21.90906750998047,44.25329463242623],[21.907432919105496,44.26176649029674],[21.896539907484684,44.275440858558184],[21.908243888717603,44.27846826913628],[21.89815012642467,44.29112466906325],[21.896863547816857,44.302904912342086],[21.90601287971831,44.30199590646364],[21.906161253968026,44.306394021603175],[21.86923334601994,44.32506804790059],[21.854156857803332,44.327061426548184],[21.84811219251404,44.32242283035245],[21.83558172575816,44.32806476812808],[21.819241380964254,44.3264493188473],[21.81577857991885,44.33282898640268],[21.8249296980145,44.34616056061217],[21.823088171264423,44.35119120060158],[21.81619462038393,44.359802375930016],[21.800224850779816,44.36829739881162],[21.807492630056085,44.375294567371306],[21.812950289639844,44.39136120404124],[21.824053716705805,44.394006567234825],[21.82941897483815,44.40571816708931],[21.83535857689459,44.40800125544423],[21.8371637248267,44.412174496577926],[21.83151815006349,44.414424895501405],[21.83944497187371,44.42285757772906],[21.86080964157197,44.4305250736136],[21.861309411207337,44.422521040871764],[21.852207659556456,44.42084557453694],[21.859046123867024,44.41730979410818],[21.873654370160278,44.4284460340098],[21.87426381319357,44.438292299886875],[21.882608076250943,44.438101063719415],[21.88285598462583,44.453287638597956],[21.920623417129733,44.44818962130322],[21.92714360501297,44.45043961973168],[21.925403714627976,44.46038676648115],[21.93348217922729,44.47239610010012],[21.924825773323636,44.47919719787517],[21.925005580067797,44.48309676388026],[21.934484589170953,44.49279625065045],[21.935376774097843,44.505166444785985],[21.940472553630595,44.51324739442833],[21.947464049935693,44.51484501984174],[21.94951732764323,44.52267561281082],[21.945518334756944,44.53069866063751],[21.93913785988538,44.53121582473224],[21.939626497772167,44.54081739274164],[21.96675424606524,44.547200594914045],[21.972296567923244,44.545030464255284],[21.973523760270684,44.55020837928447],[21.965938820134713,44.5529757640385],[21.965794263155672,44.55685849957146],[21.978258011391453,44.562615918711465],[21.97976424025157,44.56875781877742],[21.987476060811492,44.57303996506505],[21.98824486895215,44.5842101270266],[21.99718566348576,44.585753016651665],[22.01235959580957,44.60232250800308],[22.025314484210124,44.590951872561426],[22.028295417491343,44.58305889743871],[22.025623639321797,44.56424144944115],[22.036427718398926,44.542802178481814],[22.07070411529561,44.523401529187275],[22.08321377367194,44.50053938198116],[22.133605264581433,44.471613827834155],[22.161085729417817,44.472179555686246],[22.182864662522025,44.482652688971406],[22.193693826618976,44.507918207916376],[22.2059159049276,44.52132430040819],[22.230244147630856,44.56137447192236],[22.264258825788414,44.595770428897424],[22.274640541417927,44.625895015513706],[22.300274305785095,44.63901426917942],[22.302399997033515,44.65111947090963],[22.30843223864166,44.65869223241041],[22.333998968287982,44.67612800944054],[22.36623381840127,44.672244593924766],[22.37947447707897,44.674973945708565],[22.395160168391442,44.68204526544295],[22.4294721687454,44.70977486777515],[22.46143044959765,44.71522991185587],[22.47149767494879,44.7133311737066]]]}},{"type":"Feature","properties":{"kod":15,"ime":"ZAJEČARSKI UPRAVNI OKRUG","rap":7},"geometry":{"type":"Polygon","coordinates":[[[22.23305099969554,44.18735329772136],[22.256262046360266,44.17554076194614],[22.26304149691982,44.16641385755309],[22.270960057963947,44.16740331707321],[22.2757462900167,44.157695974305135],[22.295005336319548,44.15941610876948],[22.34463160172712,44.147369670866624],[22.34832673895224,44.14877464877995],[22.345022731200732,44.14862917248668],[22.34765897686806,44.15612107505418],[22.351446541939925,44.15252186652682],[22.354338976982476,44.15688903812447],[22.363234750378094,44.157252236797675],[22.360974168524013,44.16226613469938],[22.364055304786948,44.16299094607528],[22.382036397262496,44.164545400700575],[22.39252886231975,44.15964037998336],[22.398396986224554,44.1618612094457],[22.412001026032343,44.15808200645211],[22.41108917643939,44.15155888327852],[22.418053651019697,44.15295667575026],[22.43105991230444,44.145140272421756],[22.428649359974706,44.13579991592991],[22.447395639086665,44.129077744023014],[22.47662373442381,44.12731180485947],[22.47637616993124,44.11924066572279],[22.486705647311613,44.10151382278197],[22.493375701501506,44.0986847104472],[22.486633560211388,44.089233925068484],[22.474668578367535,44.096315657327104],[22.47615539868682,44.08518952788884],[22.471276822845937,44.08067994717328],[22.45241759897693,44.07929440257385],[22.454452021065574,44.072992369410024],[22.460596241071894,44.0702603153789],[22.456507331222134,44.065396234475934],[22.4553136997116,44.05282016340622],[22.46960846004958,44.047688730942944],[22.464221096192077,44.03182671275157],[22.481440637037668,44.029875301210375],[22.488679679319734,44.03784094859808],[22.491199100653073,44.0496953144537],[22.54194624838258,44.042117581114525],[22.537901484097056,44.03818776986912],[22.54347041489344,44.033652453906896],[22.538761035311072,44.02581922689726],[22.527347841749023,44.019727119290685],[22.442243746311465,44.01659097653041],[22.44119884922247,44.010223248927254],[22.409466446173777,44.004226420097616],[22.41198328088929,43.99982511334703],[22.40912022620065,43.997241066438335],[22.417235723289444,43.99236902585544],[22.408663927304925,43.98709777640694],[22.413201544958152,43.972165385057615],[22.41142287160571,43.954762121148036],[22.40617470334188,43.94792987379106],[22.408788584500535,43.93972393434173],[22.38835977086401,43.926724242720326],[22.394574149786187,43.909087783959386],[22.38867228868849,43.878889618667394],[22.37956480231427,43.84752806405086],[22.365989777725666,43.825371122947075],[22.360608286833227,43.8232379887552],[22.357124180297948,43.8094751755703],[22.384036464521408,43.767859502288225],[22.395368801884675,43.7592727783376],[22.40269625349018,43.75891305619835],[22.398494871273666,43.75051713208458],[22.399953410809445,43.73796523125826],[22.39397968501571,43.72992498262421],[22.402302431847826,43.722878194816374],[22.407834580832517,43.695978933859344],[22.424631893492197,43.67842202032568],[22.439625561521915,43.67383500853654],[22.45220779806974,43.662847652837755],[22.478020770535707,43.65652572463996],[22.491853351428208,43.639179242723216],[22.491298761122707,43.633375377851216],[22.481836596320818,43.62533042422178],[22.488497470055293,43.61810547377073],[22.49364514692924,43.60043597995347],[22.48727056535347,43.59109901506409],[22.496643197224714,43.58355444256384],[22.487791302738678,43.56864059576113],[22.490062348143823,43.555929887454475],[22.502785255352588,43.54146624823781],[22.501497008171143,43.52953435171443],[22.50666121090487,43.516287028414375],[22.524046744287524,43.49669848708734],[22.52447955196197,43.48602912721702],[22.532727153812147,43.479204120304395],[22.53330131770107,43.47143171633376],[22.553935635640947,43.461627098053334],[22.575856271552652,43.46388420793792],[22.59777619363632,43.435657154160616],[22.627576684441078,43.428086878349106],[22.638669654269517,43.43341681028598],[22.66113875589507,43.42593968233114],[22.66692312188067,43.402738153925824],[22.642367849075498,43.39873238681544],[22.6355360844278,43.39455400318017],[22.6244984936998,43.374502404568545],[22.576102507010816,43.352515625488955],[22.577133252289148,43.344038246755595],[22.573523811657594,43.339066328088826],[22.581743583782337,43.32973207509143],[22.580839885099138,43.32533817854194],[22.53818184154471,43.33796306982254],[22.524649451022782,43.33416148596188],[22.52152953288632,43.34329745127333],[22.514586029387672,43.343964201913835],[22.51487924351191,43.34777461665577],[22.50022259759932,43.355195242599166],[22.49431520498702,43.368468413155426],[22.48627293008603,43.372762456819075],[22.476031867935944,43.36895107941472],[22.47704717533361,43.3655286681965],[22.468836004165592,43.356849104666665],[22.450174142837355,43.34956929856838],[22.444165661879623,43.35355354413407],[22.42672103968108,43.35390396369455],[22.41250515660641,43.36708147912151],[22.40376415918385,43.36979893035415],[22.395092405067054,43.369461901724726],[22.389817385625665,43.36494710812683],[22.368759919330845,43.38122836640474],[22.334045296864403,43.386423969603264],[22.33287215393106,43.393698030659756],[22.340537120908508,43.404756351269036],[22.336576705374515,43.41092111684205],[22.345381623521963,43.423351709854956],[22.346500668459772,43.43578164840852],[22.341745328083217,43.439662696929645],[22.345698214246056,43.44181367384912],[22.34371879997233,43.44808696548383],[22.336608039555916,43.44908530389562],[22.325785779642473,43.45824368711267],[22.32343209905693,43.456063625666026],[22.319133634958558,43.461298227800775],[22.316491379183525,43.458508519975595],[22.31507018958664,43.465088858197056],[22.303709632075027,43.46644865636287],[22.298271702364218,43.47373341350563],[22.271880725850515,43.44693665104177],[22.26114848544639,43.45710148942634],[22.24711215023562,43.462722367990104],[22.23606244079804,43.462217285042854],[22.240003016590226,43.45399860707704],[22.23307172679679,43.460491361039544],[22.239225550174964,43.46907349493473],[22.237961677032644,43.473234021278046],[22.20840543433178,43.482971726216896],[22.19898761414002,43.48235142272847],[22.189459663669748,43.47258276767527],[22.16455721384549,43.470239159642695],[22.129735575295147,43.4792901237287],[22.12962192061738,43.48286737844424],[22.132775349198276,43.482586204744685],[22.127954694275385,43.49097413411367],[22.114052712846718,43.49200827120714],[22.10341479256535,43.49836374798423],[22.1042956635622,43.501127690868444],[22.095235885928496,43.499951327397724],[22.076331614253988,43.50939199756161],[22.063180682764468,43.49929573033473],[22.04473539590249,43.51065350449253],[22.038546595168018,43.52466287943406],[22.02263700474956,43.53069006449051],[22.026762496575465,43.54260376821338],[22.034908210175107,43.550182940146684],[22.02767903084447,43.55525464279814],[22.011507383531214,43.556089407816856],[22.00614350958153,43.56498765433618],[21.99569363136392,43.56552311262594],[21.985657183396683,43.5851406137061],[21.972912544021632,43.59157984256592],[21.953927343463867,43.59235287702725],[21.952412650330256,43.56803054897261],[21.986916269814852,43.541454918006245],[21.98241496611809,43.53359948105203],[21.97029033805912,43.533020410707785],[21.957012408836242,43.54071557213077],[21.95552841651311,43.5373786731366],[21.913540979688488,43.527845243255975],[21.913330443486952,43.535864061239764],[21.905702715069594,43.53767585756293],[21.900962935464996,43.54529888189781],[21.894140850565645,43.54787483944694],[21.89437235029394,43.55338483792742],[21.886947931872566,43.55610040667798],[21.889891933703648,43.56072024018039],[21.880412471869324,43.58029771751826],[21.86088286874871,43.59755180437292],[21.849656941943728,43.59411179608745],[21.857045366285654,43.58783606866596],[21.8423120988381,43.58329423240376],[21.827769484579854,43.59544981127555],[21.787643299750737,43.5910497605446],[21.75868055783726,43.60359565015],[21.75985059658681,43.62388809742079],[21.74717075294109,43.62754356849592],[21.740437972498466,43.63816253569856],[21.720494928565245,43.64582876550626],[21.709801358948756,43.66307340951989],[21.709344162810254,43.66808788960649],[21.713326375170197,43.67069112962304],[21.71101747740884,43.6756011941956],[21.694600956900086,43.687438958766954],[21.69638848566578,43.70120436719365],[21.688774722501368,43.713145357263315],[21.690760377876472,43.71991313561129],[21.707738271266468,43.72802636456829],[21.699560316708272,43.74340888704167],[21.68984508053012,43.75013394226349],[21.674315383325155,43.75347791488979],[21.675437409856805,43.76325091005037],[21.68582887563883,43.76807926205969],[21.69722178319635,43.763863253759894],[21.712289072730886,43.76778021156308],[21.700946186957417,43.77443905508759],[21.705392383071484,43.77869065599248],[21.666095276798398,43.806492149271676],[21.652735186415804,43.82422421759015],[21.672777176308692,43.833740941461535],[21.677646767557217,43.847259628150326],[21.694458711308773,43.86346402477546],[21.68781911085835,43.87635616436894],[21.676039314892,43.881875833788776],[21.682192813511207,43.89563927183027],[21.67859852430125,43.90453658797456],[21.689138340031462,43.908766778054925],[21.69078696264919,43.91462396373462],[21.709975173193552,43.91364645555374],[21.714474660272888,43.9205598066192],[21.731117102581745,43.91756903960732],[21.739779846281262,43.92337544681236],[21.74323000837136,43.932242798117024],[21.738649430634634,43.93600383076185],[21.73576171607618,43.950033637173185],[21.75078405941017,43.95836681222261],[21.760278573882946,43.980978980132704],[21.779033010148037,43.98774902795762],[21.78132805895543,43.99371618448137],[21.777854360500815,44.00583766549006],[21.783383607738266,44.018810488313946],[21.779673480613987,44.02567964701365],[21.79358799333643,44.0232777959994],[21.807917067284645,44.01032330855331],[21.819562341694024,44.01710466013406],[21.827777881450054,44.01230330349381],[21.837484765680685,44.014440544622026],[21.84463773970947,44.00798443228239],[21.878616322417656,44.01616035517875],[21.89339015517222,44.01436028293398],[21.90812548048462,44.00869688861268],[21.91495993641903,44.002102781048144],[21.915397130741404,43.993557763523754],[21.92652323790692,43.9895847818426],[21.936747644565806,43.97926159481666],[21.95741992238339,43.97045578374582],[21.961247941548464,43.97275934473952],[21.97834899622207,43.96334185262172],[21.993019102683146,43.96343004885627],[21.99753479434186,43.95844691357504],[22.0085314149607,43.9575939096547],[22.018526624855564,43.969952116526414],[22.026122082649778,43.9695674216387],[22.02757033296616,43.979380024277205],[22.0416443312729,43.973577416866625],[22.045392868489763,43.976454993570144],[22.043165501508575,43.98006021765236],[22.047510987484397,43.9798685434691],[22.05401919343417,43.97110065637088],[22.046279935581897,43.97023591484832],[22.045271774172434,43.96389687458569],[22.05897230492671,43.955896183267285],[22.055654257197567,43.94796099047174],[22.064023623348255,43.93822648828902],[22.067121722680263,43.91822959753943],[22.084526517256865,43.91640183085797],[22.10934111840114,43.904743096631755],[22.115110184270893,43.896330362444466],[22.120918984670492,43.904657956933065],[22.135070357920547,43.90974682734093],[22.13943146634096,43.92068254983754],[22.165859347010795,43.92446303527121],[22.167087073175487,43.937151953497604],[22.173927084760006,43.94310419250754],[22.16763580101184,43.95738825822611],[22.180014633351586,43.965208427126356],[22.17975650293144,43.96876944767161],[22.184746449016064,43.96814738108744],[22.188967805612226,43.98808242591586],[22.185206218285973,43.99454574117206],[22.189728661671197,43.994351476113984],[22.195239313662384,44.004467972989325],[22.217912741301294,44.01635220290956],[22.220224045891907,44.027365206240574],[22.237557356051784,44.030099269273514],[22.237663343430686,44.03547111796012],[22.2428785110278,44.03959146540451],[22.24083425623758,44.05442335321697],[22.248328577297585,44.06513071669971],[22.22700951994407,44.08293370012887],[22.2274660591577,44.0872085403026],[22.233696623039116,44.09003006617937],[22.22917710463415,44.088885496128064],[22.22453633106822,44.09494552941616],[22.227541280537977,44.097309519822716],[22.224129241300066,44.09797136835761],[22.22044296605922,44.10906489515965],[22.224457610941403,44.111591948043646],[22.21685632759642,44.11859431180241],[22.216121311160702,44.12575049719663],[22.211591434402315,44.12610267006541],[22.20206715774295,44.137792427021225],[22.200732560801214,44.14837410390283],[22.2095140023842,44.153420413785675],[22.221078767485537,44.15073224174797],[22.223176753780383,44.16190740213676],[22.230981541670573,44.16583974940866],[22.2264229334585,44.175560339480484],[22.232678824614155,44.1805239752141],[22.23305099969554,44.18735329772136]]]}},{"type":"Feature","properties":{"kod":16,"ime":"ZLATIBORSKI UPRAVNI OKRUG","rap":7},"geometry":{"type":"Polygon","coordinates":[[[19.650261178981342,44.16905472914689],[19.666358287277333,44.16284911544849],[19.669199877761447,44.15677252574031],[19.68782134503175,44.15592747608907],[19.693774793290817,44.14643304262011],[19.72077182197839,44.139518282116605],[19.720051672647873,44.142135201565125],[19.729326468803126,44.14346653329155],[19.73914314606146,44.13815135824151],[19.73966350293993,44.13057056150971],[19.75489465777482,44.127441949592004],[19.754319424310555,44.130489343983314],[19.759971327197796,44.130499450688525],[19.765949158897985,44.1202402884544],[19.783271923746504,44.11047005621425],[19.781115046835957,44.10242787182684],[19.79393403601177,44.0958156467927],[19.789850630807305,44.09382819277311],[19.79715577831471,44.090692261368986],[19.796292427712743,44.08414673387659],[19.802779801568906,44.07682767298534],[19.800003439060216,44.075960718614354],[19.818451818994102,44.069216370037296],[19.826972276587686,44.074650050134224],[19.83051727230677,44.085765566913125],[19.82788361926326,44.090384068981365],[19.833062663072628,44.09629315321739],[19.826659059620063,44.10598167357657],[19.828138161703055,44.10980615739513],[19.82172015603706,44.11625834923723],[19.813920430419547,44.1173824809141],[19.81881652989558,44.122868600451135],[19.815669052707925,44.12641401318986],[19.801592227474796,44.133093457741],[19.794274921018705,44.13239320843716],[19.79189822648142,44.13663416944129],[19.811368979560687,44.14176945154847],[19.829871460997044,44.132354665190775],[19.84937513296589,44.13001424859003],[19.854255827704936,44.124677258146114],[19.85907546933301,44.12812130220625],[19.860403134554748,44.136865414840756],[19.875228171326448,44.1377809849128],[19.873871463768936,44.14377943182896],[19.884298522621886,44.155802960954816],[19.91793087855393,44.14896755902035],[19.930234299402834,44.141851867445894],[19.93249927298622,44.13570990108778],[19.9250298065087,44.13197263393861],[19.93042278200218,44.12892096258621],[19.920675050936165,44.12500584363381],[19.923914074622427,44.124258339159155],[19.924078274482355,44.11835545900471],[19.927649599863766,44.11923116584732],[19.924075178652412,44.116166724359495],[19.933246144757288,44.111334404261235],[19.94594202424881,44.112375976642795],[19.94703430691725,44.10795422751501],[19.960002051721876,44.104468655858334],[19.95944715832337,44.09858735419822],[19.998332347321718,44.09600516532819],[20.006577220002427,44.099536684356345],[20.004502738445236,44.10825297540981],[20.01001748087658,44.11714024188746],[20.02602593981298,44.12081631881282],[20.034348360209794,44.11578478680447],[20.074820681485775,44.11176711809655],[20.073265201126862,44.10830956435657],[20.087279841025303,44.09319780849511],[20.078064649724613,44.06938123561654],[20.08199650188277,44.06654410908833],[20.082987209672567,44.04314195616051],[20.094645198050195,44.02574029166451],[20.091966835112924,44.01957432869593],[20.083758651564345,44.0189340063246],[20.067752948527488,44.00247474256291],[20.081992250199594,43.99671051996275],[20.07952992748123,43.994522786882136],[20.083809641331072,43.9911577206236],[20.08479388862155,43.98136190075671],[20.125648108779803,43.951715921145926],[20.11718264146204,43.94898945346762],[20.109315875434586,43.9403145222912],[20.112347212577987,43.9312870369219],[20.125807256925633,43.922973510253584],[20.133974272292004,43.9118695619379],[20.15282999517985,43.90530775441173],[20.161364846193557,43.906142201254085],[20.170253746900748,43.89949157255184],[20.160555757978376,43.89897164620893],[20.14846210921091,43.89190181207711],[20.133049564177547,43.8975080371049],[20.12257948308161,43.895168725240374],[20.12416460644205,43.886081244256644],[20.112940417587374,43.88136930555659],[20.120337067519944,43.87246104662465],[20.107951058547517,43.86624774557799],[20.11293353101295,43.85850147253172],[20.121818436732212,43.85536192487777],[20.11925316020689,43.8465581075034],[20.122809106981837,43.84568832835381],[20.12453935551947,43.83413580168271],[20.15840112364713,43.811196256161836],[20.14017448201673,43.79993886300934],[20.139645629722576,43.79348960210339],[20.133047734182796,43.78899287024384],[20.141052263353682,43.786922288771656],[20.147895285091682,43.77632100007303],[20.14955592465685,43.76947105135739],[20.144030283999395,43.76149534341662],[20.148790274313196,43.75128745270362],[20.16597387999363,43.74586145151389],[20.16920719843884,43.74110926556474],[20.177945850855107,43.74245321377737],[20.191662979456403,43.73748991965855],[20.191753774325214,43.72320868969577],[20.18399332482759,43.71578166941697],[20.18773912828286,43.70129361655773],[20.174434822078798,43.69378482989407],[20.19865556650048,43.68246578942981],[20.199035019020357,43.67153381675128],[20.186663549625166,43.66561469626805],[20.186656404595396,43.65306420837288],[20.15169849513884,43.65398598198891],[20.146275680856476,43.658264388198454],[20.108579213993856,43.665471897699675],[20.11363700355898,43.65968772399315],[20.108777959515834,43.66040909288588],[20.10384446563307,43.650635927463796],[20.11395702880315,43.638488741321495],[20.11085120024795,43.629668773908776],[20.114392285195276,43.62706030480006],[20.10614549215599,43.62158972196567],[20.065363238254736,43.624815081674846],[20.045875458253978,43.607464306632835],[20.024525315116446,43.603897913055874],[20.0134645658497,43.593278172297936],[20.0151924891212,43.58862209023598],[20.018023685281364,43.590231572604196],[20.012868289439695,43.58188693668254],[19.993610662463272,43.57348143620771],[19.975783857091507,43.57116700266784],[19.96819119848454,43.58062214570137],[19.95523948915707,43.58695379787135],[19.939120143583576,43.58236218755172],[19.937115854097588,43.57633760899374],[19.94130063241172,43.56842799340675],[19.91606082929697,43.55129345503436],[19.92690266085421,43.545642379361915],[19.931178598947064,43.53524858828578],[19.94304939125505,43.524486838885046],[19.953106563789778,43.524810537599],[19.95137326052808,43.522647343017915],[19.962219226023564,43.5181157744062],[19.97742072345952,43.52075632183601],[19.985581765095183,43.516942684306464],[19.983342781185513,43.513426631635],[19.9884998282638,43.5097334859293],[19.987109244502722,43.505364561887205],[20.01672895971577,43.5027077203319],[20.0280871547949,43.49809625573202],[20.031315279251874,43.48213236089765],[20.040476795789832,43.47593314872121],[20.046606531226224,43.44722603636117],[20.051434923485218,43.44121599853489],[20.06162966415601,43.44069431595321],[20.06042399511672,43.42867006995668],[20.077080492110365,43.41256127541395],[20.078716572155844,43.400831537868804],[20.09023807215945,43.38470477477899],[20.103094373129938,43.37920909839877],[20.108105882419466,43.361979523184544],[20.125473081937173,43.35174950854223],[20.11723514118066,43.33349172445157],[20.14328055870567,43.31684483844137],[20.144646455610367,43.312172510019806],[20.16048589547891,43.31369053955625],[20.170609864226154,43.322275685764254],[20.1926373918867,43.31886711863413],[20.200412595870947,43.32377923590056],[20.22831723311954,43.32458222607636],[20.236287111795047,43.32097996354772],[20.239152219802847,43.3288755990912],[20.248850648486695,43.333530958562726],[20.2699364596873,43.33490688149333],[20.28344178719937,43.330180979324],[20.295947261061848,43.31146061116545],[20.270803749700413,43.29844917639058],[20.27243596402048,43.29346356556758],[20.262560502397466,43.28700699221534],[20.264852547218368,43.283351421549895],[20.256803983258028,43.270424889966755],[20.26346408482371,43.25926405305152],[20.260421092249647,43.2531191394418],[20.254161336655223,43.24980444479221],[20.25325235702946,43.24164803546719],[20.24475582285921,43.243466339372056],[20.23203848337136,43.238054751233804],[20.22971947344598,43.230727282734684],[20.236521408117746,43.22601232227838],[20.22665447817198,43.22026806512347],[20.245916104547028,43.216547012711324],[20.25837106709683,43.218507186878924],[20.258699653781175,43.21164918120652],[20.250680884401895,43.205280744146606],[20.254676666648344,43.19792611189394],[20.268331057483916,43.2015558884249],[20.27403029312925,43.194815098374775],[20.298703672162937,43.18441101325021],[20.297863885473134,43.17732083465468],[20.237991035572488,43.15621285961201],[20.216509554799433,43.15363861144677],[20.211019853799943,43.15692371665571],[20.19628689592809,43.15629565583449],[20.187976292032292,43.151462983959874],[20.180021563863207,43.13663664890023],[20.164979884950284,43.13602518693643],[20.164076554640594,43.12911600317854],[20.176928888536853,43.11770706458668],[20.174953026460148,43.11200980126252],[20.144770194269814,43.108879252855125],[20.12266919250215,43.09734655662357],[20.123197257607497,43.092077767181344],[20.116958999853022,43.09046991478931],[20.106096871317806,43.07265657499268],[20.096948748236038,43.065989272043765],[20.08343919458779,43.03591913380066],[20.07524820418619,43.03317792474549],[20.073946647343966,43.01340107791809],[20.063941072271795,43.00682595765073],[20.054129442289593,43.009458033880534],[20.056357514322055,43.01765153871736],[20.04466468227182,43.02861646215815],[19.992147605589384,43.05180640093007],[19.96744908314225,43.087191359729445],[19.97352223210073,43.10367316662289],[19.96986398329079,43.112848144735366],[19.94995216823958,43.10247800736212],[19.921984182332515,43.0959112393044],[19.916638493778297,43.085959817222204],[19.906866875676542,43.090948672282224],[19.90296310543027,43.0992510022373],[19.8875268246692,43.09736308004787],[19.878020269131536,43.10975215118312],[19.869920940068493,43.113116662125954],[19.83868642930212,43.094041937719894],[19.8338309007172,43.09611895274635],[19.836310824721256,43.09997162021158],[19.833183230339895,43.10728647099646],[19.84034570207827,43.11195095289102],[19.837099331585602,43.11565319250494],[19.825957096835566,43.118098527060695],[19.81145007037596,43.11548104463568],[19.805002552897054,43.12232538174527],[19.78783679412796,43.126049169513536],[19.7870832919371,43.13373750498749],[19.776870600079917,43.137901329074055],[19.781054765543857,43.143443687718054],[19.779662664148546,43.1563221655805],[19.770257570228893,43.16552870834469],[19.74084855520453,43.15903738026511],[19.733593338007324,43.171211729509366],[19.68492647481947,43.16799646592528],[19.67878040781011,43.17888040355122],[19.670898072933188,43.183830455170416],[19.640658282911296,43.18898462617741],[19.636912826900975,43.200375712055475],[19.639850119560187,43.207146594955816],[19.61811993718817,43.23054097303025],[19.5448468945566,43.24756228876845],[19.542841440186894,43.26094418441412],[19.527245128289245,43.27933820872296],[19.53766039197408,43.30422128879679],[19.53556375472066,43.30909600141194],[19.521372652235257,43.320941274247836],[19.485244691802826,43.327587196592305],[19.482009769746163,43.33356795017257],[19.461128567906,43.34481232094339],[19.461879793442623,43.359064535653246],[19.450472455847354,43.36721929113693],[19.44854694233296,43.388107507320136],[19.410359440853174,43.393091810519095],[19.3934969781594,43.40104146290086],[19.382394484296903,43.412688539981104],[19.360435704468593,43.411331041152124],[19.34934452230927,43.415720529948935],[19.33427451964017,43.4366032401623],[19.288165897436738,43.4457971904269],[19.276484924297257,43.45434544768492],[19.25342235410722,43.46138699048936],[19.24724111278613,43.46883866360156],[19.221431667476725,43.4831727185024],[19.22587006866412,43.48550577319798],[19.22246213868783,43.50311773262853],[19.227497711692596,43.5122152491183],[19.22263235622793,43.52714888590078],[19.250827712984165,43.52939261176657],[19.246209709200897,43.5480694105598],[19.25384632427783,43.57548792385345],[19.245875342603178,43.59270059524454],[19.262689875593637,43.589392917488695],[19.27269542539825,43.596552983203466],[19.26853135619638,43.60194430136556],[19.255512581496852,43.597918506294285],[19.26355572947911,43.606825120977724],[19.266563443753384,43.60520400679932],[19.27302923433192,43.59669995049153],[19.288732043392958,43.59548440018999],[19.291127407022262,43.60013948505375],[19.303949094104663,43.58984055115011],[19.33679355633506,43.58851581647277],[19.356631218314547,43.60565685500282],[19.369362635302775,43.61068553669847],[19.370872735784427,43.60526814041362],[19.381874510566675,43.601614980562424],[19.384804077993852,43.59147567850885],[19.395625386811602,43.59172241833256],[19.40193478177226,43.58758593354591],[19.399532304641316,43.581286834171124],[19.387862138652846,43.57725065488318],[19.392413343199948,43.573697337707486],[19.40521438637398,43.57726363435275],[19.402518280007687,43.57031875727858],[19.408419671998274,43.56977932635729],[19.422269267761138,43.57531928758268],[19.418112441573268,43.57830024334241],[19.446067745870167,43.581872533286536],[19.480731615340485,43.571719711632014],[19.511010602742015,43.58615876235789],[19.49703325868406,43.59810101339592],[19.491797886332286,43.596474726428994],[19.499514524470317,43.61586272555345],[19.49179790044693,43.619859541353144],[19.488079575098286,43.63245611230423],[19.49869218591319,43.638971007504175],[19.50053996736257,43.63335141377254],[19.507282862667864,43.633321381027756],[19.506895309236295,43.6281429179939],[19.510637231103985,43.62822363147392],[19.51500846138666,43.64046992765778],[19.512343534024662,43.64424991519171],[19.526480550010998,43.64973464264286],[19.53178397085044,43.66777330731967],[19.51706171514561,43.68952327411953],[19.51829224113627,43.696044440516744],[19.51454041080636,43.70083362938301],[19.518989679276885,43.70598419659545],[19.5189444944964,43.71435087091301],[19.480942725537314,43.73365495542524],[19.476941562686303,43.747404759619265],[19.467296444535645,43.75382756481239],[19.465360698135086,43.764486551699804],[19.447434048132152,43.77517952119505],[19.431216264823362,43.77685207348203],[19.431388006325506,43.783939404056255],[19.421100275952416,43.79674768921802],[19.41141892498682,43.79394532263581],[19.394520732721272,43.7982814023207],[19.391910039317132,43.80878583789795],[19.37204017322283,43.82459768964464],[19.374672183195642,43.83447497402537],[19.36431954820881,43.83767432736846],[19.346058967125003,43.852998595052206],[19.335781309143478,43.86965870259881],[19.315634189119443,43.88308770950407],[19.31046874973413,43.89762971265625],[19.29693386074626,43.909938704853175],[19.29416026836448,43.919617416092656],[19.283768438332544,43.927032737466035],[19.283972695514628,43.930996953136194],[19.271806732726798,43.93850249961431],[19.267130079414127,43.94676076642925],[19.25159259961097,43.95373136521624],[19.255080646816623,43.96294122166215],[19.23645712115216,43.98805978997134],[19.235646957883596,44.01179900814946],[19.247479529449766,44.0142108892001],[19.26700479540535,44.00040338096767],[19.304498937057637,43.99750303135698],[19.334178910390417,43.982630526624334],[19.356542143091808,43.98134483090049],[19.361744405287535,43.97218631435259],[19.38841650602006,43.96031958592179],[19.403430184057736,43.96866984369098],[19.43267685337676,43.95788733880391],[19.526992706415495,43.95626522782606],[19.539599536979406,43.97398660117804],[19.566518645694355,43.98424301196535],[19.563894777925128,43.99907743757413],[19.588322868937112,44.003126004221976],[19.598329403263637,44.009995170992504],[19.62025871530702,44.015568569601975],[19.62254011049101,44.021171840018525],[19.613829734255994,44.0350103996214],[19.623633375901395,44.050924651093496],[19.6180129531268,44.05396325248402],[19.604467745700802,44.05070166553834],[19.600471899737524,44.06928626098924],[19.590086584475603,44.0722160863557],[19.582112624115485,44.06757901462469],[19.58135819160162,44.048226878238204],[19.57436491414911,44.046439601482064],[19.558059107236563,44.06960705635341],[19.511250688766026,44.081302744525686],[19.497097527363593,44.09903496273164],[19.50285760023682,44.10222411406302],[19.520118144160477,44.09960744628479],[19.529368176112772,44.10766553157937],[19.532091940465637,44.10208616236422],[19.550604680312702,44.11028548873176],[19.562347014384034,44.10933280636489],[19.56660542916191,44.11938255744389],[19.572717401787692,44.121810818394366],[19.5781640566114,44.13076607428225],[19.603286740979815,44.140690963938454],[19.611995407224583,44.14001534766673],[19.619758559281905,44.13169745835029],[19.626540133711103,44.130362122316626],[19.630407631771938,44.138710675666395],[19.633996584570642,44.13895292624662],[19.633499628011382,44.14801393491497],[19.640036615414854,44.15672972355111],[19.63627048923336,44.16342142640821],[19.650261178981342,44.16905472914689]],[[19.424430045158,43.567293920094876],[19.412205590359655,43.56546907177224],[19.40801379207463,43.55515581132914],[19.39513203369596,43.55393883545088],[19.411365602388436,43.54700002241],[19.414064002575866,43.53981989498968],[19.421422986175852,43.541970200560655],[19.42898851086717,43.553277514706544],[19.423431529287914,43.559029287334184],[19.424430045158,43.567293920094876]]]}},{"type":"Feature","properties":{"kod":17,"ime":"MORAVIČKI UPRAVNI OKRUG","rap":7},"geometry":{"type":"Polygon","coordinates":[[[20.4353850137844,44.26829207277591],[20.441269217086287,44.2550399324205],[20.45012082800652,44.255799503779414],[20.455844965655494,44.24955513291484],[20.446734547520578,44.249394650674105],[20.447668892785813,44.24473901089461],[20.4519140158439,44.244971225338844],[20.448569807153646,44.24449080811717],[20.451108665613017,44.24315864495382],[20.44844006404732,44.239711275202744],[20.452782374561032,44.23677613445176],[20.444107930473876,44.236341998048495],[20.45126585231275,44.23398290642406],[20.446916247906266,44.228791635654446],[20.452596842101055,44.23010877714679],[20.45561344136665,44.22624525793287],[20.45070373422991,44.225624102364954],[20.455319427498093,44.21826077013613],[20.450904329420368,44.21581438615072],[20.452057357832683,44.20642133184998],[20.458491373817896,44.202515923037225],[20.45765790126247,44.198637098406586],[20.477954207974435,44.19959724883538],[20.475039269682522,44.18087059638],[20.480345343422744,44.17224709838861],[20.492975925634838,44.17584330749865],[20.50342423057884,44.16889505320405],[20.513981357335805,44.16842168375719],[20.522477755516867,44.15900625753155],[20.53172462378858,44.156598241378575],[20.532911051952844,44.14887122486777],[20.54887334609918,44.13584106220595],[20.553947175674402,44.11417284327354],[20.551986770105195,44.10361179136981],[20.5814394353652,44.08656089451378],[20.595860541839077,44.08563936901369],[20.610871238493647,44.078319083572794],[20.626955065453636,44.06344601270066],[20.6392805961398,44.05881750055421],[20.642239822270092,44.05052279755824],[20.652434476057273,44.04206298142476],[20.65350919420979,44.03715421295194],[20.636562466669822,44.032822923115674],[20.63986904079048,44.0256266684579],[20.63533584601213,44.02353774268371],[20.626397144431674,44.02414670690389],[20.620309060841205,44.032150383845064],[20.609878122639078,44.032825615790394],[20.614317713751603,44.0308823400935],[20.609911804359164,44.02761428910177],[20.613734225898277,44.024316381144224],[20.608162429047823,44.022490476597156],[20.610324437187785,44.020687384729634],[20.60712153480886,44.02109290160837],[20.601414890264103,44.01175772998212],[20.592171608156235,44.00836867256028],[20.586208239430842,43.99585528732084],[20.57217355892337,43.98999962971143],[20.56065378661173,43.97728051911934],[20.55528892606844,43.977073540519974],[20.55215690999405,43.96846215673315],[20.543047244962143,43.971263786054365],[20.55091069680024,43.96387872217441],[20.546835820835632,43.96079238115731],[20.548148383240466,43.95231624070325],[20.553648292259602,43.95290148430336],[20.553616452660222,43.94762650392147],[20.557281267338603,43.947059448965405],[20.553415383593986,43.94372098942449],[20.55976141977404,43.9357079491542],[20.56822557544525,43.9372327106884],[20.57951184824825,43.92819633486234],[20.58947746078148,43.92825756727492],[20.610829937616792,43.90808280190406],[20.612569384561,43.900029403783],[20.622338906504094,43.89531281069029],[20.623596889688503,43.8895945117439],[20.630942130907574,43.88766209711551],[20.63540343312524,43.87996909957808],[20.628045842831074,43.87576806126043],[20.627490298611537,43.86841821608101],[20.61119018468856,43.870050017437194],[20.587506325223448,43.849615391198135],[20.570610861185237,43.84228807740244],[20.580237258906244,43.83760161836753],[20.57630169004652,43.829281419349094],[20.581251826370202,43.82766676292139],[20.56470030549062,43.81224661369143],[20.568747320972427,43.80986378324538],[20.5649819008124,43.80430633358744],[20.554061908779914,43.806695086116754],[20.554107182070798,43.79845999527661],[20.54762416517373,43.79358384151817],[20.529779276587217,43.79033228641217],[20.520799134334,43.784256462097446],[20.510259954535908,43.78504273771317],[20.5111266033654,43.77526018008257],[20.502818737654025,43.76323432254072],[20.50367980859029,43.75902229793903],[20.462047194355428,43.760316712274665],[20.45787195661541,43.752188818121255],[20.43898217052824,43.75419321524524],[20.428683305513385,43.7479251588417],[20.42316188189724,43.7304989081945],[20.427708900015745,43.728057808504175],[20.428032093568383,43.72236460390762],[20.439760282745674,43.721437911802475],[20.439774852227576,43.71623041001638],[20.447390874115204,43.710765833289095],[20.442646001122473,43.701861305187705],[20.450332288152552,43.69638712260561],[20.45089424094072,43.684361178095706],[20.445344438180754,43.671982786012045],[20.427909120397402,43.66215550247282],[20.419535074163864,43.6671795332433],[20.41987194784881,43.670682030871255],[20.412220836407105,43.67096080659561],[20.383096187232923,43.65290359167611],[20.377902547916968,43.64384246240812],[20.391627886484827,43.635379230284215],[20.39858867349499,43.62270144669311],[20.38603728659613,43.608936139963525],[20.386225064100163,43.59554005403397],[20.392586715447734,43.592760581148276],[20.38167402892825,43.58901639402576],[20.373665741397062,43.574913653546886],[20.360210965531234,43.57230129708448],[20.348310178823176,43.56090163650145],[20.332143344171612,43.556461528410935],[20.323884424783476,43.549948671331265],[20.338866041788318,43.550707603425984],[20.33344844693436,43.54509275356026],[20.344364666580674,43.543518911498936],[20.343672568031337,43.53709898113826],[20.353235136318457,43.536219223168985],[20.360068447301273,43.52444745949443],[20.389587427523317,43.51365068140874],[20.396459405071187,43.50792919263379],[20.39619639496262,43.501760727359326],[20.404889576935627,43.49642312761111],[20.40869004585424,43.4853772871163],[20.430154956250053,43.46727080753213],[20.42934523689094,43.45830347744574],[20.422081559374877,43.45250427098161],[20.422056199863658,43.43370539007945],[20.41696133613765,43.43067029324643],[20.423892863679498,43.420218907586126],[20.432898841015152,43.42041543274293],[20.426690897354582,43.41366732748583],[20.414419876514046,43.41192378633509],[20.41427707818275,43.406919472608436],[20.42312681360129,43.393742255720866],[20.444155016918064,43.39930044098187],[20.442254519551774,43.3911481463277],[20.436863711824813,43.39397745915752],[20.43244248846002,43.38858723167927],[20.437988568534898,43.379695670964026],[20.444349159778575,43.37732292771161],[20.44390020781993,43.361687037951405],[20.43302517741562,43.35218740354453],[20.4369805394159,43.343181926404405],[20.434612169907094,43.339197628379864],[20.429024830424463,43.338668539973746],[20.425743974329706,43.34602477249215],[20.409237825524638,43.3463283783803],[20.40305623437594,43.33801824350013],[20.402310837644652,43.3228333062954],[20.389643127385508,43.32011754138737],[20.386635496850168,43.310009549912515],[20.358717814493755,43.3029709776584],[20.356040430271086,43.29006755414864],[20.364696196781352,43.28139061668533],[20.354842086657335,43.275981574042845],[20.33952053163407,43.27777681831977],[20.312077507961174,43.29072407523889],[20.306463493965172,43.30277383085271],[20.296262336197398,43.31100238127569],[20.28344178719937,43.330180979324],[20.272011837227087,43.334652363716366],[20.24454748059361,43.33247496817299],[20.236287111795047,43.32097996354772],[20.22831723311954,43.32458222607636],[20.200412595870947,43.32377923590056],[20.1926373918867,43.31886711863413],[20.170609864226154,43.322275685764254],[20.16048589547891,43.31369053955625],[20.14483321043125,43.3121026041018],[20.14328055870567,43.31684483844137],[20.11723514118066,43.33349172445157],[20.125473081937173,43.35174950854223],[20.108105882419466,43.361979523184544],[20.103094373129938,43.37920909839877],[20.09023807215945,43.38470477477899],[20.078716572155844,43.400831537868804],[20.077080492110365,43.41256127541395],[20.06042399511672,43.42867006995668],[20.06162966415601,43.44069431595321],[20.051434923485218,43.44121599853489],[20.046606531226224,43.44722603636117],[20.040476795789832,43.47593314872121],[20.031315279251874,43.48213236089765],[20.0280871547949,43.49809625573202],[20.01672895971577,43.5027077203319],[19.987109244502722,43.505364561887205],[19.9884998282638,43.5097334859293],[19.983342781185513,43.513426631635],[19.985581765095183,43.516942684306464],[19.97742072345952,43.52075632183601],[19.962219226023564,43.5181157744062],[19.95137326052808,43.522647343017915],[19.953106563789778,43.524810537599],[19.94304939125505,43.524486838885046],[19.931178598947064,43.53524858828578],[19.92690266085421,43.545642379361915],[19.916006261851763,43.551838502659066],[19.94130063241172,43.56842799340675],[19.937115854097588,43.57633760899374],[19.939120143583576,43.58236218755172],[19.95523948915707,43.58695379787135],[19.96819119848454,43.58062214570137],[19.975783857091507,43.57116700266784],[19.993610662463272,43.57348143620771],[20.012868289439695,43.58188693668254],[20.018023685281364,43.590231572604196],[20.0151924891212,43.58862209023598],[20.0134645658497,43.593278172297936],[20.024525315116446,43.603897913055874],[20.045875458253978,43.607464306632835],[20.065363238254736,43.624815081674846],[20.10614549215599,43.62158972196567],[20.114392285195276,43.62706030480006],[20.11085120024795,43.629668773908776],[20.11395702880315,43.638488741321495],[20.10384446563307,43.650635927463796],[20.108777959515834,43.66040909288588],[20.11363700355898,43.65968772399315],[20.108579213993856,43.665471897699675],[20.146275680856476,43.658264388198454],[20.15169849513884,43.65398598198891],[20.172162091717084,43.65490544502583],[20.17972046163912,43.65140582465142],[20.186656404595396,43.65306420837288],[20.18805767417894,43.667610552742225],[20.199035019020357,43.67153381675128],[20.19853828825654,43.68260215254817],[20.174434822078798,43.69378482989407],[20.18773912828286,43.70129361655773],[20.18399332482759,43.71578166941697],[20.191753774325214,43.72320868969577],[20.191621213877056,43.73759556936447],[20.177945850855107,43.74245321377737],[20.16920719843884,43.74110926556474],[20.16597387999363,43.74586145151389],[20.148798502832502,43.75127635190471],[20.144030283999395,43.76149534341662],[20.14955592465685,43.76947105135739],[20.147895285091682,43.77632100007303],[20.141052263353682,43.786922288771656],[20.133047734182796,43.78899287024384],[20.139645629722576,43.79348960210339],[20.14017448201673,43.79993886300934],[20.15840112364713,43.811196256161836],[20.12453935551947,43.83413580168271],[20.122809106981837,43.84568832835381],[20.11925316020689,43.8465581075034],[20.121818436732212,43.85536192487777],[20.10832057076696,43.86275624498256],[20.11155871050317,43.863392225105024],[20.107951058547517,43.86624774557799],[20.110115446682386,43.86928180725226],[20.120337067519944,43.87246104662465],[20.112940417587374,43.88136930555659],[20.12416460644205,43.886081244256644],[20.12257948308161,43.895168725240374],[20.133049564177547,43.8975080371049],[20.14846210921091,43.89190181207711],[20.160555757978376,43.89897164620893],[20.16919894222853,43.89855146524552],[20.17033905754671,43.898699573501474],[20.170443727545436,43.89887980552157],[20.161364846193557,43.906142201254085],[20.15282999517985,43.90530775441173],[20.133974272292004,43.9118695619379],[20.125807256925633,43.922973510253584],[20.112347212577987,43.9312870369219],[20.109315875434586,43.9403145222912],[20.11718264146204,43.94898945346762],[20.125648108779803,43.951715921145926],[20.08479388862155,43.98136190075671],[20.083809641331072,43.9911577206236],[20.07952992748123,43.994522786882136],[20.081992250199594,43.99671051996275],[20.067752948527488,44.00247474256291],[20.083758651564345,44.0189340063246],[20.091966835112924,44.01957432869593],[20.094645198050195,44.02574029166451],[20.082987209672567,44.04314195616051],[20.08199650188277,44.06654410908833],[20.078064649724613,44.06938123561654],[20.087279841025303,44.09319780849511],[20.07271194894179,44.11008895606248],[20.08262784980348,44.11455801298198],[20.09664267099797,44.10806645257124],[20.1124893667605,44.10977194424205],[20.11683300248674,44.10265270983938],[20.12640539879969,44.10163792552637],[20.131698480320914,44.096913130835006],[20.139759762188003,44.101540206200504],[20.149664325677914,44.094870684598035],[20.150118096882004,44.10753089077719],[20.14052792830612,44.11233599247444],[20.142005047980895,44.121871795049806],[20.173717034942136,44.11950958604961],[20.18063826326797,44.1226090436421],[20.17598935713736,44.127848768607926],[20.191755148922237,44.13597367915651],[20.219545813344165,44.13469285194177],[20.221492206020933,44.13893246225111],[20.24803622563848,44.135439015502385],[20.28676532944047,44.147371166959516],[20.29447442536099,44.14412103393892],[20.30909254220025,44.14525906782668],[20.30972867623891,44.15924383988624],[20.32221200548762,44.16536316812762],[20.33818544547825,44.164118015716866],[20.352337922578133,44.16967867683169],[20.348618817568163,44.18324816110296],[20.352019216205726,44.194235645866854],[20.367726732347094,44.19576640851477],[20.375008622880813,44.2002908598738],[20.389036793074727,44.1982753934872],[20.38872952254542,44.2082873110219],[20.39872276493137,44.23231265827954],[20.414654285933224,44.22651811028089],[20.42031828807223,44.228361351649994],[20.425585897902828,44.238578101062636],[20.417621931013997,44.241518429981646],[20.425339233872695,44.24725995119056],[20.42450059575114,44.25270836586195],[20.428713287327604,44.252359002737414],[20.429777636127994,44.26338556157968],[20.4353850137844,44.26829207277591]]]}},{"type":"Feature","properties":{"kod":18,"ime":"RAŠKI UPRAVNI OKRUG","rap":7},"geometry":{"type":"Polygon","coordinates":[[[20.63943800588618,43.88089576165306],[20.65740095829248,43.862735884779795],[20.679077254457866,43.855540160676256],[20.677335736624602,43.841405753343786],[20.69169366412037,43.82920268294409],[20.688790515056812,43.82412525939819],[20.70151880164626,43.817987310544574],[20.705721479474388,43.81078557533821],[20.72395148924518,43.79830503861732],[20.76076054180175,43.80138922708104],[20.780900634657094,43.81107594566148],[20.785325409420803,43.80782112471468],[20.78860030797322,43.8125373990632],[20.78459702006709,43.81646189724094],[20.788196110629148,43.826243658501355],[20.770540041055927,43.84242522123201],[20.774594898541068,43.84518550324996],[20.77365374523504,43.849954656232626],[20.82618116800005,43.857419899602014],[20.856666940790834,43.852323352742076],[20.85403354402976,43.8641614346121],[20.862871578767987,43.86093379953873],[20.870476183716274,43.86641321287487],[20.875205941838534,43.86426164933754],[20.87465718739294,43.85906493717685],[20.886994309858963,43.852617342854096],[20.906132180163343,43.85366511294127],[20.90695645871416,43.84905842691284],[20.914315062723198,43.84501456374831],[20.921150675798863,43.83186840960505],[20.924983320955178,43.83128824271078],[20.923295920381285,43.82040747024089],[20.926830041311256,43.807815285137046],[20.933417324061868,43.79895099141765],[20.9332204176775,43.790272381255086],[20.939905650744013,43.7843803806759],[20.935506394821815,43.77543973092899],[20.94788859769791,43.773094122842714],[20.962020716222565,43.76050159433566],[20.950213577790013,43.750786513974724],[20.93859897180458,43.75110592637038],[20.929208755108053,43.744746378766685],[20.936098783994275,43.73533845729018],[20.934342572045754,43.731742550670134],[20.927703679644047,43.73188837069873],[20.929481147094858,43.72409967674296],[20.925768224688714,43.71173328294676],[20.934283750191433,43.6959307258586],[20.907222101859116,43.683936423472154],[20.901353088656315,43.66755646614541],[20.891646578030507,43.66343616829522],[20.907863743635264,43.65755799233182],[20.92089595840534,43.66286104968206],[20.926917880283852,43.658042927580674],[20.926506000557012,43.64567880952593],[20.93843631527047,43.64795597436969],[20.943042537905942,43.64115655761432],[20.957032727726737,43.640885838074404],[20.966980060204573,43.63426606300739],[20.958854827076276,43.62485494969543],[20.955103338767966,43.626370110511324],[20.946121401991952,43.62097312075396],[20.9481233410325,43.61764134854045],[20.944379876485165,43.61386099268793],[20.926562463278223,43.6119184269516],[20.919427089865717,43.59006157668155],[20.92312844537211,43.58590846370871],[20.921551122374986,43.575094308080345],[20.936626576031845,43.571298166802194],[20.932255712764086,43.56515513621587],[20.93666595038868,43.55923470030061],[20.934205772824267,43.55320887861939],[20.939059939259668,43.55024349489858],[20.937871048832456,43.54742700486872],[20.943371309202018,43.54664079676444],[20.940695641583943,43.53730078720762],[20.950878298505355,43.52787090126148],[20.94049990390817,43.519204830234095],[20.92908133210257,43.52064314662896],[20.897094182158888,43.512873656293245],[20.860406574101678,43.52183819250089],[20.85180518503386,43.53584298788295],[20.840346463724153,43.53573938582291],[20.82869650122704,43.52245475076409],[20.821849779397905,43.5214689785181],[20.797836447809967,43.527674428221914],[20.78738973110285,43.5354527780882],[20.77532603317106,43.5279168319166],[20.78262739002565,43.5194787771625],[20.78292597772154,43.51268751233831],[20.792480446215794,43.50489818546732],[20.80048642897681,43.48122118910902],[20.805439719101404,43.47847462285381],[20.796363494060305,43.474139613880936],[20.799358073962026,43.457246784607705],[20.790825843608822,43.454007171171746],[20.78957499826921,43.43925844204375],[20.779366041555093,43.42557846245092],[20.783647352044333,43.41696598584536],[20.77897334139555,43.409884710758504],[20.792836013623017,43.40104256359366],[20.79705342601975,43.40457489172225],[20.811177446339048,43.40034631642891],[20.822387089769137,43.40479330841102],[20.825021860633196,43.40110760602694],[20.830765576832306,43.40540504112272],[20.842791063076103,43.40332882101435],[20.843481567173374,43.39260376442295],[20.851763625153776,43.3799738836425],[20.848521334092176,43.361092129694555],[20.85308894135874,43.34256226488],[20.83598604193651,43.32435878931522],[20.829555910216737,43.32405727877267],[20.8233312587671,43.318128771530986],[20.828866645315713,43.29059677496802],[20.81916760243022,43.279598832839795],[20.819301468506165,43.274082754050966],[20.82840798587855,43.265786792313854],[20.800759938740203,43.266827059554004],[20.792234983383402,43.259383465846255],[20.791414597975983,43.24405086182586],[20.77818575693273,43.2419722755808],[20.769288646097348,43.24757764758266],[20.76126469193834,43.24399855531941],[20.728185885282993,43.24865132150739],[20.709470774771567,43.227217686603495],[20.699347847270193,43.22518284764699],[20.688604215200122,43.21835323874781],[20.68771784195169,43.213654518943535],[20.671571422826887,43.20861817112704],[20.652488769529047,43.21108500693593],[20.637265569902265,43.206715457675585],[20.633248008079903,43.20967865762009],[20.615291034128735,43.204310501632705],[20.600529583591232,43.210813023558046],[20.59483864967993,43.20670789850918],[20.61167257802463,43.187271283424685],[20.613828673047266,43.179872686706084],[20.60780622655485,43.17518965850748],[20.611225423049326,43.16972988359909],[20.658296673476308,43.1540168857335],[20.66203149186192,43.14427799207276],[20.657626360874787,43.137996014081274],[20.685071883216523,43.123024870758066],[20.692722257398092,43.10927218419708],[20.69307922940771,43.10553950029673],[20.687351961421555,43.10253757414991],[20.69324543678006,43.09466824931202],[20.687698254303257,43.083954743457994],[20.662155520607833,43.07840788235062],[20.656253845398354,43.07369586326026],[20.661900906433303,43.06675198414865],[20.66910369365415,43.065270553394846],[20.670522619446082,43.05556568785768],[20.665458968002138,43.04963694804998],[20.670983899357175,43.04615909347902],[20.669479738865352,43.03534892861194],[20.652157048738893,43.033479915581076],[20.650997651118562,43.02209714291966],[20.64137676218583,43.022673609789614],[20.636862533585838,43.016368825497054],[20.64050281642796,43.00682963317447],[20.629864142761193,43.009123073299136],[20.617337454470793,43.00306471369253],[20.61765408805064,43.017552085923136],[20.590823867197486,43.01703473969029],[20.58137728042564,43.01275171575694],[20.581220319426347,43.00195499990284],[20.567850370526944,42.99649499794535],[20.56482990759951,42.984557885892166],[20.551905820833625,42.975635320631476],[20.554448583122635,42.96873420558959],[20.546405872216436,42.96103553961624],[20.539749537363647,42.96384849885184],[20.53628185436155,42.97428704099118],[20.530026179684864,42.97512307073433],[20.51459152207713,42.97063256054207],[20.513674498193833,42.965581215977814],[20.499587858442574,42.95677177026635],[20.492897710658287,42.94041434660321],[20.48456653877957,42.93378881821938],[20.48627020286308,42.92906324909718],[20.49986852859226,42.91770024855251],[20.505506641248655,42.905313841343094],[20.52061239772041,42.898157422792416],[20.520452231629893,42.893562187516515],[20.535293982823394,42.88909932494986],[20.538295365411333,42.88317549051634],[20.485837088700105,42.867594116199605],[20.441307007266182,42.833875046990315],[20.428734104457043,42.83525429554687],[20.41820274820178,42.84446069761176],[20.40864299458329,42.84714854678984],[20.380115426377575,42.84176511303744],[20.36364679027449,42.83226848336169],[20.353489486081653,42.8328174495704],[20.342079918335475,42.86920072996372],[20.346014994782042,42.87740111857694],[20.34494039500596,42.88816071636866],[20.350029309779032,42.89595888507014],[20.3455660766909,42.91121748146042],[20.336306353886126,42.90770301435792],[20.32947172298531,42.91374067173664],[20.31022348479854,42.91742869428378],[20.311285632212154,42.92340459444327],[20.29879054638754,42.92186854075023],[20.284043434659278,42.92727850483698],[20.277666495444436,42.93529476855863],[20.269938340111743,42.931696325002946],[20.25153213942722,42.94014736926046],[20.229101256240472,42.94440974647626],[20.21020712670334,42.95836610346479],[20.188533862972424,42.96022974471677],[20.173913803683348,42.97230211687436],[20.15337049215618,42.974372919297764],[20.15305752112603,42.98508002613961],[20.14882662762244,42.988887174159736],[20.131585256345065,42.96937034983506],[20.121667534872735,42.963730903023404],[20.102846815195342,42.97446416559642],[20.10223793034224,42.981765019668444],[20.08671925242429,42.99556732655558],[20.081060976405787,42.99365744487598],[20.068816322682313,42.99884046426131],[20.063941072271795,43.00682595765073],[20.073946647343966,43.01340107791809],[20.07524820418619,43.03317792474549],[20.08343919458779,43.03591913380066],[20.096948748236038,43.065989272043765],[20.106096871317806,43.07265657499268],[20.116958999853022,43.09046991478931],[20.123197257607497,43.092077767181344],[20.12266919250215,43.09734655662357],[20.144770194269814,43.108879252855125],[20.174953026460148,43.11200980126252],[20.176928888536853,43.11770706458668],[20.164076554640594,43.12911600317854],[20.164979884950284,43.13602518693643],[20.180021563863207,43.13663664890023],[20.187976292032292,43.151462983959874],[20.19628689592809,43.15629565583449],[20.211019853799943,43.15692371665571],[20.216509554799433,43.15363861144677],[20.237991035572488,43.15621285961201],[20.296642158264763,43.17534038654269],[20.298703672162937,43.18441101325021],[20.27403029312925,43.194815098374775],[20.268331057483916,43.2015558884249],[20.254676666648344,43.19792611189394],[20.250680884401895,43.205280744146606],[20.258699653781175,43.21164918120652],[20.25837106709683,43.218507186878924],[20.245916104547028,43.216547012711324],[20.226673782851975,43.22016268946992],[20.236521408117746,43.22601232227838],[20.22971947344598,43.230727282734684],[20.23203848337136,43.238054751233804],[20.24475582285921,43.243466339372056],[20.25325235702946,43.24164803546719],[20.254161336655223,43.24980444479221],[20.260421092249647,43.2531191394418],[20.26346408482371,43.25926405305152],[20.256803983258028,43.270424889966755],[20.25810863064682,43.27538610145164],[20.26358751510754,43.27987578649195],[20.262560502397466,43.28700699221534],[20.27243596402048,43.29346356556758],[20.27330102737263,43.30116337561928],[20.295590098274364,43.31179426584282],[20.306463493965172,43.30277383085271],[20.312077507961174,43.29072407523889],[20.33952053163407,43.27777681831977],[20.35563394531973,43.27610791505604],[20.364696196781352,43.28139061668533],[20.356040430271086,43.29006755414864],[20.358717814493755,43.3029709776584],[20.386635496850168,43.310009549912515],[20.389643127385508,43.32011754138737],[20.402310837644652,43.3228333062954],[20.40305623437594,43.33801824350013],[20.409237825524638,43.3463283783803],[20.425743974329706,43.34602477249215],[20.429024830424463,43.338668539973746],[20.43497413892453,43.339636956185515],[20.4369805394159,43.343181926404405],[20.43302517741562,43.35218740354453],[20.44390020781993,43.361687037951405],[20.444349159778575,43.37732292771161],[20.437988568534898,43.379695670964026],[20.43244248846002,43.38858723167927],[20.436863711824813,43.39397745915752],[20.442254519551774,43.3911481463277],[20.444155016918064,43.39930044098187],[20.42312681360129,43.393742255720866],[20.41427707818275,43.406919472608436],[20.414419876514046,43.41192378633509],[20.426690897354582,43.41366732748583],[20.432898841015152,43.42041543274293],[20.423892863679498,43.420218907586126],[20.41696133613765,43.43067029324643],[20.422056199863658,43.43370539007945],[20.422081559374877,43.45250427098161],[20.42934523689094,43.45830347744574],[20.430154956250053,43.46727080753213],[20.40869004585424,43.4853772871163],[20.404889576935627,43.49642312761111],[20.39619639496262,43.501760727359326],[20.396459405071187,43.50792919263379],[20.389587427523317,43.51365068140874],[20.360068447301273,43.52444745949443],[20.353235136318457,43.536219223168985],[20.343672568031337,43.53709898113826],[20.344364666580674,43.543518911498936],[20.33344844693436,43.54509275356026],[20.338866041788318,43.550707603425984],[20.323884424783476,43.549948671331265],[20.332143344171612,43.556461528410935],[20.348310178823176,43.56090163650145],[20.360210965531234,43.57230129708448],[20.373665741397062,43.574913653546886],[20.38167402892825,43.58901639402576],[20.392586715447734,43.592760581148276],[20.386225064100163,43.59554005403397],[20.38603728659613,43.608936139963525],[20.39858867349499,43.62270144669311],[20.391627886484827,43.635379230284215],[20.377902547916968,43.64384246240812],[20.383096187232923,43.65290359167611],[20.412220836407105,43.67096080659561],[20.41987194784881,43.670682030871255],[20.419535074163864,43.6671795332433],[20.427909120397402,43.66215550247282],[20.445344438180754,43.671982786012045],[20.45089424094072,43.684361178095706],[20.450332288152552,43.69638712260561],[20.442646001122473,43.701861305187705],[20.447390874115204,43.710765833289095],[20.439774852227576,43.71623041001638],[20.439760282745674,43.721437911802475],[20.428032093568383,43.72236460390762],[20.427708900015745,43.728057808504175],[20.42316188189724,43.7304989081945],[20.428683305513385,43.7479251588417],[20.43898217052824,43.75419321524524],[20.45787195661541,43.752188818121255],[20.462047194355428,43.760316712274665],[20.50367980859029,43.75902229793903],[20.502818737654025,43.76323432254072],[20.5111266033654,43.77526018008257],[20.510259954535908,43.78504273771317],[20.520799134334,43.784256462097446],[20.529779276587217,43.79033228641217],[20.54762416517373,43.79358384151817],[20.554107182070798,43.79845999527661],[20.554061908779914,43.806695086116754],[20.5649819008124,43.80430633358744],[20.568747320972427,43.80986378324538],[20.56470030549062,43.81224661369143],[20.581251826370202,43.82766676292139],[20.57630169004652,43.829281419349094],[20.580237258906244,43.83760161836753],[20.57337947732654,43.84023278247106],[20.57188047325027,43.840972625300395],[20.570529033460467,43.84216500110996],[20.570610861185237,43.84228807740244],[20.587506325223448,43.849615391198135],[20.61119018468856,43.870050017437194],[20.627490298611537,43.86841821608101],[20.628045842831074,43.87576806126043],[20.63943800588618,43.88089576165306]]]}},{"type":"Feature","properties":{"kod":19,"ime":"RASINSKI UPRAVNI OKRUG","rap":7},"geometry":{"type":"Polygon","coordinates":[[[21.269153581244808,43.854181246614964],[21.28454361139492,43.850728872232025],[21.283290155348215,43.84354779838876],[21.288678731007536,43.840451213058834],[21.281980042027527,43.82914071123995],[21.28268299272026,43.819887533009776],[21.276196922720914,43.8121190733622],[21.276670259132835,43.80482500499147],[21.271907687186342,43.80378061969026],[21.271816463401564,43.79730740189737],[21.266829643865275,43.79522815288524],[21.271197090274846,43.78709637351325],[21.294614753483067,43.78250695286427],[21.32610860177444,43.786677753631665],[21.325252034464224,43.79120620196702],[21.3318809779038,43.790566887007664],[21.332273819835574,43.795749714417845],[21.334691062423687,43.7892565109832],[21.338092680043637,43.788405059873035],[21.33593929564731,43.79051385848663],[21.347955066529096,43.796061061649965],[21.36524490445432,43.79623616335907],[21.37184040792579,43.792504451599505],[21.36525974574638,43.7824464401376],[21.373461505979083,43.77273107160654],[21.378277447890593,43.77445404191906],[21.382725390666657,43.785990951064434],[21.391953066181216,43.78609440603739],[21.396572252447054,43.781341937228106],[21.392611831653674,43.773651757802156],[21.368797754084913,43.75853281913843],[21.387221396961476,43.755328989724696],[21.393338065487495,43.76508970399179],[21.40274735147447,43.769144046662994],[21.407919074882184,43.76393884954597],[21.399549649104646,43.76005673902644],[21.397410314687402,43.7525735834725],[21.407322963933158,43.74802543108281],[21.41174724211799,43.737987426560984],[21.41998519656322,43.73997897927778],[21.431083850498247,43.750593011341714],[21.443896479188506,43.751725019917785],[21.4520036605039,43.75940516092917],[21.477346304266902,43.766236517144975],[21.481633150421032,43.764006974113656],[21.478413644829242,43.75086060941255],[21.487542782669784,43.74009469626054],[21.502776575784743,43.74223015661254],[21.51214860300229,43.731758630936],[21.521115419628803,43.72989550776673],[21.52629213888743,43.72161720535012],[21.52427180145273,43.71356201491635],[21.51165595187733,43.71349102936117],[21.503469462784317,43.70822182544969],[21.49810419914863,43.68860003994357],[21.48952787861157,43.69563549628275],[21.477800894800875,43.69624003679155],[21.475367554453626,43.69050383237134],[21.478323803575623,43.68851936044586],[21.46381457442222,43.68338161167586],[21.46112021447465,43.670211042479465],[21.46834248856811,43.65965229178169],[21.46585843644961,43.65760756913103],[21.475194818704544,43.662554454725395],[21.488661696087707,43.644937187736204],[21.48981105978297,43.63554206236399],[21.484472308593922,43.628375032076285],[21.485442257868428,43.623302897559505],[21.49698704888703,43.62702007132464],[21.506953192451782,43.62228649080631],[21.503734505955844,43.617616110753445],[21.49101074005479,43.619795057088055],[21.488334019269036,43.612257995091795],[21.50389510545297,43.60535335551627],[21.510933515393752,43.60706852731745],[21.516503749140302,43.61810977100334],[21.529714966711367,43.60934358142674],[21.544122760284,43.61503504431499],[21.543710017804266,43.60966347854925],[21.528846851337356,43.59619538624739],[21.52929064310076,43.591528154455936],[21.535764802164493,43.581355603486415],[21.548811994581605,43.574425369174584],[21.543382086198424,43.56850269170643],[21.55182452049393,43.5461285816959],[21.570489344136554,43.54256134192496],[21.577118143870642,43.53347822641072],[21.562909068181632,43.49733560932342],[21.547560299508692,43.471981077375546],[21.556566150852056,43.45666710627587],[21.563210945722457,43.45364038880594],[21.56099812028908,43.44874820856114],[21.571358459483864,43.44769295365775],[21.58046189454783,43.441215766359434],[21.57110478871056,43.425581924690285],[21.54398451893382,43.411172492748],[21.53601478001658,43.41353747230673],[21.527303561260425,43.4108749985581],[21.52627435397502,43.405214342314345],[21.514200091040987,43.39408338670605],[21.499739054436027,43.386956157991285],[21.48076145829969,43.38454135376773],[21.48022535192446,43.378963447568935],[21.474336815170513,43.38602488271963],[21.465224028653303,43.383014642799104],[21.45253448719925,43.38596393252919],[21.432631463516365,43.39777768168437],[21.413264191716987,43.401733014626515],[21.40810210370937,43.39656145931243],[21.392633516373895,43.39794276977161],[21.382270741035633,43.39430873731216],[21.351996341833335,43.40670944376003],[21.34145730519792,43.39920921831475],[21.314216492512095,43.395869024403765],[21.295775041769,43.38875257516828],[21.28388259718674,43.39119090988278],[21.28162686584006,43.38329694517718],[21.263338028160817,43.38225311194566],[21.2547690212466,43.379036859447666],[21.252610054601313,43.3734281451672],[21.228893723816118,43.37776290590932],[21.223206159688598,43.375039967723495],[21.223247658081483,43.3684698762827],[21.207977141577018,43.36086043327705],[21.215768826596896,43.34001044941012],[21.192424263604973,43.32909715347704],[21.186451398180655,43.31967772036538],[21.173337122956795,43.317681427188845],[21.17219277487322,43.30748014164148],[21.164162790887744,43.29413101928157],[21.166640283615145,43.28211969824748],[21.150112648215014,43.28194683852594],[21.147093740396443,43.2791730685587],[21.148452726194197,43.2675760360843],[21.130271914860458,43.26254200627062],[21.120880216631527,43.25142224909889],[21.086930659151506,43.24956554649432],[21.06863371508121,43.26095882919071],[21.06876477023494,43.266108158813765],[21.052223199636437,43.274031958151554],[21.033898054318104,43.268949464801885],[21.026054590904337,43.26181234298027],[21.003373502770895,43.27196522603354],[20.987857815635124,43.27036262720202],[20.987733751247937,43.24772915904935],[20.97927760023736,43.248207429212044],[20.965516776091583,43.23820946202711],[20.969819273118734,43.23245036299005],[20.966088706117404,43.225129070211494],[20.96737198148377,43.21659550475401],[20.974425910829087,43.21163140145248],[20.970456888844314,43.201875369349146],[20.9788487795776,43.1945560572211],[20.959971775978588,43.180225321221585],[20.946317264731075,43.178860681540584],[20.932139727132594,43.15758155744842],[20.92508502500843,43.153249136706165],[20.92357620862145,43.14607629877505],[20.908583049944458,43.148224986791995],[20.899718839388562,43.15571207802246],[20.889321475772746,43.155981933964156],[20.881715602657138,43.16694667495363],[20.863274353993933,43.16478614765915],[20.855977392115808,43.17440000439711],[20.83847918930277,43.172986725265204],[20.831076590687942,43.17912098260452],[20.834178385565345,43.18364174426177],[20.855063632520515,43.18914720369702],[20.8434800658136,43.19813916694548],[20.843552239245124,43.207074703679915],[20.889366071044808,43.20371791860801],[20.879864645887753,43.21085732007652],[20.87973566257231,43.22222636870509],[20.873165803590343,43.23083934267823],[20.861672135043836,43.237881165614155],[20.8519814138108,43.25121988204087],[20.836964142120216,43.25683772941204],[20.83596830018582,43.2616993464972],[20.830621882286692,43.26171546712154],[20.819524524224253,43.2729497072716],[20.81916760243022,43.279598832839795],[20.828866645315713,43.29059677496802],[20.8233312587671,43.318128771530986],[20.829555910216737,43.32405727877267],[20.83598604193651,43.32435878931522],[20.85308894135874,43.34256226488],[20.848521334092176,43.361092129694555],[20.851763625153776,43.3799738836425],[20.843481567173374,43.39260376442295],[20.842791063076103,43.40332882101435],[20.830765576832306,43.40540504112272],[20.825021860633196,43.40110760602694],[20.822387089769137,43.40479330841102],[20.811177446339048,43.40034631642891],[20.79705342601975,43.40457489172225],[20.792836013623017,43.40104256359366],[20.77897334139555,43.409884710758504],[20.783647352044333,43.41696598584536],[20.779366041555093,43.42557846245092],[20.78957499826921,43.43925844204375],[20.790825843608822,43.454007171171746],[20.799358073962026,43.457246784607705],[20.796363494060305,43.474139613880936],[20.805439719101404,43.47847462285381],[20.80048642897681,43.48122118910902],[20.792480446215794,43.50489818546732],[20.774068781992764,43.52624153877604],[20.78738973110285,43.5354527780882],[20.797836447809967,43.527674428221914],[20.823845718594526,43.5217155723666],[20.845615509867603,43.53656975991868],[20.85204248327162,43.53580214852038],[20.860406574101678,43.52183819250089],[20.897094182158888,43.512873656293245],[20.92908133210257,43.52064314662896],[20.94049990390817,43.519204830234095],[20.950878298505355,43.52787090126148],[20.940695641583943,43.53730078720762],[20.943371309202018,43.54664079676444],[20.937871048832456,43.54742700486872],[20.939450178386664,43.548149234529994],[20.939059939259668,43.55024349489858],[20.934205772824267,43.55320887861939],[20.93666595038868,43.55923470030061],[20.932255712764086,43.56515513621587],[20.936626576031845,43.571298166802194],[20.921551122374986,43.575094308080345],[20.92312844537211,43.58590846370871],[20.919427089865717,43.59006157668155],[20.926562463278223,43.6119184269516],[20.944379876485165,43.61386099268793],[20.9481233410325,43.61764134854045],[20.946121401991952,43.62097312075396],[20.955103338767966,43.626370110511324],[20.958854827076276,43.62485494969543],[20.966980060204573,43.63426606300739],[20.957032727726737,43.640885838074404],[20.943042537905942,43.64115655761432],[20.93843631527047,43.64795597436969],[20.926506000557012,43.64567880952593],[20.926917880283852,43.658042927580674],[20.92089595840534,43.66286104968206],[20.907863743635264,43.65755799233182],[20.891646578030507,43.66343616829522],[20.901353088656315,43.66755646614541],[20.907222101859116,43.683936423472154],[20.934283750191433,43.6959307258586],[20.925771422161503,43.712470564779984],[20.929481147094858,43.72409967674296],[20.927703679644047,43.73188837069873],[20.934342572045754,43.731742550670134],[20.936098783994275,43.73533845729018],[20.929153395636366,43.74462717137061],[20.938243453441004,43.75098819247663],[20.950173978970955,43.75077092536795],[20.956352208958734,43.75628170246374],[20.96737658467544,43.75052494227649],[20.971885118162522,43.74251841316053],[20.982814809014823,43.74800563840452],[20.98945066367464,43.74548553226348],[20.996888879912138,43.7540638346594],[21.005472680225218,43.755865652751666],[21.0076339589683,43.748725860729905],[21.023985060059466,43.746925426691945],[21.032220674125007,43.74126032761784],[21.03891940006405,43.74596738520979],[21.04875953265891,43.73947436226592],[21.06265657071431,43.74115796888666],[21.077771309900925,43.72918776834373],[21.08712874103463,43.73174046555741],[21.08705496221996,43.73600734567459],[21.100200489439317,43.736594650931536],[21.11803712931312,43.72658751200816],[21.13800154522097,43.72980923208825],[21.137830371466066,43.732916431372324],[21.150960219794175,43.73443074675429],[21.143148032129,43.74626013606475],[21.144038925792163,43.76872033052948],[21.14902022894212,43.77278783949038],[21.164553294803053,43.763020296719404],[21.17505009677703,43.76458213381905],[21.177545503391798,43.76134966343747],[21.175006735314906,43.75760709606581],[21.179308070270302,43.75416396873439],[21.194267476771902,43.76455777484941],[21.192166133302145,43.76784625495485],[21.200119384962512,43.76824125799754],[21.1988592719683,43.77076925505975],[21.205413838351816,43.76500752407769],[21.211063544446215,43.77144766077034],[21.218646236543396,43.773121646980954],[21.225516031167384,43.784940725256796],[21.249016688158658,43.78934598869632],[21.254937971348514,43.806861956664285],[21.266373182337833,43.81509977388977],[21.259120109679564,43.82146375915289],[21.26086146342108,43.844818625266825],[21.269153581244808,43.854181246614964]]]}},{"type":"Feature","properties":{"kod":20,"ime":"NIŠAVSKI UPRAVNI OKRUG","rap":7},"geometry":{"type":"Polygon","coordinates":[[[21.65657037792127,43.818865671460756],[21.705392383071484,43.77869065599248],[21.701210582006897,43.774158377308574],[21.711465177299424,43.76957570113527],[21.698329264629685,43.763929824180195],[21.68654258497388,43.76810241716118],[21.67789829761821,43.76633532797341],[21.674315383325155,43.75347791488979],[21.68984508053012,43.75013394226349],[21.700966369449386,43.74191696406321],[21.707570331115498,43.72759471701997],[21.690760377876472,43.71991313561129],[21.688774722501368,43.713145357263315],[21.69638848566578,43.70120436719365],[21.694600956900086,43.687438958766954],[21.71101747740884,43.6756011941956],[21.713326375170197,43.67069112962304],[21.709344162810254,43.66808788960649],[21.709801358948756,43.66307340951989],[21.720494928565245,43.64582876550626],[21.740437972498466,43.63816253569856],[21.74717075294109,43.62754356849592],[21.75985059658681,43.62388809742079],[21.759437747301412,43.60307302462613],[21.787643299750737,43.5910497605446],[21.827769484579854,43.59544981127555],[21.8423120988381,43.58329423240376],[21.857045366285654,43.58783606866596],[21.849656941943728,43.59411179608745],[21.86088286874871,43.59755180437292],[21.880412471869324,43.58029771751826],[21.889891933703648,43.56072024018039],[21.886947931872566,43.55610040667798],[21.89437235029394,43.55338483792742],[21.894140850565645,43.54787483944694],[21.900962935464996,43.54529888189781],[21.905702715069594,43.53767585756293],[21.913330443486952,43.535864061239764],[21.913565159264415,43.52784073073353],[21.95552841651311,43.5373786731366],[21.957012408836242,43.54071557213077],[21.97029033805912,43.533020410707785],[21.98241496611809,43.53359948105203],[21.986916269814852,43.541454918006245],[21.952412650330256,43.56803054897261],[21.953927343463867,43.59235287702725],[21.972912544021632,43.59157984256592],[21.985657183396683,43.5851406137061],[21.99569363136392,43.56552311262594],[22.00614350958153,43.56498765433618],[22.011507383531214,43.556089407816856],[22.02767903084447,43.55525464279814],[22.034908210175107,43.550182940146684],[22.026762496575465,43.54260376821338],[22.02263700474956,43.53069006449051],[22.038546595168018,43.52466287943406],[22.04473539590249,43.51065350449253],[22.063180682764468,43.49929573033473],[22.076331614253988,43.50939199756161],[22.095235885928496,43.499951327397724],[22.1042956635622,43.501127690868444],[22.10341479256535,43.49836374798423],[22.114052712846718,43.49200827120714],[22.127954694275385,43.49097413411367],[22.132775349198276,43.482586204744685],[22.12962192061738,43.48286737844424],[22.129735575295147,43.4792901237287],[22.16455721384549,43.470239159642695],[22.189459663669748,43.47258276767527],[22.19898761414002,43.48235142272847],[22.20840543433178,43.482971726216896],[22.237961677032644,43.473234021278046],[22.239225550174964,43.46907349493473],[22.23307172679679,43.460491361039544],[22.240003016590226,43.45399860707704],[22.23606244079804,43.462217285042854],[22.24711215023562,43.462722367990104],[22.26114848544639,43.45710148942634],[22.271880725850515,43.44693665104177],[22.298271702364218,43.47373341350563],[22.303709632075027,43.46644865636287],[22.31507018958664,43.465088858197056],[22.316491379183525,43.458508519975595],[22.319133634958558,43.461298227800775],[22.32343209905693,43.456063625666026],[22.325785779642473,43.45824368711267],[22.335425633027732,43.45310022294969],[22.336608039555916,43.44908530389562],[22.343180211021426,43.44873638980201],[22.345381623521963,43.423351709854956],[22.33881341041267,43.4167744989867],[22.336576705374515,43.41092111684205],[22.33994655571272,43.40118116711933],[22.33159536901846,43.38890029570941],[22.33979976919569,43.38132363925265],[22.331604873740922,43.3732899133213],[22.33385703312464,43.36533502110169],[22.326599500382493,43.357737589029306],[22.331957307264997,43.337826236876424],[22.323193428560167,43.33238758666142],[22.303464815210056,43.32834781491569],[22.28112682425097,43.330750337708366],[22.248611865429847,43.32684168436228],[22.241362249580394,43.33239961591629],[22.213208470985663,43.338544180694655],[22.2066028428269,43.34732308048606],[22.16611811387063,43.35337585141939],[22.138178534607967,43.34757101941611],[22.133385947442044,43.34042437370285],[22.148270433106816,43.33245872020159],[22.141818484427013,43.31876138874957],[22.14939300318293,43.30423893815321],[22.146436157782503,43.29783682850277],[22.155361493004246,43.29672595541996],[22.166989241640323,43.280092979330334],[22.17569146362311,43.276648851428504],[22.167319827859448,43.26614391667753],[22.161394061509014,43.26933440431782],[22.142271366997473,43.26508852105599],[22.145681436238522,43.25838591294031],[22.134829260462265,43.25145244024726],[22.13168396937563,43.23748676067629],[22.122526585083886,43.23421025390943],[22.12188824297001,43.21814018412725],[22.117162315574813,43.208944975460966],[22.19072548566155,43.1722427580926],[22.2119474998192,43.16791565410855],[22.21778595610059,43.161974025858136],[22.215040683603675,43.15695294718669],[22.254283341183115,43.154889158584496],[22.259473556556586,43.162240582278116],[22.267420954674694,43.15160781002038],[22.276065783484377,43.14882526289617],[22.272149131323392,43.13956115389601],[22.28878882001952,43.113411644304925],[22.24976463563851,43.105816289387526],[22.211488194280207,43.06656613329983],[22.21165694706797,43.06204395615357],[22.187402077070463,43.06348742765767],[22.17928846478923,43.06822733945542],[22.174471861456997,43.0625401778709],[22.173045328138194,43.071661044254434],[22.142132771944596,43.068837901662995],[22.136187326592996,43.083884083121546],[22.111048070316162,43.09554574963428],[22.097070056408047,43.110143395214585],[22.089864158661673,43.107619994092445],[22.067153130682826,43.120955504816955],[22.059320485076814,43.127479375983185],[22.061397728094683,43.13131843427804],[22.044529918068044,43.14391490906588],[22.03855532606022,43.142179181904645],[22.039724577361977,43.14864298256766],[22.028514876233945,43.15867179390006],[22.028038511779716,43.16328344108838],[22.017263597741344,43.1525669622895],[21.982512648256474,43.16673348498923],[21.97982826699949,43.160070502186734],[21.97666016767041,43.162165431202354],[21.969562278561376,43.1542290993478],[21.946014526375887,43.14833927461533],[21.944520877898363,43.15616850486633],[21.940955722043764,43.15735036027197],[21.93122311024432,43.14180773378363],[21.913923926349263,43.136185761370704],[21.914483432113983,43.14973096878325],[21.889325817577483,43.17076497760725],[21.884651540197435,43.1673802133481],[21.886121833810908,43.161839900706056],[21.873208875970803,43.16033142353994],[21.86153461591012,43.150855940373695],[21.83270818463535,43.15503312269182],[21.811374302115663,43.154338553016395],[21.803794604634426,43.150239061367515],[21.7945240470452,43.1554757396523],[21.806079324066943,43.16524059929074],[21.80794052220906,43.17303061546579],[21.780129972951748,43.19890784265152],[21.77471343769635,43.22154923371249],[21.782617215615005,43.221679421216365],[21.785392914031164,43.2255535991668],[21.774939807502854,43.2474065928311],[21.77545009570904,43.25579954858269],[21.749814029696786,43.26156379139234],[21.73758996610687,43.25778451618935],[21.72802915194287,43.26830688348708],[21.704660148163246,43.264814852798594],[21.71118707846227,43.237091533395706],[21.70485060195213,43.21947709252414],[21.69452788942492,43.21991785646036],[21.690178266432785,43.22717792054985],[21.68274501554789,43.228168355588764],[21.66315675024156,43.24218746319933],[21.64948894042751,43.2413212297847],[21.64522056075536,43.249485594471786],[21.62972630429314,43.25413404977261],[21.623556247626386,43.259861103463194],[21.62433848539869,43.264292135845906],[21.61796972960389,43.267456631639725],[21.62093457405176,43.273869157048395],[21.64186791811747,43.286497609369135],[21.626683103131256,43.28303228176997],[21.60583173616683,43.2938190938181],[21.602943493304082,43.303049577238525],[21.58574799473342,43.3239870093653],[21.587458625719666,43.34289765824986],[21.59415350962802,43.34834238651889],[21.59432171265318,43.358573786426255],[21.600002552005645,43.36236968563648],[21.596625072677167,43.373376914845565],[21.590720079240636,43.36399311025154],[21.58053284504582,43.357754142457345],[21.575607451988756,43.36044157442403],[21.559798627737596,43.35715306470673],[21.52156528443415,43.367533930698876],[21.49927033235657,43.368654895180406],[21.48022535192446,43.378963447568935],[21.48076145829969,43.38454135376773],[21.499739054436027,43.386956157991285],[21.514200091040987,43.39408338670605],[21.52627435397502,43.405214342314345],[21.527303561260425,43.4108749985581],[21.53601478001658,43.41353747230673],[21.54398451893382,43.411172492748],[21.566559765871823,43.42241430706619],[21.58048858296639,43.441126333668564],[21.571358459483864,43.44769295365775],[21.56099812028908,43.44874820856114],[21.563210945722457,43.45364038880594],[21.556566150852056,43.45666710627587],[21.547560299508692,43.471981077375546],[21.562909068181632,43.49733560932342],[21.577118143870642,43.53347822641072],[21.570489344136554,43.54256134192496],[21.55182452049393,43.5461285816959],[21.543382086198424,43.56850269170643],[21.548811994581605,43.574425369174584],[21.535764802164493,43.581355603486415],[21.52929064310076,43.591528154455936],[21.528846851337356,43.59619538624739],[21.543710017804266,43.60966347854925],[21.544122760284,43.61503504431499],[21.529714966711367,43.60934358142674],[21.516503749140302,43.61810977100334],[21.510933515393752,43.60706852731745],[21.50389510545297,43.60535335551627],[21.488334019269036,43.612257995091795],[21.49101074005479,43.619795057088055],[21.503734505955844,43.617616110753445],[21.506953192451782,43.62228649080631],[21.49698704888703,43.62702007132464],[21.485442257868428,43.623302897559505],[21.484472308593922,43.628375032076285],[21.48981105978297,43.63554206236399],[21.488661696087707,43.644937187736204],[21.475194818704544,43.662554454725395],[21.46585843644961,43.65760756913103],[21.46834248856811,43.65965229178169],[21.46112021447465,43.670211042479465],[21.46381457442222,43.68338161167586],[21.478323803575623,43.68851936044586],[21.475367554453626,43.69050383237134],[21.477800894800875,43.69624003679155],[21.48952787861157,43.69563549628275],[21.49810419914863,43.68860003994357],[21.502599001208907,43.707367236227476],[21.51165595187733,43.71349102936117],[21.52427180145273,43.71356201491635],[21.52629213888743,43.72161720535012],[21.521115419628803,43.72989550776673],[21.51214860300229,43.731758630936],[21.502776575784743,43.74223015661254],[21.48618319248311,43.74130858745253],[21.478010917817876,43.75192488925618],[21.481669918360293,43.76336160189306],[21.47747604341526,43.766214009386],[21.484349551749542,43.779407787887024],[21.507676144640072,43.786781281899],[21.509197635052,43.79528267117683],[21.520653400111893,43.78934027259437],[21.557355874509597,43.81142071513037],[21.58326191726674,43.81050565157767],[21.589047689533544,43.8156252831243],[21.6147993780246,43.808784426146886],[21.65657037792127,43.818865671460756]]]}},{"type":"Feature","properties":{"kod":21,"ime":"TOPLIČKI UPRAVNI OKRUG","rap":7},"geometry":{"type":"Polygon","coordinates":[[[21.351996341833335,43.40670944376003],[21.382270741035633,43.39430873731216],[21.392633516373895,43.39794276977161],[21.40810210370937,43.39656145931243],[21.413264191716987,43.401733014626515],[21.432631463516365,43.39777768168437],[21.45253448719925,43.38596393252919],[21.465224028653303,43.383014642799104],[21.474336815170513,43.38602488271963],[21.478297717486953,43.3793815352312],[21.49927033235657,43.368654895180406],[21.52156528443415,43.367533930698876],[21.559798627737596,43.35715306470673],[21.575607451988756,43.36044157442403],[21.58053284504582,43.357754142457345],[21.590720079240636,43.36399311025154],[21.596606676046704,43.37338853383946],[21.600002552005645,43.36236968563648],[21.59432171265318,43.358573786426255],[21.59415350962802,43.34834238651889],[21.587458625719666,43.34289765824986],[21.58574799473342,43.3239870093653],[21.602943493304082,43.303049577238525],[21.60583173616683,43.2938190938181],[21.626683103131256,43.28303228176997],[21.63475909696702,43.28654558934265],[21.64186791811747,43.286497609369135],[21.617278626512007,43.26930783854033],[21.6257860519464,43.26244547811074],[21.625882277699088,43.25715503963053],[21.644178201984467,43.250284471676146],[21.64948894042751,43.2413212297847],[21.659904659944615,43.24366984826604],[21.68274501554789,43.228168355588764],[21.690178266432785,43.22717792054985],[21.69452788942492,43.21991785646036],[21.7018138592728,43.21878076788036],[21.70609009728868,43.220876903076324],[21.71118707846227,43.237091533395706],[21.704660148163246,43.264814852798594],[21.72802915194287,43.26830688348708],[21.73758996610687,43.25778451618935],[21.749814029696786,43.26156379139234],[21.77545009570904,43.25579954858269],[21.774939807502854,43.2474065928311],[21.785392914031164,43.2255535991668],[21.782617215615005,43.221679421216365],[21.77471343769635,43.22154923371249],[21.781530744567977,43.194563349346474],[21.787859707306332,43.19504357874915],[21.80867304800769,43.17094248324547],[21.7945240470452,43.1554757396523],[21.814560006464614,43.14646328350653],[21.820681580269895,43.134743172777696],[21.805097139008666,43.13394443063154],[21.804853427510995,43.12540181955616],[21.770213949233806,43.10620699802084],[21.73228915100834,43.10150024746373],[21.729731545924746,43.09414495173069],[21.69957256067096,43.08687816875694],[21.691562110518973,43.082050850826],[21.69239222310301,43.07648239779227],[21.67731250917853,43.06799827283992],[21.653341084175334,43.061550844358905],[21.648362554629593,43.066805173383536],[21.628288836948432,43.06608250092065],[21.62917283821115,43.06256577790403],[21.609668301320283,43.044144346378005],[21.590933325482258,43.03746334919129],[21.587898910953754,43.04098367896761],[21.567822475862293,43.04028603556148],[21.529815422831902,43.03057111164137],[21.528324070859497,43.02303335145949],[21.51894442551736,43.01997797503159],[21.50675681819456,43.00759042301014],[21.496327440672474,43.006933353441134],[21.483650570491914,42.998127490879305],[21.448646178402047,42.9882296280333],[21.44764389596987,42.985322687005834],[21.45649539417224,42.98076195749993],[21.464261121660538,42.96866082376154],[21.46566187250948,42.95203371687146],[21.472628685082455,42.94603658007183],[21.46875987117696,42.93507349171218],[21.45747137677469,42.93019238919828],[21.44896680216634,42.91817671317383],[21.452744317196096,42.9136515596747],[21.459936691499557,42.913613848145474],[21.44921464778559,42.91096766872409],[21.457777804454945,42.90423739272146],[21.451198077245028,42.894692523837456],[21.455068175518925,42.888985646619474],[21.443491266614295,42.88813815000171],[21.443066253561163,42.87720690660216],[21.435134241139462,42.87232688105103],[21.40246755837633,42.87467442430191],[21.394521135207192,42.871611874585966],[21.392909109934347,42.86711239391489],[21.38544381402192,42.8665335128366],[21.38018873781161,42.87231507161704],[21.36105902058628,42.872313696677],[21.358146905338238,42.877809677719945],[21.350024756198824,42.880958641824186],[21.35126405442829,42.88747277379645],[21.34405306600538,42.890924231598156],[21.344764854238083,42.89597426692999],[21.339858902129805,42.90045037806189],[21.304546589478083,42.90612007619885],[21.299801959003606,42.901186996355065],[21.287066986905828,42.900947506111926],[21.282285945638485,42.89515841579854],[21.27115351421566,42.897196194195786],[21.270349265869406,42.91006061777544],[21.24525800773822,42.93389376073323],[21.235689017286077,42.950391299410775],[21.234382275985155,42.9592379097068],[21.24384318444323,42.98090013376864],[21.237693487269407,42.98974458884327],[21.23781372541041,43.00551994626837],[21.225175929070666,43.020362140469594],[21.197257752094377,43.02336383962388],[21.191983633997328,43.01512299555671],[21.193008148024614,43.00795351507139],[21.171167519474164,43.0004322921396],[21.163371300486933,43.01468646957603],[21.16770631021651,43.02626198623174],[21.155715097105922,43.02956093876848],[21.152222012642472,43.040249142800846],[21.1529594543783,43.06012355381184],[21.139603131667087,43.082163293515144],[21.149874988393556,43.091030041482114],[21.137241411466636,43.113481176930165],[21.113377593022914,43.111180222591436],[21.10267192309551,43.11735307093863],[21.08856260233053,43.13574926948731],[21.07898513749532,43.129119763526184],[21.079253954954996,43.118232892260735],[21.075820932482305,43.11502709020563],[21.050283234565573,43.107524050909184],[21.025401165661624,43.12945722914391],[21.014024562153864,43.134388060897855],[20.99524567812063,43.13834387896981],[20.976912152096187,43.13569756976671],[20.968010325980757,43.13072078845701],[20.969276793599924,43.12638302555094],[20.965155031620718,43.12440636662852],[20.93355205194515,43.13422106781416],[20.929044871845587,43.14418079637506],[20.923568865242405,43.146048925400876],[20.92508502500843,43.153249136706165],[20.932139727132594,43.15758155744842],[20.946317264731075,43.178860681540584],[20.959971775978588,43.180225321221585],[20.9788487795776,43.1945560572211],[20.970456888844314,43.201875369349146],[20.974425910829087,43.21163140145248],[20.96737198148377,43.21659550475401],[20.966088706117404,43.225129070211494],[20.969819273118734,43.23245036299005],[20.965516776091583,43.23820946202711],[20.97927760023736,43.248207429212044],[20.987733751247937,43.24772915904935],[20.987857815635124,43.27036262720202],[21.003373502770895,43.27196522603354],[21.026054590904337,43.26181234298027],[21.033898054318104,43.268949464801885],[21.052223199636437,43.274031958151554],[21.06876477023494,43.266108158813765],[21.06863371508121,43.26095882919071],[21.086930659151506,43.24956554649432],[21.120880216631527,43.25142224909889],[21.130271914860458,43.26254200627062],[21.148452726194197,43.2675760360843],[21.147093740396443,43.2791730685587],[21.150112648215014,43.28194683852594],[21.166640283615145,43.28211969824748],[21.164162790887744,43.29413101928157],[21.17219277487322,43.30748014164148],[21.173337122956795,43.317681427188845],[21.186451398180655,43.31967772036538],[21.192424263604973,43.32909715347704],[21.215768826596896,43.34001044941012],[21.207977141577018,43.36086043327705],[21.223247658081483,43.3684698762827],[21.22377166524954,43.37586081623284],[21.230109321512185,43.37807093415911],[21.23896019537573,43.37349177949213],[21.252610054601313,43.3734281451672],[21.2547690212466,43.379036859447666],[21.263338028160817,43.38225311194566],[21.28162686584006,43.38329694517718],[21.28388259718674,43.39119090988278],[21.295775041769,43.38875257516828],[21.314216492512095,43.395869024403765],[21.34145730519792,43.39920921831475],[21.351996341833335,43.40670944376003]]]}},{"type":"Feature","properties":{"kod":22,"ime":"PIROTSKI UPRAVNI OKRUG","rap":7},"geometry":{"type":"Polygon","coordinates":[[[22.66662843667952,43.402778546192025],[22.68701706920727,43.393687803878215],[22.723122361861062,43.395472519114605],[22.76796476739281,43.37662773080297],[22.769945859896225,43.3636137068171],[22.7853760052115,43.354902776293194],[22.795077164542562,43.34263237279778],[22.827710737427456,43.32887639641073],[22.83102290891403,43.31231044963648],[22.845466811775758,43.29671913322064],[22.842309673730757,43.28640120630791],[22.848569658840923,43.27545593429194],[22.858900276457117,43.274334864241624],[22.868975096088768,43.26740266570418],[22.870505096788452,43.25463319893412],[22.896301912589163,43.23078914413559],[22.896331757202358,43.226912874716334],[22.920051685204424,43.21871310113597],[22.941218725335155,43.202484994786126],[22.96146486448112,43.20687508624321],[23.00620223564267,43.19290238168087],[23.005710640329173,43.186180250357566],[22.986398971836383,43.16667304889348],[22.99740821085465,43.15584417135514],[22.993697012453268,43.15063118409018],[22.99507266004814,43.1361488847954],[22.984712338581733,43.121027550067595],[22.983237089929688,43.111484725764626],[22.95272888659353,43.09241189286426],[22.93325285107528,43.08830100208087],[22.918435158844005,43.080069393771474],[22.909186524560976,43.05577776124937],[22.899781585301476,43.04827770057255],[22.898395136888904,43.03621986896321],[22.86253446867055,43.02141560861413],[22.84927331788171,43.004731771715136],[22.783836634210942,42.98163137729431],[22.786654059616765,42.968359074993494],[22.782657700073877,42.964390520293534],[22.785136422611906,42.95848129476763],[22.780706529567514,42.955337782701406],[22.782329003729,42.95045085848928],[22.778824881968017,42.95312019807428],[22.768511089741008,42.947861105184536],[22.772250641386186,42.93588107485818],[22.779935972728236,42.931825172842686],[22.777799833198273,42.92559947853829],[22.773562849809636,42.91834238133961],[22.76027158225386,42.91114093268909],[22.759670012649536,42.90260433321013],[22.752996681068197,42.89922807928088],[22.754303227386664,42.894618969517616],[22.746497047960933,42.88749667204101],[22.737486553420595,42.88471789294183],[22.73001169122677,42.88872408665142],[22.72088192748121,42.88498347224418],[22.71379695501161,42.8869542328696],[22.705243981722344,42.87941492487917],[22.697371021530838,42.8843888315842],[22.69558888303158,42.87870086925902],[22.68147213877169,42.87215761224967],[22.678344720776078,42.86534673047612],[22.674413253391855,42.86843549122278],[22.67438885423339,42.87539997719602],[22.660815357448783,42.88199986586389],[22.652846792103148,42.88320114077828],[22.640350512435273,42.87798655970416],[22.619540906204737,42.89606030748477],[22.6039644999276,42.891888211167874],[22.596508983979128,42.894209857372005],[22.59172313685043,42.89056258872713],[22.584101780648382,42.89219936430908],[22.574291529687095,42.87868601124409],[22.572124585480307,42.871459608027585],[22.575427383067357,42.86290888709234],[22.53643097918439,42.88212593336277],[22.521503266806334,42.87647346545909],[22.51528735570815,42.86835748032397],[22.490457907134196,42.88077007069226],[22.44834114099862,42.88254826725709],[22.433762864690138,42.89087857902814],[22.416922566857757,42.89238807051457],[22.392878529979246,42.90703964028289],[22.395187941102346,42.911358887857304],[22.391980431273545,42.91747673187966],[22.372095079036143,42.92722663164955],[22.366474867705758,42.93459740614975],[22.383568494133186,42.9393081245761],[22.390346260980255,42.95371616577313],[22.35977861541855,42.97407519998909],[22.336436636123324,42.97521016148138],[22.327336592032836,42.98127953680172],[22.317633094712928,42.9817428633035],[22.313740308735184,42.98731881514361],[22.29753877909808,42.98717957227521],[22.29295590983308,42.98880418751849],[22.294493875805514,42.99357357145127],[22.280895801674724,43.00015823281294],[22.261374520740343,42.999948372964326],[22.254634730737166,42.99399226945884],[22.236216394483247,43.01318261976916],[22.20899249796756,43.01550627975302],[22.209513971066748,43.01911935993329],[22.194789616923938,43.026189242192146],[22.220561034198848,43.04618607715254],[22.256728637276264,43.06231479865973],[22.25698606090522,43.06566788288311],[22.24553047222248,43.06815252469917],[22.22678476887487,43.080067088065434],[22.246806133134974,43.103208312771976],[22.262227417901396,43.10991366149872],[22.28198906310005,43.110431377274196],[22.289792358908354,43.1156227406036],[22.272149131323392,43.13956115389601],[22.276065783484377,43.14882526289617],[22.267420954674694,43.15160781002038],[22.259473556556586,43.162240582278116],[22.254283341183115,43.154889158584496],[22.215040683603675,43.15695294718669],[22.21778595610059,43.161974025858136],[22.2119474998192,43.16791565410855],[22.19072548566155,43.1722427580926],[22.117162315574813,43.208944975460966],[22.12188824297001,43.21814018412725],[22.122526585083886,43.23421025390943],[22.13168396937563,43.23748676067629],[22.134829260462265,43.25145244024726],[22.145681436238522,43.25838591294031],[22.142271366997473,43.26508852105599],[22.161394061509014,43.26933440431782],[22.167319827859448,43.26614391667753],[22.17569146362311,43.276648851428504],[22.166989241640323,43.280092979330334],[22.15841575544653,43.29444014295993],[22.14537063461201,43.29950231322431],[22.14939300318293,43.30423893815321],[22.141818484427013,43.31876138874957],[22.148270433106816,43.33245872020159],[22.133385947442044,43.34042437370285],[22.138178534607967,43.34757101941611],[22.164512008108478,43.353321703248575],[22.193419192980553,43.35015685711064],[22.2066028428269,43.34732308048606],[22.213208470985663,43.338544180694655],[22.241362249580394,43.33239961591629],[22.248611865429847,43.32684168436228],[22.28112682425097,43.330750337708366],[22.31248779697522,43.32910405895786],[22.331957307264997,43.337826236876424],[22.326599500382493,43.357737589029306],[22.333706592772074,43.364906418260645],[22.3315204569685,43.373131752398336],[22.33886288289656,43.377574389153814],[22.338911319611377,43.38559586919172],[22.368988129163974,43.38114163924856],[22.389817385625665,43.36494710812683],[22.395092405067054,43.369461901724726],[22.41250515660641,43.36708147912151],[22.42672103968108,43.35390396369455],[22.444165661879623,43.35355354413407],[22.45025329135262,43.3495623528046],[22.468836004165592,43.356849104666665],[22.47704717533361,43.3655286681965],[22.476031867935944,43.36895107941472],[22.48627293008603,43.372762456819075],[22.49431520498702,43.368468413155426],[22.50022259759932,43.355195242599166],[22.51487924351191,43.34777461665577],[22.514586029387672,43.343964201913835],[22.52152953288632,43.34329745127333],[22.524649451022782,43.33416148596188],[22.53818184154471,43.33796306982254],[22.580839885099138,43.32533817854194],[22.581743583782337,43.32973207509143],[22.573523811657594,43.339066328088826],[22.576643381312582,43.35307083428929],[22.6244984936998,43.374502404568545],[22.6355360844278,43.39455400318017],[22.642367849075498,43.39873238681544],[22.66662843667952,43.402778546192025]]]}},{"type":"Feature","properties":{"kod":23,"ime":"JABLANIČKI UPRAVNI OKRUG","rap":7},"geometry":{"type":"Polygon","coordinates":[[[21.887579999650075,43.17041984272123],[21.914483432113983,43.14973096878325],[21.913923926349263,43.136185761370704],[21.93122311024432,43.14180773378363],[21.940955722043764,43.15735036027197],[21.944520877898363,43.15616850486633],[21.946014526375887,43.14833927461533],[21.969562278561376,43.1542290993478],[21.97666016767041,43.162165431202354],[21.97982826699949,43.160070502186734],[21.982512648256474,43.16673348498923],[22.017263597741344,43.1525669622895],[22.028038511779716,43.16328344108838],[22.028514876233945,43.15867179390006],[22.039724577361977,43.14864298256766],[22.03855532606022,43.142179181904645],[22.044529918068044,43.14391490906588],[22.061397728094683,43.13131843427804],[22.059320485076814,43.127479375983185],[22.067153130682826,43.120955504816955],[22.089864158661673,43.107619994092445],[22.097070056408047,43.110143395214585],[22.111048070316162,43.09554574963428],[22.136187326592996,43.083884083121546],[22.142132771944596,43.068837901662995],[22.145907319734473,43.06781851553766],[22.17142886229967,43.07195661061137],[22.174330264235643,43.062551171787405],[22.17928846478923,43.06822733945542],[22.187402077070463,43.06348742765767],[22.210989263768123,43.06188897030265],[22.222672316329497,43.078885744727366],[22.22894277327139,43.07964616735356],[22.257060078442585,43.062959414661584],[22.220561034198848,43.04618607715254],[22.20420778814095,43.03453465382934],[22.19477946732279,43.026222565476566],[22.200286153622248,43.02130848343499],[22.209513971066748,43.01911935993329],[22.210132009879793,43.01518730811627],[22.236216394483247,43.01318261976916],[22.254634730737166,42.99399226945884],[22.261374520740343,42.999948372964326],[22.280895801674724,43.00015823281294],[22.294493875805514,42.99357357145127],[22.29295590983308,42.98880418751849],[22.29753877909808,42.98717957227521],[22.313740308735184,42.98731881514361],[22.317633094712928,42.9817428633035],[22.327336592032836,42.98127953680172],[22.336436636123324,42.97521016148138],[22.35977861541855,42.97407519998909],[22.390346260980255,42.95371616577313],[22.383568494133186,42.9393081245761],[22.366474867705758,42.93459740614975],[22.372213303580317,42.92713879049867],[22.39248253840554,42.91702293159241],[22.392878529979246,42.90703964028289],[22.416922566857757,42.89238807051457],[22.433762864690138,42.89087857902814],[22.44834114099862,42.88254826725709],[22.468266427216832,42.88359906566836],[22.497826286723992,42.87849045638853],[22.50131024220434,42.87312886206541],[22.517495827954377,42.866231839869336],[22.515748122779236,42.856810538106764],[22.474492915305788,42.83152881108654],[22.46538190416879,42.833541665606646],[22.44585147232614,42.824734836357955],[22.421838930268333,42.821556078379686],[22.412638254846197,42.81388855685128],[22.407921571506794,42.81522841167998],[22.40573197514582,42.809987173237005],[22.389881988254345,42.80852534703677],[22.37528400883257,42.813603022118556],[22.378326690757795,42.80456846831406],[22.373549814331245,42.799894390968966],[22.37316754850175,42.792737653350656],[22.354284584143358,42.78067909203298],[22.33380198460376,42.77537590353754],[22.316797256737196,42.77668964596181],[22.315349791234677,42.772196712680056],[22.30361813947426,42.7709673698349],[22.294700844874,42.76229979427767],[22.291682608465713,42.74893310794518],[22.273621981607636,42.748423178859234],[22.269151904272523,42.75589944853484],[22.253003298534964,42.75147719329312],[22.23145443177272,42.758561269480644],[22.21329774634401,42.778212343411255],[22.21713040170763,42.78313242867896],[22.205468064935168,42.79856948061879],[22.195394110059958,42.79664113370152],[22.198218217340486,42.7881630819778],[22.1856535008453,42.78053219673882],[22.160581448996854,42.79703261819728],[22.169781801112446,42.80526975459044],[22.185666610562265,42.80349983507553],[22.177371851637076,42.80967493668779],[22.150606650756668,42.80940087215981],[22.129268968027734,42.792090047593064],[22.114425794135098,42.79636981123729],[22.10155715075438,42.80339240399153],[22.11770708473519,42.81358368605113],[22.108871120522238,42.83219575094709],[22.103084093945686,42.83281804959236],[22.091478488096225,42.82571420710432],[22.087433284149476,42.829231128564345],[22.071176241708162,42.829665323985665],[22.043695162874357,42.81400401180279],[22.028490314168128,42.81189850047118],[22.01683440931936,42.813155358451844],[22.01066911960224,42.830105606046864],[22.002802073454127,42.829761865076556],[21.986131320341823,42.82045607030083],[21.9837624105001,42.80136231875926],[21.977655554623638,42.7958932581305],[21.97144595570925,42.80145805360561],[21.955105845663013,42.790331247516164],[21.946874994726308,42.790573055153125],[21.941305232260856,42.79656616086745],[21.92293098155624,42.79516185874903],[21.912956002035134,42.7894191033163],[21.896425716922106,42.79225385926266],[21.871339200074406,42.784148220664655],[21.86632656737928,42.78986837415585],[21.85312799806325,42.784989072666576],[21.821075506178445,42.78422780999419],[21.818900865225423,42.77582505608589],[21.80772837597225,42.76849644027889],[21.817981043313328,42.760476793825525],[21.812377366434504,42.75634613877468],[21.80049639927391,42.75685661153072],[21.802842248193755,42.74674617551978],[21.785586283960402,42.74209766376323],[21.78379176258859,42.734445609382874],[21.788547974518618,42.73001952654345],[21.788988486980635,42.71878695156883],[21.775817089155087,42.70317404978084],[21.77642448315106,42.699377699581994],[21.756367136618216,42.70362010493387],[21.71533530179645,42.689916692725],[21.703306961077473,42.692736777445155],[21.679129748602854,42.68871229566859],[21.67156323685932,42.68316066469411],[21.673067369161316,42.676863227728624],[21.66940007363947,42.67153075563176],[21.660374702110555,42.665469923439886],[21.644209087225576,42.680098208718356],[21.638310421620268,42.698095828564824],[21.63138686691853,42.700459782945444],[21.618651221512692,42.69518640066643],[21.595268623019447,42.70424755194957],[21.587248973115646,42.70358430212827],[21.593379116877735,42.71800005833703],[21.592314875545238,42.72617975319628],[21.571433921585243,42.72782762023323],[21.559483691595325,42.7377157473968],[21.551973597929635,42.7308046344604],[21.542221538518408,42.729068283605116],[21.540558071431075,42.72307050935512],[21.501500923608614,42.73354907058112],[21.479347384336467,42.74766406001204],[21.46746959814724,42.73629710316614],[21.451681306211288,42.74506129636036],[21.44910621912271,42.750154601188555],[21.417905335170914,42.74416791413988],[21.392977197839002,42.74514770972253],[21.389183177119506,42.758252502591354],[21.407554545941636,42.766832143572415],[21.411296546973908,42.77613722570791],[21.408356658762017,42.787716795694024],[21.413307041258072,42.79031871921668],[21.406417469210687,42.79464298804464],[21.41002956521287,42.80524771572591],[21.42273374421064,42.80581499374324],[21.424729729747387,42.810637782542564],[21.417911654738315,42.817245286625855],[21.417156822793302,42.82527988205281],[21.42423069892227,42.83258298528995],[21.42360749789405,42.847119900690714],[21.43712303979549,42.851557024271344],[21.434423447726907,42.86961751572791],[21.443066253561163,42.87720690660216],[21.44259538589317,42.88717386433922],[21.45525155092493,42.88944565738934],[21.451198077245028,42.894692523837456],[21.457777804454945,42.90423739272146],[21.44921464778559,42.91096766872409],[21.459936691499557,42.913613848145474],[21.452744317196096,42.9136515596747],[21.44896680216634,42.91817671317383],[21.45747137677469,42.93019238919828],[21.46875987117696,42.93507349171218],[21.47252808253415,42.94498902868591],[21.46566187250948,42.95203371687146],[21.464261121660538,42.96866082376154],[21.45649539417224,42.98076195749993],[21.44764389596987,42.985322687005834],[21.448646178402047,42.9882296280333],[21.483650570491914,42.998127490879305],[21.496327440672474,43.006933353441134],[21.50675681819456,43.00759042301014],[21.51894442551736,43.01997797503159],[21.528324070859497,43.02303335145949],[21.529815422831902,43.03057111164137],[21.538161969384714,43.033840604248915],[21.567822475862293,43.04028603556148],[21.587898910953754,43.04098367896761],[21.590933325482258,43.03746334919129],[21.612915962909327,43.04580674010951],[21.62917283821115,43.06256577790403],[21.627537304066504,43.06584690832222],[21.648362554629593,43.066805173383536],[21.653341084175334,43.061550844358905],[21.666436485819197,43.06437676298336],[21.69239222310301,43.07648239779227],[21.691562110518973,43.082050850826],[21.69957256067096,43.08687816875694],[21.729731545924746,43.09414495173069],[21.731669875396534,43.10130815198266],[21.77514540578436,43.108275343521406],[21.804853427510995,43.12540181955616],[21.805097139008666,43.13394443063154],[21.820681580269895,43.134743172777696],[21.814560006464614,43.14646328350653],[21.80623307521838,43.150488010248274],[21.811335818766143,43.15432937449808],[21.83373145025093,43.15494489317019],[21.855391565665766,43.14957070452765],[21.873208875970803,43.16033142353994],[21.886121833810908,43.161839900706056],[21.887579999650075,43.17041984272123]]]}},{"type":"Feature","properties":{"kod":24,"ime":"PČINJSKI UPRAVNI OKRUG","rap":7},"geometry":{"type":"Polygon","coordinates":[[[22.106907389991285,42.83163802889171],[22.11770708473519,42.81358368605113],[22.10155715075438,42.80339240399153],[22.11342401773273,42.79683337348654],[22.129268968027734,42.792090047593064],[22.150606650756668,42.80940087215981],[22.177371851637076,42.80967493668779],[22.185666610562265,42.80349983507553],[22.169781801112446,42.80526975459044],[22.161073520080027,42.796245020496855],[22.186980388596698,42.78025837964241],[22.198218217340486,42.7881630819778],[22.195394110059958,42.79664113370152],[22.206112695646087,42.798331017441676],[22.21713040170763,42.78313242867896],[22.21329774634401,42.778212343411255],[22.230950644758188,42.75888348922722],[22.255664072917344,42.75117822959913],[22.269151904272523,42.75589944853484],[22.274588472042204,42.74832380578772],[22.291682608465713,42.74893310794518],[22.29480083367659,42.76243648322062],[22.30361813947426,42.7709673698349],[22.315349791234677,42.772196712680056],[22.31624972400083,42.77654813998218],[22.33380198460376,42.77537590353754],[22.361257528644057,42.78360437378476],[22.3745503590857,42.79480065764807],[22.373549814331245,42.799894390968966],[22.378326690757795,42.80456846831406],[22.37528400883257,42.813603022118556],[22.389881988254345,42.80852534703677],[22.40573197514582,42.809987173237005],[22.407921571506794,42.81522841167998],[22.412638254846197,42.81388855685128],[22.421838930268333,42.821556078379686],[22.430939864019116,42.82072067531281],[22.44136556353331,42.82555932189365],[22.44089073799089,42.80574980810991],[22.448800399593758,42.802397475997246],[22.449547343302495,42.79573595054756],[22.455905392185464,42.793096101369514],[22.46002092921214,42.777706210404475],[22.476296565757277,42.76734142499875],[22.487106873180174,42.748799262592435],[22.5005977986602,42.74209091033246],[22.495912147120837,42.73211806080147],[22.496621773783783,42.72260269604085],[22.48650928430483,42.72153083680756],[22.47565846753054,42.710184845937135],[22.4721580122212,42.695098311841285],[22.4585524105062,42.68963054191708],[22.460549016172727,42.683662370421494],[22.46974581281355,42.68192559252217],[22.47595381285302,42.67573918049671],[22.472699713516132,42.66692761283056],[22.458729186794457,42.65509602781221],[22.461454877162723,42.64852043587165],[22.453913931471593,42.64652481148722],[22.467616389702044,42.64079116203907],[22.464889638459514,42.63253833691126],[22.458352882463238,42.631240957467774],[22.449789815579674,42.59518807272477],[22.440569020514765,42.588540589451114],[22.439076700281966,42.5655093732051],[22.451582192251166,42.56693593785606],[22.47102347461762,42.56194249015477],[22.477321414829973,42.55386978839529],[22.492171984190023,42.54624852502661],[22.49894314331311,42.535479498494574],[22.52447535729909,42.525107158885106],[22.547592192510262,42.507077458073695],[22.559238954748444,42.480309426032655],[22.543608758942636,42.463131247747256],[22.54047698193384,42.454048415107586],[22.54391587987559,42.4487044249962],[22.53554193556091,42.43152757334807],[22.535313292813466,42.42118998936215],[22.52296431464819,42.412799986296186],[22.521142172572965,42.39780886910862],[22.477966401896477,42.39414610635965],[22.480590267492463,42.38025396046914],[22.469270908701187,42.37601550624744],[22.459533577946527,42.36201299975783],[22.46325604945158,42.34489288505523],[22.455173652397583,42.33336798368567],[22.432276579278877,42.322943488650104],[22.42385692550285,42.333652204694836],[22.415735741035395,42.32929168981649],[22.40376908833906,42.33259808804427],[22.401272438916255,42.32632728351213],[22.369681936956596,42.32168201272178],[22.36582715995442,42.32396124243338],[22.360219413578413,42.31109610730762],[22.356533106886214,42.31140361827893],[22.350783354465186,42.317986881656886],[22.333303217815434,42.32123488657437],[22.32258167854044,42.33409416090553],[22.31434487596056,42.3327297047998],[22.292174955784645,42.34965581458896],[22.29509991870299,42.36254366331598],[22.299055640173652,42.364938966412986],[22.293982696894737,42.37390438498299],[22.272945365602695,42.361288351537226],[22.259916412908904,42.36601716069224],[22.251794212719084,42.3607323968315],[22.252996057965518,42.35370495870719],[22.249307460179896,42.3495747279337],[22.236170733520172,42.34950673502094],[22.244152530169124,42.3463422251954],[22.229541391320407,42.33565643897225],[22.194769215856798,42.339865519116366],[22.1815258305344,42.33255586160199],[22.181515419050353,42.325300383161576],[22.16649495498371,42.312287594213565],[22.145471796569698,42.32142255910934],[22.132791567295467,42.307251955071045],[22.11895442044898,42.315032644606404],[22.101352960600295,42.30541741298172],[22.074169281243886,42.303364685234996],[22.065584894067854,42.298501488263604],[22.061003412120865,42.30368541766203],[22.045114729625617,42.30742275726151],[22.031897246560373,42.298126499001626],[22.023075491924207,42.300626973127756],[22.01764495889887,42.30796816148813],[21.996988588724403,42.320693303837686],[21.978448788773257,42.326113203341045],[21.94599340478019,42.34458861364014],[21.933037523851116,42.34064351020436],[21.928303533062994,42.3100124717924],[21.899165702453615,42.30119076083475],[21.892622169378935,42.30070194044578],[21.883171781116822,42.31334806348552],[21.86887713240608,42.309366223130425],[21.865635854082058,42.317565261628864],[21.851643586337786,42.32580507314474],[21.83809811361366,42.323615981847894],[21.833779512575802,42.32056601255612],[21.835747534885495,42.31151263378962],[21.815313276294702,42.29380692426348],[21.803588900993972,42.29367576442217],[21.795084571441862,42.298627995471115],[21.78952266422674,42.28457918876589],[21.777863291156983,42.27592863906029],[21.78104218244903,42.27254085946947],[21.775087526436963,42.271471295694596],[21.77969848215618,42.26823496296274],[21.77713166681478,42.26500852134128],[21.772522468155145,42.26825534632589],[21.773201822142198,42.264341849641916],[21.769070493357027,42.2661660622118],[21.76522910120713,42.25966503135977],[21.756925015535533,42.25693029773681],[21.727328679173418,42.26452961605973],[21.725497379056883,42.25789244453566],[21.71486691518749,42.25443597498493],[21.712272781398163,42.2412768315803],[21.699270822945785,42.23144655647953],[21.684278017472295,42.24213838553472],[21.666171615587615,42.242133425088234],[21.65779293864873,42.248923833114404],[21.59354072512144,42.25760248870661],[21.586958082379844,42.26280701659045],[21.590006299912275,42.26716373022995],[21.583361422169524,42.27555983354242],[21.58445734154343,42.28302211173397],[21.561828170492245,42.29883395021193],[21.565681039643337,42.299841200211624],[21.563153754372184,42.30156480444343],[21.56579680178239,42.30978877860356],[21.559146818383297,42.31537430830171],[21.541841337044342,42.30890670541768],[21.538497583434868,42.31896066832769],[21.53288539968697,42.31980935198807],[21.53688417876833,42.32093513375627],[21.524836445147727,42.32544881708663],[21.525259666776936,42.3419379348412],[21.53536358832484,42.35971752744262],[21.53179943911473,42.36642614230885],[21.540430213471016,42.373372045935206],[21.552254434753717,42.362391121017914],[21.56132382010229,42.36783791883634],[21.571377446392866,42.362703305248175],[21.579478406617767,42.367876554739354],[21.574299069800087,42.37558821758602],[21.58414173450802,42.38171730314632],[21.594902750332093,42.38383284197248],[21.605919393483298,42.37530000806925],[21.620674430892105,42.377992947554034],[21.62750308621164,42.39223168374905],[21.637201078644388,42.39877076843089],[21.635678731399608,42.40358240141675],[21.644918034010725,42.40835549800633],[21.646498818767544,42.41330240676425],[21.6366320918835,42.421728798130346],[21.637763839431727,42.42929320079967],[21.622403736040116,42.4531297379337],[21.657957638296935,42.47607417857601],[21.657841062459774,42.48370775834647],[21.671229597935177,42.484343722159],[21.667120695756086,42.49281753175728],[21.69106000272714,42.502693809903306],[21.69379861825334,42.5053882989251],[21.692018702223443,42.515640596204584],[21.70754448924761,42.51314980045482],[21.71061171920421,42.51656719569481],[21.693350583567668,42.53939417819381],[21.70130339567101,42.540845271548335],[21.706937433320753,42.54987121746909],[21.72842982050159,42.54710480520036],[21.747644059117004,42.558905290093676],[21.744777524313246,42.56509762122933],[21.747656043359672,42.580727890449076],[21.733859200156743,42.60116941035853],[21.742816072314568,42.60888869976633],[21.750909250923417,42.6073887640936],[21.75762845289224,42.619496743200976],[21.752129850602138,42.62852055275794],[21.759459754517376,42.63783181981833],[21.770990664029995,42.63437276875814],[21.779256382928683,42.64671786924951],[21.789936613109916,42.65126327131465],[21.77134474671242,42.66730424087889],[21.771734209377275,42.676895345023745],[21.759713515170542,42.683780954055045],[21.753369080447282,42.700861063870576],[21.75780424853605,42.70368474701205],[21.77642448315106,42.699377699581994],[21.775817089155087,42.70317404978084],[21.788988486980635,42.71878695156883],[21.788547974518618,42.73001952654345],[21.78379176258859,42.734445609382874],[21.785586283960402,42.74209766376323],[21.802842248193755,42.74674617551978],[21.80049639927391,42.75685661153072],[21.812377366434504,42.75634613877468],[21.817981043313328,42.760476793825525],[21.80772837597225,42.76849644027889],[21.818900865225423,42.77582505608589],[21.821075506178445,42.78422780999419],[21.85312799806325,42.784989072666576],[21.86632656737928,42.78986837415585],[21.871339200074406,42.784148220664655],[21.896425716922106,42.79225385926266],[21.912956002035134,42.7894191033163],[21.92293098155624,42.79516185874903],[21.941305232260856,42.79656616086745],[21.946874994726308,42.790573055153125],[21.955105845663013,42.790331247516164],[21.97144595570925,42.80145805360561],[21.977487356093256,42.79586301162487],[21.982233093748388,42.79869927635166],[21.986131320341823,42.82045607030083],[22.002802073454127,42.829761865076556],[22.01066911960224,42.830105606046864],[22.01683440931936,42.813155358451844],[22.028490314168128,42.81189850047118],[22.043695162874357,42.81400401180279],[22.071176241708162,42.829665323985665],[22.087433284149476,42.829231128564345],[22.091478488096225,42.82571420710432],[22.106907389991285,42.83163802889171]]]}},{"type":"Feature","properties":{"kod":25,"ime":"KOSOVSKI UPRAVNI OKRUG","rap":9},"geometry":{"type":"Polygon","coordinates":[[[20.99524567812063,43.13834387896981],[21.025401165661624,43.12945722914391],[21.050283234565573,43.107524050909184],[21.075820932482305,43.11502709020563],[21.079253954954996,43.118232892260735],[21.07898513749532,43.129119763526184],[21.08856260233053,43.13574926948731],[21.10267192309551,43.11735307093863],[21.113377593022914,43.111180222591436],[21.137241411466636,43.113481176930165],[21.149874988393556,43.091030041482114],[21.139603131667087,43.082163293515144],[21.1529594543783,43.06012355381184],[21.152222012642472,43.040249142800846],[21.155715097105922,43.02956093876848],[21.16770631021651,43.02626198623174],[21.163371300486933,43.01468646957603],[21.171167519474164,43.0004322921396],[21.193008148024614,43.00795351507139],[21.191983633997328,43.01512299555671],[21.197257752094377,43.02336383962388],[21.225175929070666,43.020362140469594],[21.23781372541041,43.00551994626837],[21.237693487269407,42.98974458884327],[21.24384318444323,42.98090013376864],[21.234382275985155,42.9592379097068],[21.235689017286077,42.950391299410775],[21.24525800773822,42.93389376073323],[21.270349265869406,42.91006061777544],[21.27115351421566,42.897196194195786],[21.282285945638485,42.89515841579854],[21.287066986905828,42.900947506111926],[21.299801959003606,42.901186996355065],[21.304546589478083,42.90612007619885],[21.316051387546178,42.90186009841973],[21.330934444264503,42.90258556105797],[21.342058366534125,42.89951972464148],[21.34405306600538,42.890924231598156],[21.35126405442829,42.88747277379645],[21.350024756198824,42.880958641824186],[21.365188238739012,42.87091064368004],[21.376914769631604,42.873041406283846],[21.38544381402192,42.8665335128366],[21.392909109934347,42.86711239391489],[21.394521135207192,42.871611874585966],[21.40246755837633,42.87467442430191],[21.435102427087664,42.87225894371061],[21.43712303979549,42.851557024271344],[21.42360749789405,42.847119900690714],[21.42423069892227,42.83258298528995],[21.41725814522715,42.82617414009542],[21.417911654738315,42.817245286625855],[21.424729729747387,42.810637782542564],[21.42273374421064,42.80581499374324],[21.41002956521287,42.80524771572591],[21.406417469210687,42.79464298804464],[21.413307041258072,42.79031871921668],[21.408356658762017,42.787716795694024],[21.411296546973908,42.77613722570791],[21.407554545941636,42.766832143572415],[21.389183177119506,42.758252502591354],[21.392977197839002,42.74514770972253],[21.417905335170914,42.74416791413988],[21.44910621912271,42.750154601188555],[21.451681306211288,42.74506129636036],[21.46746959814724,42.73629710316614],[21.479007944644337,42.747697709863196],[21.498208877759925,42.737390886354554],[21.47480024060329,42.699653054777585],[21.441825688023656,42.703622591316346],[21.433107239566148,42.71193894449316],[21.425787687236575,42.70711635334609],[21.414997325705937,42.70672071107706],[21.41349047927145,42.699093132154744],[21.425163847237286,42.69461904519304],[21.426763629076145,42.683093539578074],[21.4436364836721,42.67919170414113],[21.46899414371257,42.66235065201065],[21.461013855584497,42.660530052706584],[21.465745580416634,42.65142093744237],[21.45584164105755,42.64663946265104],[21.455719200498887,42.62968264626659],[21.427531605329534,42.62260886931004],[21.419619274388417,42.63253667909698],[21.411635220943484,42.6233022127197],[21.390735269635435,42.63367377399444],[21.379650623308933,42.62413482022298],[21.370025999246927,42.62266202001275],[21.349757509614708,42.58830601235409],[21.344679933490543,42.58553218474963],[21.336273746013422,42.589810367622356],[21.324467668702557,42.566197609148745],[21.30599391980338,42.566022561999596],[21.305504068136184,42.5602532712364],[21.297232726213117,42.561028391226436],[21.28224339435003,42.541442830006375],[21.2844036993309,42.53157066220344],[21.296532487390976,42.526014002969966],[21.303104404488543,42.52735704850668],[21.29754820914606,42.51071348111356],[21.314184571967246,42.49193107936449],[21.30931946940615,42.48764674098746],[21.310383327186376,42.48387735835586],[21.301973487223016,42.48149425139875],[21.277834659059625,42.48409569300164],[21.273887221156865,42.48084521553633],[21.274491279912624,42.476936097106815],[21.2822248914634,42.473756669871854],[21.277266538381365,42.46219396965996],[21.28122072838721,42.45713821270358],[21.275195329801942,42.44961904462573],[21.28719392135593,42.42946283323591],[21.291170429892013,42.4311811706996],[21.304171263572886,42.42075528224856],[21.29654683108129,42.39201647630292],[21.306513501898714,42.37910122448215],[21.306688407493528,42.37210045676119],[21.30230569891989,42.3669950272929],[21.290204083743603,42.37275800172377],[21.27093062016308,42.36687485438299],[21.268037763424307,42.36129673197264],[21.248491582591992,42.3627531587062],[21.249631066966078,42.353150067439934],[21.24506058614113,42.341451349929656],[21.258849542496066,42.33378163152135],[21.25920387474726,42.32572643524115],[21.28309677992039,42.333569339934606],[21.282246992659665,42.326786730716165],[21.287057109133208,42.31912761211657],[21.26765320728935,42.31015400766336],[21.25827955710181,42.2980828474888],[21.260843487907042,42.286047686411585],[21.275252309717345,42.27876183538151],[21.288114183584366,42.260190988209196],[21.310056538882467,42.258857340898736],[21.33770530131524,42.248993460044474],[21.34166416814455,42.258006187236745],[21.360767530306315,42.24383476728103],[21.377252303175258,42.2374459000242],[21.369694182777373,42.227262020927206],[21.37129670948338,42.22423815946803],[21.358385392315157,42.2207504721492],[21.345807915713568,42.20477483442482],[21.33835584969762,42.20365624120433],[21.335048152500452,42.20743056001956],[21.331064221705194,42.199059942167096],[21.335212079507528,42.19030681124562],[21.326933917857616,42.17614165080925],[21.31728778769899,42.170141774644634],[21.32100162198058,42.16072392212512],[21.30793497382193,42.14457169007204],[21.303831032595284,42.14513579579981],[21.30235236254761,42.13848863856018],[21.30659296900723,42.133990779826505],[21.303386014248083,42.132370042712665],[21.310369765793855,42.1279243759317],[21.321134257810787,42.10791986539541],[21.30352954133225,42.1044506011827],[21.297386413799366,42.11252536921048],[21.291363535130902,42.10507085185979],[21.268360148077267,42.094655259295514],[21.248939873526325,42.090752439698015],[21.24454258921386,42.094658239800005],[21.233469186101125,42.09528261231023],[21.233045573341,42.09830769919802],[21.222759517051507,42.09360022658224],[21.212572340254876,42.110935848227605],[21.216838014708276,42.12394600949662],[21.214530298643695,42.132735534824256],[21.200150043081287,42.15112493868888],[21.180605799642297,42.166733505264915],[21.168256941899536,42.18553386423652],[21.17119670411527,42.18688629945511],[21.158097446202436,42.19811962476753],[21.125365482481424,42.20217849097919],[21.119108706242738,42.20680281306562],[21.103773745349034,42.2058685601287],[21.091313619879227,42.19418552542168],[21.061485441924358,42.18139914235882],[21.049341343237007,42.166223501397425],[21.043253781320573,42.1660741432707],[21.02643854669237,42.15222989935031],[21.009239592446686,42.1504869446167],[20.982087847947824,42.13900201430546],[20.97956807084535,42.13975004532828],[20.985343438870427,42.149825729066414],[20.98382177193938,42.1571775493465],[20.97235885376876,42.176465045084235],[20.936857597770018,42.19024400618844],[20.871912227289368,42.199939545892356],[20.865831692418062,42.202773100402716],[20.862274094521194,42.212258164129246],[20.87458684533215,42.218672716681574],[20.869182602704107,42.22801983752022],[20.879336958231754,42.241951856605],[20.89786255120864,42.237201261388456],[20.90559092778966,42.23949788090353],[20.946862152296497,42.26730554760913],[20.98117194698032,42.27797949972394],[20.978877434352597,42.29525473835893],[20.984692511665706,42.308137474768145],[20.974087840318127,42.32781475731493],[20.980726647694453,42.338978221516584],[20.97420546125946,42.346624766090464],[20.971813827425102,42.36379726778829],[20.96169671246947,42.37434074929499],[20.94172125310267,42.37778076540215],[20.933465502796157,42.38488712122673],[20.94021885659265,42.39021222948966],[20.957359094463776,42.38753761696081],[20.96458878977023,42.393140017997545],[20.964521397689893,42.397259390012124],[20.949248317804674,42.39834795395649],[20.94438585217757,42.40619256431857],[20.95035037511591,42.412485984985096],[20.97585363494998,42.42291581889426],[20.95687911879871,42.43535832313429],[20.950012703098047,42.449421937988554],[20.906326686549573,42.46028875821826],[20.90534262924773,42.46708856707591],[20.925631903484433,42.47499021064202],[20.90380104450304,42.473684340075216],[20.89801838674247,42.48503125209281],[20.884696823014536,42.49132212650113],[20.85916951851553,42.48563480203794],[20.855196695037208,42.4888733354535],[20.859031373075126,42.496138843141644],[20.858429953275248,42.510857585121094],[20.83422883312365,42.50863632856957],[20.8203351793471,42.51368571346731],[20.784375909633095,42.51238235626704],[20.78521106223658,42.51705897613636],[20.80242593497468,42.523825390050156],[20.798185031657237,42.54142478302771],[20.803876288089832,42.54937717998884],[20.80816878758899,42.54818496476193],[20.804706599355907,42.55439690709759],[20.81171891071387,42.566137988929256],[20.78874127148496,42.573249445402965],[20.786014844883944,42.579897431758454],[20.79666616932596,42.5857558979667],[20.803995323719263,42.59557525750401],[20.794379658351314,42.60342670135311],[20.765891111694383,42.60610061750796],[20.769436556222516,42.614581361585465],[20.7654654925564,42.62723968506589],[20.775146393250775,42.64498321040233],[20.770885905234564,42.658119236660376],[20.80499857788596,42.66320693805536],[20.81137040395923,42.66066856910433],[20.824339611714922,42.66863562273093],[20.814945644171036,42.68246010756306],[20.822220448785608,42.691045467619716],[20.835635940328483,42.69481708766605],[20.843634538512397,42.704712548162206],[20.864177095276023,42.700724853156245],[20.871898031813696,42.69070772013414],[20.884085063228028,42.685537760966575],[20.892052754074218,42.69748905436633],[20.910930186746143,42.71346363881214],[20.922879527880788,42.71063949651184],[20.945944972219436,42.72269659297226],[20.95136657439303,42.71052544992784],[20.966909767226035,42.699335440276606],[20.97446372805349,42.68425109190866],[20.989810701118763,42.68724555166951],[21.011759852389446,42.6988270644553],[21.01787788462677,42.70594894362913],[21.028544623006002,42.70802802396571],[21.035941945997408,42.71680698784769],[21.048946142392587,42.718354081345154],[21.049285509779896,42.7263887765784],[21.06756017203879,42.73060806574051],[21.06002500048741,42.73608567813185],[21.076633775196704,42.757836168813185],[21.073543189771144,42.76523124369216],[21.06763859761092,42.76765611695557],[21.07221291830124,42.77304687059554],[21.063119731106298,42.77077824466941],[21.0681053249711,42.78271193684406],[21.083616974483814,42.795035167673475],[21.119674053376205,42.80807831224556],[21.1201295423633,42.81522137076166],[21.107325389032212,42.83022839112593],[21.097557797527596,42.83502836421884],[21.09656983025348,42.83942350560159],[21.082809909505876,42.84226031645681],[21.085751361140623,42.85127630048817],[21.074250359953385,42.88990562692443],[21.05916073447953,42.906124999456225],[21.06303418272481,42.90917651419071],[21.060362180741354,42.914656499815415],[21.06656144671322,42.91655012891158],[21.08067363159918,42.94027704205649],[21.086902293467404,42.973278258992345],[21.079648083949856,42.9771348366466],[21.081081919928312,42.98119650556469],[21.055976439267784,43.020952934693305],[21.043573200137573,43.02462848549733],[21.03935527193049,43.03111602438315],[21.030549281654142,43.03193612822714],[21.031983214151445,43.047600483836355],[21.01503537388841,43.059885355860594],[21.011211059558637,43.06857569631402],[21.00383815558345,43.06926464886888],[21.008558514228305,43.101158852552345],[20.994849000834286,43.1090055923344],[20.975051720688963,43.1110308779021],[20.968467479830892,43.125336334311555],[20.96794029225266,43.13064352586073],[20.976912152096187,43.13569756976671],[20.99524567812063,43.13834387896981]]]}},{"type":"Feature","properties":{"kod":26,"ime":"PEĆKI UPRAVNI OKRUG","rap":9},"geometry":{"type":"Polygon","coordinates":[[[20.575377680410767,42.88860084454547],[20.6190678944993,42.87450844078727],[20.61875107336144,42.86503181063856],[20.629711904045212,42.858124393636885],[20.632711293550315,42.839729576310575],[20.65304986857574,42.839914848817465],[20.65404570066834,42.82838140298539],[20.6460471033758,42.807489203088146],[20.647725720603297,42.790807751916645],[20.643585568257375,42.781116562488265],[20.63120696286126,42.77555903737935],[20.637849168716233,42.773584911997084],[20.63883191517279,42.764969577378544],[20.654689449258147,42.74536881021258],[20.644590433709958,42.735732955291425],[20.640470050152054,42.723501387882195],[20.62342290703774,42.72435219058305],[20.624173554115384,42.70668983010755],[20.636672144749927,42.70426708394873],[20.63478419881335,42.69300205670782],[20.640099321598512,42.69136701506345],[20.656030223953913,42.67224741552223],[20.6820668480911,42.67552965747641],[20.690100052070875,42.6878355866337],[20.7006569056184,42.67975346646125],[20.708288641767552,42.66026775316183],[20.69978097803465,42.650437255718174],[20.701827461545,42.63121333434344],[20.725137054446176,42.629581926230586],[20.73972999382952,42.61863765535124],[20.74163426468719,42.60814110037224],[20.748021632626124,42.603234780492585],[20.782612267902,42.60606858121429],[20.794379658351314,42.60342670135311],[20.803995323719263,42.59557525750401],[20.79666616932596,42.5857558979667],[20.786014844883944,42.579897431758454],[20.78874127148496,42.573249445402965],[20.81171891071387,42.566137988929256],[20.804706599355907,42.55439690709759],[20.80816878758899,42.54818496476193],[20.803876288089832,42.54937717998884],[20.798185031657237,42.54142478302771],[20.80242593497468,42.523825390050156],[20.78521106223658,42.51705897613636],[20.785500415570603,42.50710804996128],[20.779503171155444,42.502147118079066],[20.74567919945174,42.494190146559895],[20.7372146636925,42.49656922120641],[20.732447858387214,42.50390776097943],[20.72261510237326,42.503024602654904],[20.70354660537598,42.511616237063876],[20.695615387978748,42.51963406909387],[20.698250305838037,42.53062390518135],[20.68078960627376,42.53182550874388],[20.671199503841358,42.53836699272032],[20.6509307007896,42.52564997252234],[20.62025349865463,42.52141431011834],[20.609839321194215,42.52046653230771],[20.607761307760175,42.5258848564657],[20.603024080175153,42.526283864886906],[20.604171124359276,42.52134365181404],[20.570912714878833,42.52495489467604],[20.57260483336103,42.52200770769804],[20.567792741046535,42.519933264009744],[20.559693923766797,42.523066387196565],[20.56176177611591,42.51957124473123],[20.552229790773264,42.51569610567918],[20.543123225409623,42.51703962883387],[20.539558699857132,42.507278635986424],[20.521590567135398,42.50515709740823],[20.511263621766663,42.485552562012266],[20.52057786124829,42.48098559372264],[20.520713124044395,42.47569939388029],[20.511247690872743,42.4761462363783],[20.51111637622553,42.470379310585976],[20.505642758336574,42.46967197094219],[20.50493270062204,42.46582446204399],[20.512577379481165,42.462428738159026],[20.507044432539708,42.45718116060441],[20.51645062344465,42.452271693228724],[20.51390362033459,42.44622070115322],[20.52060413364084,42.4431549106275],[20.519569883235906,42.433470483933],[20.527757687278893,42.4206704478358],[20.523628926747644,42.41288748274401],[20.51537696164334,42.41340739521451],[20.517627918714187,42.41011983676719],[20.509642872815842,42.400822263126614],[20.518485590421328,42.39584219787312],[20.51722233715005,42.391718161241094],[20.524709921941085,42.39373578940083],[20.526313540257178,42.390171313787725],[20.520239851178747,42.38655763350967],[20.522675917051846,42.381782298371505],[20.51618671695135,42.38244569568142],[20.520650266056627,42.36893618906617],[20.528237832286806,42.36971820679933],[20.527532920347216,42.36525307153983],[20.53201865346986,42.36566824616623],[20.547410830718704,42.345479311353984],[20.559148270286293,42.34805808983613],[20.561416706410977,42.34188644635438],[20.573286782435783,42.33904035822187],[20.57479505985744,42.33533769335213],[20.591299863750923,42.33126822374951],[20.604060750064036,42.33295271203649],[20.60899722940719,42.328435424063876],[20.60733567440683,42.314356944560096],[20.58875499949853,42.31183163660064],[20.58648398654897,42.30598936213974],[20.58111247881072,42.30672824692248],[20.574290177265354,42.30163259857008],[20.561169916148003,42.31339378991444],[20.558410347286433,42.31125654620873],[20.566041482883374,42.29315640446943],[20.55124967300481,42.29207833107837],[20.541618589419066,42.28181624941267],[20.518465945850533,42.27445709559355],[20.51475145419516,42.26658450713134],[20.500378670362917,42.25928542291245],[20.478579708177623,42.25227762924643],[20.47530255538581,42.25878517996698],[20.45639190443436,42.27222806260964],[20.404689017639317,42.28466469100459],[20.394757255261897,42.298610322786686],[20.35337500205955,42.30961392391627],[20.353904307616624,42.31718877695538],[20.339127916387167,42.327683870870466],[20.32721261256823,42.32770485366235],[20.305508337571965,42.31490017725819],[20.292688907373364,42.32343995876507],[20.26224926080093,42.31873356468615],[20.247700524018857,42.3230227240279],[20.2423686241219,42.32779985585795],[20.247828830436465,42.33282446629964],[20.246003492681115,42.33710009996912],[20.236049068227548,42.34731453441715],[20.244794467077046,42.352956260903774],[20.245180374031783,42.36998382297369],[20.240216703241817,42.37361665552486],[20.240070128435264,42.38009320540935],[20.207991823797137,42.40159552091158],[20.213994692831378,42.40968922729644],[20.226080790133423,42.41438565109135],[20.226538126858006,42.4234567632225],[20.220615008301632,42.43368424541603],[20.192974084232635,42.452449396468616],[20.19678930196779,42.46244281121699],[20.18243382867421,42.47298819198377],[20.180260928328288,42.48656564877368],[20.16733271266815,42.49574051792654],[20.165033892177085,42.50666692564517],[20.100200046975928,42.53256773711393],[20.088294927454918,42.55065673838387],[20.07625968119506,42.555811680290525],[20.08847479970758,42.576036822897606],[20.086156157470032,42.58743933710514],[20.072801354541607,42.606888263129925],[20.075724057945283,42.620892327196366],[20.089925677777327,42.63090071650927],[20.09700816442771,42.64260869046784],[20.108691302055234,42.647819151938236],[20.111933299955666,42.65539773470507],[20.08856493657802,42.66870524768326],[20.083379667160496,42.680027331321554],[20.054474479003872,42.684686257847645],[20.045060056086133,42.69546949438983],[20.03321683903573,42.697428477770636],[20.03378031698088,42.7114563339122],[20.015891602785278,42.709720883822094],[20.03218165770749,42.72011399416152],[20.018623728314225,42.72440662367173],[20.01457296878898,42.72938598064036],[20.01427642258906,42.74079308001374],[20.023278264792395,42.75180682873431],[20.024643713339046,42.765138373106204],[20.03227893606852,42.764901927456364],[20.042892235653184,42.774350488624094],[20.06037093483406,42.779059332477985],[20.06994202344006,42.774891439964605],[20.09817518250095,42.77670712682253],[20.11497521046691,42.76386083450741],[20.14362484635542,42.75521720244344],[20.146739202813766,42.75460834143417],[20.148872734156956,42.7633540644639],[20.154970773664548,42.768410149685714],[20.19115930489982,42.74528184602749],[20.195728991501536,42.750406875293145],[20.212810604866192,42.746191994681084],[20.221690556872794,42.75260104816174],[20.23430960381991,42.752744157516695],[20.23675935632839,42.756847713635864],[20.250427005867202,42.759165178314916],[20.255446039816896,42.76992608331835],[20.266048704209805,42.778282695365114],[20.262768803140794,42.80416913042353],[20.252352005926106,42.810737713097815],[20.273751351450244,42.819934978241825],[20.281124990385067,42.830678772500235],[20.292386838301486,42.82528143361152],[20.29799608976131,42.83619994073171],[20.315554500603646,42.83604393797526],[20.32007749644886,42.82619456555757],[20.335082228411647,42.83585555825338],[20.36364679027449,42.83226848336169],[20.380115426377575,42.84176511303744],[20.40864299458329,42.84714854678984],[20.4381860230839,42.83318475436962],[20.485837088700105,42.867594116199605],[20.51569365101017,42.87850970397715],[20.53855422993492,42.884057480175024],[20.54845717194877,42.8794535162506],[20.575377680410767,42.88860084454547]]]}},{"type":"Feature","properties":{"kod":27,"ime":"PRIZRENSKI UPRAVNI OKRUG","rap":9},"geometry":{"type":"Polygon","coordinates":[[[20.673255577508925,42.534281456864626],[20.698250305838037,42.53062390518135],[20.695615387978748,42.51963406909387],[20.70354660537598,42.511616237063876],[20.72261510237326,42.503024602654904],[20.732447858387214,42.50390776097943],[20.7372146636925,42.49656922120641],[20.74567919945174,42.494190146559895],[20.779503171155444,42.502147118079066],[20.786471857283082,42.512260644363586],[20.8203351793471,42.51368571346731],[20.83422883312365,42.50863632856957],[20.858429953275248,42.510857585121094],[20.859031373075126,42.496138843141644],[20.855196695037208,42.4888733354535],[20.85916951851553,42.48563480203794],[20.884696823014536,42.49132212650113],[20.89801838674247,42.48503125209281],[20.90380104450304,42.473684340075216],[20.925631903484433,42.47499021064202],[20.90534262924773,42.46708856707591],[20.906326686549573,42.46028875821826],[20.950012703098047,42.449421937988554],[20.95687911879871,42.43535832313429],[20.973866060751735,42.42550702409478],[20.97495443319214,42.42179545311207],[20.95035037511591,42.412485984985096],[20.94438585217757,42.40619256431857],[20.949248317804674,42.39834795395649],[20.964521397689893,42.397259390012124],[20.96458878977023,42.393140017997545],[20.957359094463776,42.38753761696081],[20.94021885659265,42.39021222948966],[20.933465502796157,42.38488712122673],[20.94172125310267,42.37778076540215],[20.96169671246947,42.37434074929499],[20.971813827425102,42.36379726778829],[20.97420546125946,42.346624766090464],[20.980726647694453,42.338978221516584],[20.974087840318127,42.32781475731493],[20.984692511665706,42.308137474768145],[20.978877434352597,42.29525473835893],[20.98117194698032,42.27797949972394],[20.946862152296497,42.26730554760913],[20.90559092778966,42.23949788090353],[20.89786255120864,42.237201261388456],[20.879336958231754,42.241951856605],[20.869182602704107,42.22801983752022],[20.87458684533215,42.218672716681574],[20.862274094521194,42.212258164129246],[20.865831692418062,42.202773100402716],[20.871912227289368,42.199939545892356],[20.936857597770018,42.19024400618844],[20.961922276887908,42.18266589773303],[20.97235885376876,42.176465045084235],[20.985343438870427,42.149825729066414],[20.97956807084535,42.13975004532828],[20.969722263754118,42.13651781079634],[20.94482486339835,42.138070833821764],[20.927940628479668,42.12730203163104],[20.920008692443506,42.12856482982218],[20.91450115283072,42.1153555434551],[20.89154808536437,42.09742107082674],[20.843225248748034,42.09859882587903],[20.834150183859624,42.08594853383267],[20.8025986960657,42.08160423666577],[20.792793060812826,42.08363063226027],[20.784645389845195,42.07887117047866],[20.785987763662867,42.07172497076614],[20.758185329993545,42.053403414069486],[20.765065951688133,42.04528750792535],[20.763550351082095,42.04080657305759],[20.74815524332621,42.02567731718631],[20.751907456862543,42.01525180335295],[20.748768660547352,41.982359665386014],[20.767137756732833,41.96216680512598],[20.766037276201416,41.95360825924575],[20.754815875967214,41.946709135376636],[20.7765381525652,41.918481017655544],[20.755678746771313,41.906032865669744],[20.749724504557463,41.89474416168001],[20.740479788398606,41.89270569612524],[20.727973799406303,41.86424873959904],[20.705932663549824,41.864633986689974],[20.6835111171527,41.857706365600414],[20.682230003296944,41.86546962894652],[20.67342085764916,41.87243780708925],[20.654189159463456,41.87554843998111],[20.622380043662766,41.852445496926165],[20.611064693855027,41.85854637259776],[20.594383583455485,41.87607640931112],[20.593674964413264,41.88444002020053],[20.575768568521735,41.91748870326424],[20.58553379942356,41.917560095630094],[20.590133232901703,41.92669052093479],[20.61943385282009,41.939375390534764],[20.62658079559529,41.96095435812982],[20.624254437496983,41.97429830869276],[20.61182010322009,41.985386019749726],[20.60157345485296,42.01703943056558],[20.59729662519288,42.01967507536198],[20.59455120515992,42.042758845808656],[20.57588812416463,42.058102083212475],[20.56981319356434,42.059031303715415],[20.554580831470563,42.08256173504125],[20.56778709804429,42.09873262659556],[20.560937555267707,42.10860922842817],[20.56817546063853,42.120919214561326],[20.55539561619143,42.1400095535106],[20.558745531598596,42.14619833925296],[20.543072263324373,42.16063632825996],[20.547084500019253,42.16470039502819],[20.542763070230404,42.16619415838045],[20.54254398016178,42.1717026399193],[20.531481644804625,42.18591776704223],[20.52415301474491,42.21042876193885],[20.514674783087386,42.223367031109966],[20.5021442057529,42.22810510960862],[20.49721791592351,42.24039826305015],[20.478579708177623,42.25227762924643],[20.51475145419516,42.26658450713134],[20.518465945850533,42.27445709559355],[20.541618589419066,42.28181624941267],[20.55124967300481,42.29207833107837],[20.566041482883374,42.29315640446943],[20.558410347286433,42.31125654620873],[20.561169916148003,42.31339378991444],[20.574290177265354,42.30163259857008],[20.58111247881072,42.30672824692248],[20.58648398654897,42.30598936213974],[20.58875499949853,42.31183163660064],[20.60733567440683,42.314356944560096],[20.608136385810333,42.31902759746149],[20.60899722940719,42.328435424063876],[20.604060750064036,42.33295271203649],[20.591299863750923,42.33126822374951],[20.57479505985744,42.33533769335213],[20.573286782435783,42.33904035822187],[20.561416706410977,42.34188644635438],[20.559148270286293,42.34805808983613],[20.547410830718704,42.345479311353984],[20.53201865346986,42.36566824616623],[20.527532920347216,42.36525307153983],[20.528237832286806,42.36971820679933],[20.520650266056627,42.36893618906617],[20.51618671695135,42.38244569568142],[20.522675917051846,42.381782298371505],[20.520239851178747,42.38655763350967],[20.526313540257178,42.390171313787725],[20.524709921941085,42.39373578940083],[20.51722233715005,42.391718161241094],[20.518485590421328,42.39584219787312],[20.509642872815842,42.400822263126614],[20.517627918714187,42.41011983676719],[20.51537696164334,42.41340739521451],[20.523628926747644,42.41288748274401],[20.527757687278893,42.4206704478358],[20.519569883235906,42.433470483933],[20.52060413364084,42.4431549106275],[20.51390362033459,42.44622070115322],[20.51645062344465,42.452271693228724],[20.507044432539708,42.45718116060441],[20.512577379481165,42.462428738159026],[20.50493270062204,42.46582446204399],[20.505642758336574,42.46967197094219],[20.51111637622553,42.470379310585976],[20.511247690872743,42.4761462363783],[20.520713124044395,42.47569939388029],[20.52057786124829,42.48098559372264],[20.511263621766663,42.485552562012266],[20.521590567135398,42.50515709740823],[20.539558699857132,42.507278635986424],[20.543123225409623,42.51703962883387],[20.552229790773264,42.51569610567918],[20.56176177611591,42.51957124473123],[20.559693923766797,42.523066387196565],[20.567792741046535,42.519933264009744],[20.57260483336103,42.52200770769804],[20.570912714878833,42.52495489467604],[20.604171124359276,42.52134365181404],[20.603024080175153,42.526283864886906],[20.607761307760175,42.5258848564657],[20.609839321194215,42.52046653230771],[20.62025349865463,42.52141431011834],[20.6509307007896,42.52564997252234],[20.671199503841358,42.53836699272032],[20.673255577508925,42.534281456864626]]]}},{"type":"Feature","properties":{"kod":28,"ime":"KOSOVSKO-MITROVAČKI UPRAVNI OKRUG","rap":9},"geometry":{"type":"Polygon","coordinates":[[[20.803255693471222,43.26766468987059],[20.82840798587855,43.265786792313854],[20.830621882286692,43.26171546712154],[20.83596830018582,43.2616993464972],[20.836964142120216,43.25683772941204],[20.8519814138108,43.25121988204087],[20.861672135043836,43.237881165614155],[20.87698997846022,43.226326555071175],[20.879864645887753,43.21085732007652],[20.88897425384258,43.205046756969104],[20.843552239245124,43.207074703679915],[20.8434800658136,43.19813916694548],[20.855063632520515,43.18914720369702],[20.834178385565345,43.18364174426177],[20.831076590687942,43.17912098260452],[20.83847918930277,43.172986725265204],[20.855977392115808,43.17440000439711],[20.863274353993933,43.16478614765915],[20.881715602657138,43.16694667495363],[20.889321475772746,43.155981933964156],[20.899718839388562,43.15571207802246],[20.908583049944458,43.148224986791995],[20.928749609938215,43.14445891446714],[20.93355205194515,43.13422106781416],[20.968467479830892,43.125336334311555],[20.975051720688963,43.1110308779021],[20.994849000834286,43.1090055923344],[21.008558514228305,43.101158852552345],[21.00383815558345,43.06926464886888],[21.011211059558637,43.06857569631402],[21.01503537388841,43.059885355860594],[21.031983214151445,43.047600483836355],[21.030549281654142,43.03193612822714],[21.03935527193049,43.03111602438315],[21.043573200137573,43.02462848549733],[21.055976439267784,43.020952934693305],[21.081081919928312,42.98119650556469],[21.079648083949856,42.9771348366466],[21.086902293467404,42.973278258992345],[21.08067363159918,42.94027704205649],[21.06656144671322,42.91655012891158],[21.060362180741354,42.914656499815415],[21.06303418272481,42.90917651419071],[21.05916073447953,42.906124999456225],[21.074250359953385,42.88990562692443],[21.085751361140623,42.85127630048817],[21.082809909505876,42.84226031645681],[21.09656983025348,42.83942350560159],[21.097557797527596,42.83502836421884],[21.107325389032212,42.83022839112593],[21.1201295423633,42.81522137076166],[21.119674053376205,42.80807831224556],[21.083616974483814,42.795035167673475],[21.0681053249711,42.78271193684406],[21.063119731106298,42.77077824466941],[21.07221291830124,42.77304687059554],[21.06763859761092,42.76765611695557],[21.073543189771144,42.76523124369216],[21.076633775196704,42.757836168813185],[21.06002500048741,42.73608567813185],[21.06756017203879,42.73060806574051],[21.049285509779896,42.7263887765784],[21.048946142392587,42.718354081345154],[21.035941945997408,42.71680698784769],[21.028544623006002,42.70802802396571],[21.01787788462677,42.70594894362913],[21.011759852389446,42.6988270644553],[20.989810701118763,42.68724555166951],[20.97446372805349,42.68425109190866],[20.966909767226035,42.699335440276606],[20.95136657439303,42.71052544992784],[20.945944972219436,42.72269659297226],[20.922879527880788,42.71063949651184],[20.910930186746143,42.71346363881214],[20.892052754074218,42.69748905436633],[20.884085063228028,42.685537760966575],[20.871898031813696,42.69070772013414],[20.864177095276023,42.700724853156245],[20.843634538512397,42.704712548162206],[20.835635940328483,42.69481708766605],[20.819433559745477,42.68924383046525],[20.814945644171036,42.68246010756306],[20.824339611714922,42.66863562273093],[20.812534823665718,42.66116579783439],[20.771723505151254,42.65950311076636],[20.775146393250775,42.64498321040233],[20.7654654925564,42.62723968506589],[20.769436556222516,42.614581361585465],[20.765891111694383,42.60610061750796],[20.750165870211305,42.60284564023755],[20.74163426468719,42.60814110037224],[20.73972999382952,42.61863765535124],[20.725137054446176,42.629581926230586],[20.701827461545,42.63121333434344],[20.69978097803465,42.650437255718174],[20.708288641767552,42.66026775316183],[20.7006569056184,42.67975346646125],[20.692592941777107,42.68644311503228],[20.68687381331832,42.6859068344052],[20.6820668480911,42.67552965747641],[20.67698065625694,42.673482228163564],[20.656030223953913,42.67224741552223],[20.640099321598512,42.69136701506345],[20.63478419881335,42.69300205670782],[20.636672144749927,42.70426708394873],[20.624173554115384,42.70668983010755],[20.62342290703774,42.72435219058305],[20.640470050152054,42.723501387882195],[20.644590433709958,42.735732955291425],[20.654689449258147,42.74536881021258],[20.63883191517279,42.764969577378544],[20.637849168716233,42.773584911997084],[20.63120696286126,42.77555903737935],[20.643585568257375,42.781116562488265],[20.647725720603297,42.790807751916645],[20.6460471033758,42.807489203088146],[20.65404570066834,42.82838140298539],[20.65304986857574,42.839914848817465],[20.632711293550315,42.839729576310575],[20.629711904045212,42.858124393636885],[20.61875107336144,42.86503181063856],[20.6190678944993,42.87450844078727],[20.575377680410767,42.88860084454547],[20.54845717194877,42.8794535162506],[20.53568281205363,42.88504274401007],[20.535293982823394,42.88909932494986],[20.520452231629893,42.893562187516515],[20.52061239772041,42.898157422792416],[20.505506641248655,42.905313841343094],[20.49986852859226,42.91770024855251],[20.48456653877957,42.93378881821938],[20.492897710658287,42.94041434660321],[20.499587858442574,42.95677177026635],[20.513674498193833,42.965581215977814],[20.51459152207713,42.97063256054207],[20.5355944966825,42.9747089595497],[20.539749537363647,42.96384849885184],[20.546405872216436,42.96103553961624],[20.554448583122635,42.96873420558959],[20.551905820833625,42.975635320631476],[20.56482990759951,42.984557885892166],[20.567850370526944,42.99649499794535],[20.581220319426347,43.00195499990284],[20.58137728042564,43.01275171575694],[20.590823867197486,43.01703473969029],[20.61765408805064,43.017552085923136],[20.617337454470793,43.00306471369253],[20.629864142761193,43.009123073299136],[20.64050281642796,43.00682963317447],[20.636862533585838,43.016368825497054],[20.641023401714133,43.02237316810156],[20.650997651118562,43.02209714291966],[20.652157048738893,43.033479915581076],[20.66925078643181,43.035121392793954],[20.671383469446386,43.03908374302781],[20.670462762528985,43.04746062750464],[20.665458968002138,43.04963694804998],[20.670522619446082,43.05556568785768],[20.66910369365415,43.065270553394846],[20.661900906433303,43.06675198414865],[20.656253845398354,43.07369586326026],[20.662155520607833,43.07840788235062],[20.68357302261021,43.08174388264997],[20.692646014507904,43.090709337402046],[20.687351961421555,43.10253757414991],[20.69307922940771,43.10553950029673],[20.692758933588458,43.109137242355416],[20.68513996435985,43.12295438595778],[20.657626360874787,43.137996014081274],[20.66203149186192,43.14427799207276],[20.658208042893346,43.1540772937976],[20.611360167517788,43.1695988360464],[20.60780622655485,43.17518965850748],[20.613914792919267,43.18015040151594],[20.611476420017706,43.18771269637771],[20.59483864967993,43.20670789850918],[20.600529583591232,43.210813023558046],[20.615291034128735,43.204310501632705],[20.633248008079903,43.20967865762009],[20.637265569902265,43.206715457675585],[20.652488769529047,43.21108500693593],[20.671571422826887,43.20861817112704],[20.68771784195169,43.213654518943535],[20.688604215200122,43.21835323874781],[20.699347847270193,43.22518284764699],[20.709470774771567,43.227217686603495],[20.728185885282993,43.24865132150739],[20.76126469193834,43.24399855531941],[20.769288646097348,43.24757764758266],[20.77818575693273,43.2419722755808],[20.792182360102576,43.24427079153152],[20.792234983383402,43.259383465846255],[20.803255693471222,43.26766468987059]]]}},{"type":"Feature","properties":{"kod":29,"ime":"KOSOVSKO-POMORAVSKI UPRAVNI OKRUG","rap":9},"geometry":{"type":"Polygon","coordinates":[[[21.564511317801646,42.73154093497056],[21.581266340027902,42.725281586154644],[21.592314875545238,42.72617975319628],[21.593379116877735,42.71800005833703],[21.587248973115646,42.70358430212827],[21.595268623019447,42.70424755194957],[21.618651221512692,42.69518640066643],[21.63138686691853,42.700459782945444],[21.638310421620268,42.698095828564824],[21.644209087225576,42.680098208718356],[21.660374702110555,42.665469923439886],[21.673067369161316,42.676863227728624],[21.674280632713316,42.68721013468675],[21.703306961077473,42.692736777445155],[21.71533530179645,42.689916692725],[21.753102354195292,42.701069329339425],[21.759713515170542,42.683780954055045],[21.771734209377275,42.676895345023745],[21.77134474671242,42.66730424087889],[21.789936613109916,42.65126327131465],[21.779256382928683,42.64671786924951],[21.770990664029995,42.63437276875814],[21.759459754517376,42.63783181981833],[21.752129850602138,42.62852055275794],[21.75762845289224,42.619496743200976],[21.750909250923417,42.6073887640936],[21.742816072314568,42.60888869976633],[21.733859200156743,42.60116941035853],[21.747656043359672,42.580727890449076],[21.744777524313246,42.56509762122933],[21.747644059117004,42.558905290093676],[21.72842982050159,42.54710480520036],[21.706937433320753,42.54987121746909],[21.70130339567101,42.540845271548335],[21.693350583567668,42.53939417819381],[21.71061171920421,42.51656719569481],[21.70754448924761,42.51314980045482],[21.692018702223443,42.515640596204584],[21.69379861825334,42.5053882989251],[21.69106000272714,42.502693809903306],[21.667120695756086,42.49281753175728],[21.671229597935177,42.484343722159],[21.657841062459774,42.48370775834647],[21.657957638296935,42.47607417857601],[21.622403736040116,42.4531297379337],[21.637763839431727,42.42929320079967],[21.6366320918835,42.421728798130346],[21.646498818767544,42.41330240676425],[21.644918034010725,42.40835549800633],[21.635678731399608,42.40358240141675],[21.637201078644388,42.39877076843089],[21.62750308621164,42.39223168374905],[21.620674430892105,42.377992947554034],[21.605919393483298,42.37530000806925],[21.59439823484282,42.383898204655246],[21.574299069800087,42.37558821758602],[21.579478406617767,42.367876554739354],[21.571377446392866,42.362703305248175],[21.56132382010229,42.36783791883634],[21.552254434753717,42.362391121017914],[21.540430213471016,42.373372045935206],[21.53179943911473,42.36642614230885],[21.53536358832484,42.35971752744262],[21.525259666776936,42.3419379348412],[21.524836445147727,42.32544881708663],[21.53688417876833,42.32093513375627],[21.53288539968697,42.31980935198807],[21.538497583434868,42.31896066832769],[21.541841337044342,42.30890670541768],[21.559146818383297,42.31537430830171],[21.56579680178239,42.30978877860356],[21.563153754372184,42.30156480444343],[21.565681039643337,42.299841200211624],[21.561828170492245,42.29883395021193],[21.58445734154343,42.28302211173397],[21.582166267900718,42.27962808803957],[21.589428619583753,42.26478477354846],[21.569072520130835,42.250737401082425],[21.544918148980496,42.253608680748414],[21.53600538117222,42.247694672448674],[21.52847280018115,42.250264321035026],[21.521010494062445,42.24719440029534],[21.51769653818483,42.25947094354472],[21.520234624301867,42.26055249821386],[21.511121794600328,42.26592485651982],[21.511139468572253,42.27032375771027],[21.470804696224647,42.280010117867754],[21.45665762631613,42.276475824548044],[21.44828736979693,42.279026758143274],[21.43999303483558,42.274191598830996],[21.440390489433998,42.26231179410081],[21.43245876177026,42.25925074723674],[21.434920109041578,42.24960952586535],[21.443557419490404,42.24126844960945],[21.44434637934561,42.23494799107992],[21.43840450582299,42.232895103291995],[21.417235114563297,42.24576082739327],[21.413791314773423,42.243910996160835],[21.401294157622186,42.24914531434607],[21.38312891566194,42.245534267731195],[21.3856737544288,42.241435934891534],[21.3796287729163,42.23709711765292],[21.360767530306315,42.24383476728103],[21.34166416814455,42.258006187236745],[21.33770530131524,42.248993460044474],[21.310056538882467,42.258857340898736],[21.288114183584366,42.260190988209196],[21.275252309717345,42.27876183538151],[21.260843487907042,42.286047686411585],[21.25827955710181,42.2980828474888],[21.26765320728935,42.31015400766336],[21.287057109133208,42.31912761211657],[21.282246992659665,42.326786730716165],[21.28309677992039,42.333569339934606],[21.25920387474726,42.32572643524115],[21.258849542496066,42.33378163152135],[21.24506058614113,42.341451349929656],[21.250352379568785,42.36479662380415],[21.268037763424307,42.36129673197264],[21.27093062016308,42.36687485438299],[21.290204083743603,42.37275800172377],[21.30230569891989,42.3669950272929],[21.306688407493528,42.37210045676119],[21.306513501898714,42.37910122448215],[21.29654683108129,42.39201647630292],[21.304171263572886,42.42075528224856],[21.291170429892013,42.4311811706996],[21.28719392135593,42.42946283323591],[21.275195329801942,42.44961904462573],[21.28122072838721,42.45713821270358],[21.277266538381365,42.46219396965996],[21.2822248914634,42.473756669871854],[21.274491279912624,42.476936097106815],[21.273887221156865,42.48084521553633],[21.277834659059625,42.48409569300164],[21.301973487223016,42.48149425139875],[21.310383327186376,42.48387735835586],[21.30931946940615,42.48764674098746],[21.314184571967246,42.49193107936449],[21.29754820914606,42.51071348111356],[21.303104404488543,42.52735704850668],[21.296532487390976,42.526014002969966],[21.2844036993309,42.53157066220344],[21.283395046091737,42.54430682285753],[21.297232726213117,42.561028391226436],[21.306699659648352,42.5612213040929],[21.30599391980338,42.566022561999596],[21.324467668702557,42.566197609148745],[21.336273746013422,42.589810367622356],[21.344679933490543,42.58553218474963],[21.349757509614708,42.58830601235409],[21.370025999246927,42.62266202001275],[21.379650623308933,42.62413482022298],[21.390735269635435,42.63367377399444],[21.411635220943484,42.6233022127197],[21.419619274388417,42.63253667909698],[21.427531605329534,42.62260886931004],[21.455719200498887,42.62968264626659],[21.45584164105755,42.64663946265104],[21.465745580416634,42.65142093744237],[21.461013855584497,42.660530052706584],[21.46899414371257,42.66235065201065],[21.4436364836721,42.67919170414113],[21.426763629076145,42.683093539578074],[21.425163847237286,42.69461904519304],[21.41349047927145,42.699093132154744],[21.414997325705937,42.70672071107706],[21.425787687236575,42.70711635334609],[21.433107239566148,42.71193894449316],[21.441825688023656,42.703622591316346],[21.47480024060329,42.699653054777585],[21.498209775786204,42.73738403108069],[21.502528521123775,42.73317875107179],[21.540558071431075,42.72307050935512],[21.542221538518408,42.729068283605116],[21.551973597929635,42.7308046344604],[21.559242950493807,42.73763194575932],[21.564511317801646,42.73154093497056]]]}},{"type":"Feature","properties":{"kod":12,"ime":"ŠUMADIJSKI UPRAVNI OKRUG","rap":7},"geometry":{"type":"Polygon","coordinates":[[[20.465985495522638,44.44234847416418],[20.47485650133864,44.434776490781445],[20.482025437921166,44.43397449101678],[20.49581341482764,44.42021768362643],[20.506173135309492,44.41882014330536],[20.51586966096522,44.424248584048634],[20.548816759770425,44.416638266952546],[20.547205011472,44.41037369429195],[20.5529799940196,44.407293295498924],[20.55418686279628,44.39992888200979],[20.5463051901951,44.3903675582254],[20.5522239887533,44.37874465274554],[20.571230481896357,44.38674608455329],[20.616501538165018,44.39527787781735],[20.61821453999939,44.40112234186875],[20.625201477463023,44.40051217674853],[20.633334009063905,44.39749090073896],[20.63539406366101,44.391665772600156],[20.632143307635907,44.38696089654728],[20.63598486206285,44.386822847292706],[20.634710179839796,44.380661901932754],[20.638313457167047,44.379701994740344],[20.634970932754896,44.37406837613704],[20.63929233651531,44.37350179098598],[20.64433252151975,44.360126652400716],[20.648736548210035,44.36536301533244],[20.660016803748224,44.35859680513942],[20.655474206846925,44.35225000962793],[20.667861815854135,44.34994196553522],[20.699813934586718,44.36052516494206],[20.70698544478003,44.35563610379389],[20.717025504167,44.360421438730455],[20.723073276322626,44.35838141134302],[20.7173733763434,44.34853405895828],[20.735272298580675,44.34641264032819],[20.74402228255064,44.349151861328444],[20.769539990999665,44.32809689050115],[20.786686878718044,44.325126647894386],[20.785474993870498,44.32233210097697],[20.78646686789246,44.31979066770417],[20.804364538207615,44.321218181265714],[20.834283016896126,44.31648792489734],[20.831456643283534,44.3024342019506],[20.82643212216077,44.30080088172517],[20.837310548771526,44.283448541353096],[20.854596147888966,44.28204165133477],[20.858112499881926,44.28494613082432],[20.868918254331195,44.274652030361864],[20.86894665806521,44.27886529502247],[20.875038746552633,44.27981779577289],[20.881403837433073,44.27549937147345],[20.883439358369873,44.26854893528059],[20.898371196543653,44.271487698032935],[20.901776020037904,44.27616784830192],[20.908729911064324,44.26932987858422],[20.912958248178406,44.27156195183045],[20.92839743823316,44.267215564655075],[20.926894166763034,44.26965998989816],[20.934324101230622,44.274148300503846],[20.95096531566247,44.2727398857356],[20.95897317010831,44.27455970124771],[20.959716041707267,44.27810289613546],[20.973940360205944,44.27355195504781],[20.980024682304766,44.278683076112266],[20.98843124918377,44.27828354710084],[20.98513669412486,44.27261652316741],[20.988787521333066,44.266212735052044],[20.986651066643436,44.2579475650373],[20.993326766257834,44.25537556360842],[20.988515885245754,44.25300404542985],[21.003014322097584,44.24603040001338],[21.046025610013135,44.23265076843064],[21.056970432714984,44.22267993329337],[21.07564968341028,44.224144698229395],[21.089732067901835,44.220677811719675],[21.107933644097077,44.22459485709542],[21.11717054978155,44.21492790487189],[21.134300290882607,44.214246246028026],[21.13707212594834,44.2098018773534],[21.125001704066733,44.198414195617985],[21.143307331810213,44.19970261512514],[21.14659085874415,44.179685408846986],[21.12545817576999,44.16579238666459],[21.131254822032933,44.16418084511678],[21.138338280087744,44.16793631243804],[21.14389652645939,44.164884337459725],[21.13800053894256,44.154252178927294],[21.14260905839774,44.14160579161908],[21.177540604644697,44.14180671130762],[21.182179236320312,44.12335323171352],[21.15427854617527,44.1225505866368],[21.154511228663644,44.11622244279626],[21.142819850622164,44.11164250573763],[21.14270589530976,44.10569013602501],[21.133745808740034,44.0994143319369],[21.135898855424976,44.09681695805603],[21.12011841394917,44.09050997750168],[21.114627259476027,44.09317050898571],[21.081167732644783,44.07889792821401],[21.085430264362696,44.07027448465735],[21.095328802384103,44.069764149651306],[21.098717930641158,44.06285373822127],[21.110686768739285,44.06139414017901],[21.10659890619266,44.05519908278157],[21.114792487278564,44.04247957086107],[21.098025754916183,44.018840242028986],[21.096430798509306,44.010792974433976],[21.073184403478347,44.01726590714136],[21.06910795968722,44.014935079056144],[21.072660940557366,44.01132434681256],[21.063216562781545,44.011035744438274],[21.068475675905077,44.00596615476076],[21.061088222482155,44.00698877937648],[21.061545774902193,44.001633722162836],[21.056046211917216,44.005109246892694],[21.047513225931414,44.00299530520663],[21.052889549059945,43.987525809090506],[21.065769614941296,43.97885695336774],[21.07667319758594,43.96295027878327],[21.063801951632048,43.954149291475844],[21.05751465406557,43.95830332929791],[21.049652616938722,43.9568107638204],[21.055502040190806,43.95142850222662],[21.053300580423233,43.94250012924998],[21.05881636017479,43.93737090140222],[21.060506975051428,43.925870615198],[21.05687510317025,43.92347267493734],[21.041740504321343,43.92853452482836],[21.04263392274203,43.93124568486347],[21.020224486938467,43.92123913233067],[21.013624390857057,43.923033290486835],[21.015913417066166,43.917089432353784],[21.01132278669689,43.906818626455376],[21.017358624125375,43.902919490284695],[21.017221720315465,43.89534549198372],[21.032969508722342,43.890649142436814],[21.026278925630745,43.8865697211745],[21.02747883849481,43.87766576026372],[21.016059101850146,43.87919718738936],[21.00424909078853,43.862313380523034],[20.974117465844433,43.85537952959308],[20.958188628341496,43.8431699243331],[20.957969753563194,43.83276675953261],[20.952540810252145,43.82771438060113],[20.921150675798863,43.83186840960505],[20.906132180163343,43.85366511294127],[20.886994309858963,43.852617342854096],[20.87465718739294,43.85906493717685],[20.875205941838534,43.86426164933754],[20.870476183716274,43.86641321287487],[20.862871578767987,43.86093379953873],[20.85403354402976,43.8641614346121],[20.856666940790834,43.852323352742076],[20.82618116800005,43.857419899602014],[20.77365374523504,43.849954656232626],[20.774594898541068,43.84518550324996],[20.770540041055927,43.84242522123201],[20.788196110629148,43.826243658501355],[20.78459702006709,43.81646189724094],[20.78860030797322,43.8125373990632],[20.785325409420803,43.80782112471468],[20.780900634657094,43.81107594566148],[20.76076054180175,43.80138922708104],[20.72395148924518,43.79830503861732],[20.705721479474388,43.81078557533821],[20.70151880164626,43.817987310544574],[20.688790515056812,43.82412525939819],[20.69169366412037,43.82920268294409],[20.677335736624602,43.841405753343786],[20.679077254457866,43.855540160676256],[20.65752767039737,43.86266038842621],[20.639206332276512,43.88134885517443],[20.63249906271965,43.88222977261695],[20.633346388865235,43.88535523112199],[20.612569384561,43.900029403783],[20.610829937616792,43.90808280190406],[20.58947746078148,43.92825756727492],[20.57951184824825,43.92819633486234],[20.56822557544525,43.9372327106884],[20.55976141977404,43.9357079491542],[20.553415383593986,43.94372098942449],[20.557281267338603,43.947059448965405],[20.553616452660222,43.94762650392147],[20.553648292259602,43.95290148430336],[20.548148383240466,43.95231624070325],[20.546835820835632,43.96079238115731],[20.55091069680024,43.96387872217441],[20.54330150948777,43.97170467614904],[20.55215690999405,43.96846215673315],[20.55528892606844,43.977073540519974],[20.56065378661173,43.97728051911934],[20.57217355892337,43.98999962971143],[20.586208239430842,43.99585528732084],[20.592171608156235,44.00836867256028],[20.601414890264103,44.01175772998212],[20.60712153480886,44.02109290160837],[20.610324437187785,44.020687384729634],[20.608162429047823,44.022490476597156],[20.613734225898277,44.024316381144224],[20.609911804359164,44.02761428910177],[20.614317713751603,44.0308823400935],[20.609878122639078,44.032825615790394],[20.620309060841205,44.032150383845064],[20.626397144431674,44.02414670690389],[20.633700507712724,44.02323163744736],[20.639822443182965,44.02538970798975],[20.636737534247633,44.03298216297678],[20.653551944973074,44.03739997367413],[20.6392805961398,44.05881750055421],[20.626955065453636,44.06344601270066],[20.610871238493647,44.078319083572794],[20.595860541839077,44.08563936901369],[20.5814394353652,44.08656089451378],[20.551986770105195,44.10361179136981],[20.553947175674402,44.11417284327354],[20.54887334609918,44.13584106220595],[20.532911051952844,44.14887122486777],[20.53172462378858,44.156598241378575],[20.522477755516867,44.15900625753155],[20.513981357335805,44.16842168375719],[20.50342423057884,44.16889505320405],[20.492975925634838,44.17584330749865],[20.480345343422744,44.17224709838861],[20.475039269682522,44.18087059638],[20.477954207974435,44.19959724883538],[20.45765790126247,44.198637098406586],[20.458491373817896,44.202515923037225],[20.452057357832683,44.20642133184998],[20.450904329420368,44.21581438615072],[20.455319427498093,44.21826077013613],[20.45070373422991,44.225624102364954],[20.45561344136665,44.22624525793287],[20.452596842101055,44.23010877714679],[20.446916247906266,44.228791635654446],[20.45126585231275,44.23398290642406],[20.444107930473876,44.236341998048495],[20.452782374561032,44.23677613445176],[20.44844006404732,44.239711275202744],[20.451108665613017,44.24315864495382],[20.448726432176443,44.24337300212547],[20.448569807153646,44.24449080811717],[20.4519140158439,44.244971225338844],[20.447668892785813,44.24473901089461],[20.446734547520578,44.249394650674105],[20.45336334873272,44.2485013067015],[20.45560937044965,44.25010808026929],[20.45012082800652,44.255799503779414],[20.441269217086287,44.2550399324205],[20.438828610485178,44.261566612692356],[20.44136193710741,44.26338271010357],[20.427793944895583,44.27531120016886],[20.42719653494363,44.29106270835956],[20.433444174250877,44.29932900302167],[20.428785749221138,44.3041007035997],[20.430010965974432,44.320208767513726],[20.42203479983403,44.32199306186335],[20.4091303583106,44.312866081720266],[20.400447555170818,44.31261245290624],[20.416354049931865,44.34610373921188],[20.41479564612709,44.35048589618563],[20.41833616893516,44.34998861784536],[20.421082319143455,44.35792376139728],[20.437877485789716,44.375537224520656],[20.456087631242923,44.38074689774211],[20.442951753093002,44.38820531474303],[20.444820919149524,44.392151996130075],[20.431410692376055,44.394351615851356],[20.420803847609225,44.40100429026179],[20.4214348756272,44.41129244922752],[20.414704733690986,44.413729749368],[20.415236775990913,44.420391453523415],[20.4255342441148,44.426994541510304],[20.43652200315134,44.42627221744007],[20.45126794480486,44.44273354303128],[20.465985495522638,44.44234847416418]]]}}]}